OrderID,CustomerID,OrderDate,CustomerAge,Gender,City,Category,Product,Quantity,UnitPrice,Discount,PaymentMethod,OrderStatus,DeliveryDate,Rating,TotalAmount,TotalAmount_raw,DeliveryDays,OrderMonth,IsDelivered,HighRating
11020,C1271,2026-02-05 16:27:00,45.0,Male,Cairo,Home,Bedsheet,1,700,0.15,Cash,Delivered,2026-02-06 16:27:00,5.0,595.0,595.0,1.0,2026-02,1,1
17675,C0081,2026-02-24 20:00:00,33.0,Male,Aswan,Beauty,Hair Dryer,1,1300,0.15,Visa,Delivered,2026-03-03 20:00:00,4.0,1105.0,1105.0,7.0,2026-02,1,1
15620,C0872,2026-01-25 00:00:00,30.0,Male,Giza,Beauty,Perfume,2,1100,0.1,Wallet,Delivered,,,1980.0,1980.0,,2026-01,1,
18820,C0664,2026-06-01 09:29:00,30.0,Male,Alexandria,Electronics,Laptop,1,18000,0.1,Wallet,Delivered,2026-06-06 09:29:00,3.0,16200.0,16200.0,5.0,2026-06,1,0
10762,C0503,2026-03-01 13:53:00,27.0,Male,Cairo,Sports,Yoga Mat,1,600,0.1,Mastercard,Delivered,2026-03-08 13:53:00,4.0,540.0,540.0,7.0,2026-03,1,1
11895,C0757,2026-02-11 05:55:00,39.0,Male,Cairo,Home,Chair,3,2500,0.0,Visa,Cancelled,,,7500.0,8362.0,,2026-02,0,
12427,C0706,2026-06-17 19:14:00,70.0,Female,Giza,Sports,Tennis Racket,2,1600,0.1,Bank Transfer,Delivered,2026-06-18 19:14:00,1.0,2880.0,2880.0,1.0,2026-06,1,0
19513,C1283,2026-02-25 08:17:00,58.0,Male,Cairo,Beauty,Perfume,1,1100,0.0,Mastercard,Pending,,,1100.0,1100.0,,2026-02,0,
15477,C1702,2026-02-07 14:06:00,29.0,Male,Tanta,Sports,Tennis Racket,2,1600,0.15,Mastercard,Delivered,2026-02-12 14:06:00,4.0,2720.0,2720.0,5.0,2026-02,1,1
13859,C1213,2026-04-11 05:08:00,54.0,Male,Cairo,Fashion,Bag,1,750,0.2,Bank Transfer,Delivered,2026-04-13 05:08:00,4.0,600.0,600.0,2.0,2026-04,1,1
16358,C1639,2026-04-12 15:14:00,58.0,Female,Aswan,Electronics,Mouse,1,450,0.2,Cash,Pending,,,360.0,360.0,,2026-04,0,
11520,C0997,2026-03-08 03:03:00,28.0,Female,Alexandria,Sports,Tennis Racket,4,1600,0.15,Cash,Pending,,,5440.0,5440.0,,2026-03,0,
18355,C0434,2026-03-02 04:20:00,48.0,Male,Cairo,Fashion,Jeans,2,900,0.1,Cash,Delivered,2026-03-04 04:20:00,5.0,1620.0,1620.0,2.0,2026-03,1,1
14864,C1297,2026-03-02 17:50:00,34.0,Male,Mansoura,Sports,Running Shoes,1,1800,0.15,Wallet,Delivered,2026-03-08 17:50:00,5.0,1530.0,1530.0,6.0,2026-03,1,1
19992,C1278,2026-01-31 10:33:00,62.0,Male,Aswan,Beauty,Hair Dryer,1,1300,0.1,Bank Transfer,Delivered,2026-02-07 10:33:00,2.0,1170.0,1170.0,7.0,2026-01,1,0
15790,C0827,2026-02-16 03:01:00,31.0,Male,Giza,Beauty,Hair Dryer,2,1300,0.0,Wallet,Delivered,2026-02-18 03:01:00,3.0,2600.0,2600.0,2.0,2026-02,1,0
16409,C0210,2026-06-09 10:51:00,34.0,Male,Cairo,Electronics,Laptop,2,18000,0.1,Cash,Delivered,2026-06-13 10:51:00,5.0,32400.0,32400.0,4.0,2026-06,1,1
12457,C1464,2026-04-26 23:17:00,64.0,Female,Mansoura,Home,Chair,1,2500,0.0,Bank Transfer,Delivered,2026-04-29 23:17:00,5.0,2500.0,2500.0,3.0,2026-04,1,1
11353,C1402,2026-04-30 23:28:00,65.0,Female,Giza,Home,Bedsheet,1,700,0.05,Visa,Delivered,2026-05-02 23:28:00,4.0,665.0,665.0,2.0,2026-04,1,1
10570,C0921,2026-05-23 05:55:00,59.0,Female,Alexandria,Electronics,Smart Watch,1,2200,0.05,Visa,Cancelled,,,2090.0,2090.0,,2026-05,0,
12753,C0161,2026-04-03 02:04:00,31.0,Male,Alexandria,Fashion,Jeans,1,900,0.05,Bank Transfer,Delivered,2026-04-04 02:04:00,4.0,855.0,855.0,1.0,2026-04,1,1
13636,C1411,2026-01-09 19:57:00,35.0,Female,Cairo,Beauty,Hair Dryer,2,1300,0.0,Cash,Delivered,2026-01-13 19:57:00,4.0,2600.0,2600.0,4.0,2026-01,1,1
15912,C1410,2026-05-02 14:10:00,50.0,Male,Mansoura,Fashion,Jacket,2,1200,0.1,Visa,Cancelled,,,2160.0,2160.0,,2026-05,0,
11980,C1157,2026-06-21 03:50:00,45.0,Male,Mansoura,Fashion,T-Shirt,4,500,0.0,Visa,Cancelled,,,2000.0,2000.0,,2026-06,0,
18944,C1821,2026-06-11 00:00:00,29.0,Male,Tanta,Home,Chair,1,2500,0.0,Wallet,Delivered,2026-06-14 21:05:00,5.0,2500.0,2500.0,3.8784722222222223,2026-06,1,1
15814,C1640,2026-06-23 00:03:00,57.0,Male,Mansoura,Beauty,Perfume,3,1100,0.05,Wallet,Delivered,2026-06-25 00:03:00,5.0,3135.0,3135.0,2.0,2026-06,1,1
16565,C1659,2026-02-08 04:33:00,67.0,Male,Alexandria,Sports,Tennis Racket,1,1600,0.1,Bank Transfer,Delivered,2026-02-11 04:33:00,5.0,1440.0,1440.0,3.0,2026-02,1,1
17846,C1201,2026-01-18 13:19:00,59.0,Female,Cairo,Electronics,Headphones,4,850,0.05,Bank Transfer,Cancelled,,,3230.0,3230.0,,2026-01,0,
12894,C1245,2026-05-10 00:00:00,66.0,Male,Giza,Beauty,Face Cream,2,450,0.1,Wallet,Delivered,2026-05-14 20:15:00,3.0,810.0,810.0,4.84375,2026-05,1,0
16321,C1295,2026-05-05 17:43:00,63.0,Male,Cairo,Sports,Football,2,650,0.15,Cash,Delivered,2026-05-09 17:43:00,5.0,1105.0,1105.0,4.0,2026-05,1,1
14900,C0388,2026-01-03 23:13:00,69.0,Female,Alexandria,Sports,Football,2,650,0.1,Cash,Cancelled,,,1170.0,1170.0,,2026-01,0,
15071,C1852,2026-04-26 20:38:00,42.0,Male,Aswan,Beauty,Hair Dryer,1,1300,0.0,Mastercard,Cancelled,,,1300.0,1300.0,,2026-04,0,
19163,C0482,2026-02-13 16:49:00,25.0,Male,Mansoura,Sports,Dumbbells,1,1400,0.2,Wallet,Delivered,2026-02-17 16:49:00,4.0,1120.0,1120.0,4.0,2026-02,1,1
18495,C0579,2026-05-18 01:14:00,24.0,Male,Cairo,Home,Bedsheet,1,700,0.0,Bank Transfer,Delivered,2026-05-20 01:14:00,4.0,700.0,700.0,2.0,2026-05,1,1
17542,C1984,2026-03-29 08:20:00,29.0,Female,Mansoura,Fashion,Jeans,1,900,0.05,Mastercard,Pending,,,855.0,855.0,,2026-03,0,
15869,C1715,2026-02-16 18:05:00,21.0,Female,Alexandria,Sports,Tennis Racket,1,1600,0.05,Visa,Delivered,2026-02-21 18:05:00,1.0,1520.0,1520.0,5.0,2026-02,1,0
15927,C1114,2026-03-13 06:36:00,54.0,Male,Tanta,Beauty,Perfume,4,1100,0.1,Cash,Cancelled,,,3960.0,3960.0,,2026-03,0,
16943,C0999,2026-03-04 20:57:00,65.0,Female,Cairo,Beauty,Makeup Kit,1,900,0.0,Wallet,Delivered,2026-03-06 20:57:00,4.0,900.0,900.0,2.0,2026-03,1,1
11063,C1465,2026-06-28 12:23:00,28.0,Male,Cairo,Electronics,Laptop,2,18000,0.0,Wallet,Delivered,2026-07-03 12:23:00,2.0,36000.0,36000.0,5.0,2026-06,1,0
14514,C0301,2026-06-04 10:31:00,20.0,Female,Cairo,Electronics,Mouse,4,450,0.0,Wallet,Cancelled,,,1800.0,1800.0,,2026-06,0,
17596,C0715,2026-06-20 21:20:00,70.0,Female,Cairo,Sports,Yoga Mat,1,600,0.0,Wallet,Delivered,2026-06-27 21:20:00,4.0,600.0,600.0,7.0,2026-06,1,1
13127,C1978,2026-02-08 15:29:00,33.0,Male,Cairo,Beauty,Makeup Kit,2,900,0.05,Visa,Delivered,2026-02-12 15:29:00,1.0,1710.0,1710.0,4.0,2026-02,1,0
19508,C0754,2026-04-24 22:23:00,35.0,Male,Mansoura,Fashion,Jacket,1,1200,0.0,Visa,Pending,,,1200.0,1200.0,,2026-04,0,
17096,C1752,2026-04-01 06:13:00,52.0,Female,Alexandria,Sports,Yoga Mat,2,600,0.1,Cash,Delivered,2026-04-05 06:13:00,5.0,1080.0,1080.0,4.0,2026-04,1,1
16863,C0291,2026-05-14 21:29:00,32.0,Male,Cairo,Sports,Football,1,650,0.0,Cash,Delivered,2026-05-18 21:29:00,4.0,650.0,650.0,4.0,2026-05,1,1
10414,C1388,2026-04-19 19:08:00,56.0,Male,Giza,Beauty,Makeup Kit,3,900,0.0,Cash,Delivered,2026-04-20 19:08:00,4.0,2700.0,2700.0,1.0,2026-04,1,1
11128,C0295,2026-04-30 07:17:00,58.0,Male,Cairo,Home,Bedsheet,2,700,0.1,Visa,Delivered,2026-05-03 07:17:00,3.0,1260.0,1260.0,3.0,2026-04,1,0
14669,C0579,2026-04-02 00:00:00,36.0,Male,Cairo,Beauty,Shampoo,1,250,0.1,Bank Transfer,Delivered,2026-04-04 18:45:00,4.0,225.0,225.0,2.78125,2026-04,1,1
17843,C0193,2026-06-12 20:05:00,68.0,Male,Cairo,Sports,Football,1,650,0.0,Visa,Delivered,2026-06-18 20:05:00,3.0,650.0,650.0,6.0,2026-06,1,0
14211,C0066,2026-05-11 10:04:00,19.0,Male,Giza,Home,Chair,2,2500,0.1,Bank Transfer,Pending,,,4500.0,4500.0,,2026-05,0,
13992,C0918,2026-02-15 08:42:00,22.0,Male,Alexandria,Electronics,Keyboard,2,900,0.15,Mastercard,Delivered,2026-02-20 08:42:00,4.0,1530.0,1530.0,5.0,2026-02,1,1
13137,C1406,2026-05-13 03:58:00,33.0,Female,Giza,Sports,Dumbbells,3,1400,0.1,Bank Transfer,Delivered,2026-05-14 03:58:00,3.0,3780.0,3780.0,1.0,2026-05,1,0
11640,C0646,2026-02-10 06:24:00,51.0,Female,Alexandria,Fashion,Jeans,4,900,0.0,Cash,Delivered,2026-02-15 06:24:00,1.0,3600.0,3600.0,5.0,2026-02,1,0
10788,C1836,2026-05-13 22:28:00,47.0,Female,Giza,Electronics,Laptop,1,18000,0.0,Bank Transfer,Delivered,2026-05-19 22:28:00,4.0,18000.0,18000.0,6.0,2026-05,1,1
18205,C1499,2026-06-09 04:56:00,49.0,Female,Giza,Sports,Dumbbells,4,1400,0.0,Wallet,Delivered,2026-06-12 04:56:00,4.0,5600.0,5600.0,3.0,2026-06,1,1
16637,C0441,2026-04-09 22:43:00,21.0,Male,Cairo,Sports,Football,2,650,0.15,Mastercard,Delivered,2026-04-11 22:43:00,5.0,1105.0,1105.0,2.0,2026-04,1,1
12824,C1599,2026-03-27 21:44:00,55.0,Female,Mansoura,Fashion,Shoes,1,1500,0.05,Bank Transfer,Delivered,2026-04-01 21:44:00,5.0,1425.0,1425.0,5.0,2026-03,1,1
13323,C0088,2026-01-09 13:29:00,54.0,Female,Mansoura,Beauty,Shampoo,1,250,0.0,Mastercard,Delivered,2026-01-11 13:29:00,4.0,250.0,250.0,2.0,2026-01,1,1
15643,C1118,2026-05-22 08:08:00,66.0,Male,Cairo,Home,Coffee Maker,3,1800,0.05,Wallet,Delivered,2026-05-23 08:08:00,4.0,5130.0,5130.0,1.0,2026-05,1,1
19728,C1132,2026-03-03 13:29:00,63.0,Male,Alexandria,Electronics,Keyboard,1,900,0.0,Visa,Delivered,2026-03-08 13:29:00,2.0,900.0,900.0,5.0,2026-03,1,0
17986,C1322,2026-05-31 10:13:00,33.0,Female,Mansoura,Beauty,Shampoo,1,250,0.1,Wallet,Delivered,2026-06-02 10:13:00,4.0,225.0,225.0,2.0,2026-05,1,1
11025,C0832,2026-04-08 15:23:00,31.0,Male,Cairo,Electronics,Mouse,2,450,0.0,Wallet,Delivered,2026-04-13 15:23:00,4.0,900.0,900.0,5.0,2026-04,1,1
19112,C1075,2026-05-04 21:19:00,58.0,Female,Giza,Home,Bedsheet,2,700,0.1,Visa,Delivered,2026-05-05 21:19:00,4.0,1260.0,1260.0,1.0,2026-05,1,1
18615,C0400,2026-04-02 22:11:00,42.0,Male,Mansoura,Beauty,Hair Dryer,2,1300,0.15,Wallet,Delivered,2026-04-06 22:11:00,3.0,2210.0,2210.0,4.0,2026-04,1,0
10356,C0758,2026-05-30 05:07:00,25.0,Male,Cairo,Home,Chair,1,2500,0.15,Cash,Delivered,2026-06-03 05:07:00,4.0,2125.0,2125.0,4.0,2026-05,1,1
15601,C1108,2026-02-20 20:09:00,66.0,Female,Tanta,Beauty,Face Cream,1,450,0.0,Mastercard,Delivered,2026-02-23 20:09:00,3.0,450.0,450.0,3.0,2026-02,1,0
17007,C1409,2026-05-01 20:00:00,44.0,Female,Cairo,Home,Coffee Maker,1,1800,0.0,Mastercard,Delivered,2026-05-03 20:00:00,5.0,1800.0,1800.0,2.0,2026-05,1,1
12976,C1233,2026-04-09 15:15:00,19.0,Female,Cairo,Home,Bedsheet,1,700,0.0,Cash,Delivered,2026-04-13 15:15:00,2.0,700.0,700.0,4.0,2026-04,1,0
15457,C1634,2026-04-02 10:50:00,49.0,Male,Cairo,Fashion,Jeans,2,900,0.05,Mastercard,Pending,,,1710.0,1710.0,,2026-04,0,
14909,C0624,2026-04-08 05:07:00,38.0,Female,Cairo,Fashion,Jacket,1,1200,0.1,Mastercard,Pending,,,1080.0,1080.0,,2026-04,0,
18556,C1379,2026-01-12 16:18:00,27.0,Female,Mansoura,Beauty,Hair Dryer,4,1300,0.0,Bank Transfer,Delivered,2026-01-16 16:18:00,5.0,5200.0,5200.0,4.0,2026-01,1,1
16558,C0941,2026-05-03 12:59:00,68.0,Male,Alexandria,Electronics,Laptop,2,18000,0.2,Mastercard,Delivered,2026-05-06 12:59:00,5.0,28800.0,28800.0,3.0,2026-05,1,1
12741,C1203,2026-03-24 14:20:00,38.0,Male,Cairo,Home,Blender,1,1200,0.0,Cash,Delivered,2026-03-29 14:20:00,5.0,1200.0,1200.0,5.0,2026-03,1,1
15369,C1379,2026-04-17 15:52:00,26.0,Male,Mansoura,Fashion,Bag,3,750,0.0,Cash,Delivered,2026-04-22 15:52:00,5.0,2250.0,2250.0,5.0,2026-04,1,1
19236,C0240,2026-03-17 19:58:00,20.0,Female,Cairo,Electronics,Laptop,1,18000,0.0,Wallet,Delivered,2026-03-20 19:58:00,5.0,18000.0,18000.0,3.0,2026-03,1,1
12602,C1179,2026-05-20 16:36:00,51.0,Male,Mansoura,Fashion,Jacket,1,1200,0.1,Mastercard,Delivered,2026-05-26 16:36:00,4.0,1080.0,1080.0,6.0,2026-05,1,1
15892,C0009,2026-04-05 07:10:00,24.0,Female,Cairo,Sports,Football,4,650,0.15,Wallet,Delivered,2026-04-08 07:10:00,4.0,2210.0,2210.0,3.0,2026-04,1,1
11105,C1678,2026-03-22 20:50:00,65.0,Female,Cairo,Home,Bedsheet,1,700,0.1,Wallet,Delivered,2026-03-28 20:50:00,4.0,630.0,630.0,6.0,2026-03,1,1
18042,C0975,2026-03-28 00:00:00,19.0,Male,Tanta,Electronics,Laptop,3,18000,0.1,Visa,Delivered,2026-03-29 17:12:00,4.0,48600.0,48600.0,1.7166666666666666,2026-03,1,1
13773,C1103,2026-02-07 07:45:00,52.0,Male,Aswan,Fashion,Jeans,4,900,0.0,Cash,Delivered,2026-02-12 07:45:00,5.0,3600.0,3600.0,5.0,2026-02,1,1
12485,C0248,2026-04-15 01:50:00,39.0,Female,Cairo,Fashion,Bag,3,750,0.0,Bank Transfer,Delivered,2026-04-20 01:50:00,4.0,2250.0,2250.0,5.0,2026-04,1,1
18327,C1627,2026-03-20 23:04:00,44.0,Female,Cairo,Fashion,Jeans,1,900,0.15,Cash,Delivered,2026-03-23 23:04:00,4.0,765.0,765.0,3.0,2026-03,1,1
19980,C1498,2026-02-14 20:51:00,33.0,Female,Giza,Sports,Dumbbells,2,1400,0.1,Cash,Delivered,2026-02-17 20:51:00,4.0,2520.0,2520.0,3.0,2026-02,1,1
18700,C1381,2026-06-26 00:00:00,65.0,Male,Giza,Sports,Running Shoes,2,1800,0.0,Mastercard,Delivered,2026-06-30 03:41:00,4.0,3600.0,3600.0,4.153472222222222,2026-06,1,1
10320,C0758,2026-05-07 18:53:00,32.0,Male,Aswan,Fashion,T-Shirt,1,500,0.1,Visa,Delivered,2026-05-11 18:53:00,5.0,450.0,450.0,4.0,2026-05,1,1
12082,C1043,2026-04-11 20:07:00,24.0,Male,Alexandria,Beauty,Shampoo,1,250,0.15,Visa,Delivered,2026-04-14 20:07:00,4.0,212.5,212.5,3.0,2026-04,1,1
16904,C0195,2026-06-20 00:58:00,21.0,Female,Cairo,Fashion,Bag,1,750,0.1,Cash,Delivered,2026-06-25 00:58:00,4.0,675.0,675.0,5.0,2026-06,1,1
17191,C0014,2026-03-15 18:50:00,25.0,Male,Aswan,Electronics,Keyboard,3,900,0.1,Wallet,Delivered,2026-03-18 18:50:00,4.0,2430.0,2430.0,3.0,2026-03,1,1
13157,C1005,2026-03-10 03:56:00,25.0,Female,Cairo,Electronics,Laptop,1,18000,0.0,Wallet,Pending,,,18000.0,18000.0,,2026-03,0,
10886,C1250,2026-06-19 21:04:00,67.0,Male,Mansoura,Home,Bedsheet,4,700,0.1,Cash,Delivered,2026-06-23 21:04:00,5.0,2520.0,2520.0,4.0,2026-06,1,1
14125,C0423,2026-01-02 00:01:00,40.0,Male,Giza,Beauty,Hair Dryer,2,1300,0.05,Visa,Delivered,2026-01-06 00:01:00,3.0,2470.0,2470.0,4.0,2026-01,1,0
16900,C1278,2026-03-13 01:50:00,65.0,Male,Tanta,Fashion,Bag,2,750,0.05,Visa,Delivered,2026-03-17 01:50:00,5.0,1425.0,1425.0,4.0,2026-03,1,1
18818,C1492,2026-04-04 16:20:00,21.0,Male,Aswan,Electronics,Smart Watch,1,2200,0.05,Cash,Delivered,2026-04-08 16:20:00,3.0,2090.0,2090.0,4.0,2026-04,1,0
19247,C0979,2026-02-14 08:36:00,23.0,Male,Cairo,Beauty,Makeup Kit,1,900,0.15,Wallet,Delivered,2026-02-17 08:36:00,4.0,765.0,765.0,3.0,2026-02,1,1
11860,C0529,2026-03-27 04:24:00,23.0,Female,Cairo,Beauty,Face Cream,1,450,0.0,Bank Transfer,Pending,,,450.0,450.0,,2026-03,0,
10176,C1850,2026-01-21 10:54:00,51.0,Male,Tanta,Fashion,T-Shirt,1,500,0.1,Wallet,Delivered,2026-01-27 10:54:00,3.0,450.0,450.0,6.0,2026-01,1,0
11057,C0240,2026-03-14 00:00:00,34.0,Male,Cairo,Fashion,T-Shirt,4,500,0.05,Wallet,Delivered,2026-03-20 23:28:00,4.0,1900.0,1900.0,6.977777777777778,2026-03,1,1
11739,C0526,2026-01-24 18:03:00,69.0,Male,Tanta,Fashion,Jeans,1,900,0.1,Mastercard,Pending,,,810.0,810.0,,2026-01,0,
18253,C0880,2026-05-31 12:56:00,62.0,Female,Alexandria,Sports,Yoga Mat,1,600,0.0,Mastercard,Delivered,2026-06-04 12:56:00,3.0,600.0,600.0,4.0,2026-05,1,0
18507,C1152,2026-03-12 04:48:00,57.0,Female,Giza,Home,Bedsheet,1,700,0.0,Wallet,Delivered,2026-03-15 04:48:00,5.0,700.0,700.0,3.0,2026-03,1,1
19993,C0042,2026-03-05 06:55:00,18.0,Female,Alexandria,Home,Coffee Maker,1,1800,0.0,Visa,Delivered,2026-03-11 06:55:00,5.0,1800.0,1800.0,6.0,2026-03,1,1
17059,C0285,2026-05-24 00:07:00,21.0,Female,Alexandria,Beauty,Shampoo,1,250,0.05,Mastercard,Pending,,,237.5,237.5,,2026-05,0,
17883,C1918,2026-05-12 14:52:00,39.0,Female,Giza,Sports,Football,4,650,0.0,Mastercard,Delivered,2026-05-15 14:52:00,4.0,2600.0,2600.0,3.0,2026-05,1,1
14670,C0082,2026-02-10 12:03:00,30.0,Female,Mansoura,Sports,Dumbbells,1,1400,0.05,Visa,Delivered,2026-02-15 12:03:00,5.0,1330.0,1330.0,5.0,2026-02,1,1
19366,C1544,2026-01-05 07:29:00,25.0,Male,Alexandria,Beauty,Makeup Kit,2,900,0.1,Wallet,Delivered,2026-01-07 07:29:00,2.0,1620.0,1620.0,2.0,2026-01,1,0
15572,C1192,2026-05-29 14:02:00,34.0,Female,Alexandria,Fashion,T-Shirt,1,500,0.0,Mastercard,Delivered,2026-06-03 14:02:00,4.0,500.0,500.0,5.0,2026-05,1,1
16522,C1496,2026-04-08 19:36:00,41.0,Female,Aswan,Sports,Dumbbells,1,1400,0.1,Mastercard,Delivered,2026-04-11 19:36:00,3.0,1260.0,1260.0,3.0,2026-04,1,0
13808,C0149,2026-05-31 13:04:00,47.0,Male,Alexandria,Electronics,Laptop,1,18000,0.0,Bank Transfer,Delivered,2026-06-02 13:04:00,2.0,18000.0,18000.0,2.0,2026-05,1,0
14652,C0303,2026-01-12 12:17:00,19.0,Male,Cairo,Sports,Yoga Mat,1,600,0.1,Wallet,Delivered,2026-01-15 12:17:00,3.0,540.0,540.0,3.0,2026-01,1,0
15364,C0658,2026-03-05 14:24:00,28.0,Male,Cairo,Fashion,T-Shirt,2,500,0.2,Cash,Delivered,2026-03-08 14:24:00,5.0,800.0,800.0,3.0,2026-03,1,1
10059,C1720,2026-01-25 02:31:00,20.0,Female,Alexandria,Beauty,Shampoo,2,250,0.0,Cash,Cancelled,,,500.0,500.0,,2026-01,0,
14634,C1306,2026-06-22 14:08:00,41.0,Male,Giza,Fashion,Jeans,3,900,0.1,Bank Transfer,Delivered,2026-06-28 14:08:00,2.0,2430.0,2430.0,6.0,2026-06,1,0
13894,C0642,2026-01-29 15:28:00,53.0,Male,Aswan,Sports,Yoga Mat,1,600,0.0,Wallet,Delivered,2026-02-04 15:28:00,5.0,600.0,600.0,6.0,2026-01,1,1
12351,C1298,2026-04-03 14:19:00,61.0,Male,Giza,Electronics,Laptop,1,18000,0.1,Cash,Pending,,,16200.0,16200.0,,2026-04,0,
12176,C0838,2026-02-18 07:29:00,55.0,Male,Cairo,Beauty,Shampoo,1,250,0.1,Bank Transfer,Pending,,,225.0,675.0,,2026-02,0,
12058,C1848,2026-06-24 02:01:00,54.0,Male,Mansoura,Home,Lamp,2,300,0.0,Bank Transfer,Delivered,2026-06-28 02:01:00,3.0,600.0,600.0,4.0,2026-06,1,0
16697,C0485,2026-04-27 20:54:00,27.0,Male,Giza,Home,Bedsheet,1,700,0.1,Cash,Pending,,,630.0,630.0,,2026-04,0,
15213,C0844,2026-04-14 05:17:00,24.0,Female,Alexandria,Fashion,Jeans,2,900,0.0,Wallet,Delivered,2026-04-19 05:17:00,4.0,1800.0,1800.0,5.0,2026-04,1,1
19057,C0993,2026-05-10 17:48:00,33.0,Male,Cairo,Electronics,Keyboard,1,900,0.1,Bank Transfer,Cancelled,,,810.0,810.0,,2026-05,0,
11334,C0772,2026-03-30 16:11:00,23.0,Male,Mansoura,Home,Bedsheet,1,700,0.0,Visa,Delivered,2026-03-31 16:11:00,3.0,700.0,700.0,1.0,2026-03,1,0
10670,C1565,2026-05-07 17:09:00,59.0,Female,Cairo,Fashion,Shoes,2,1500,0.05,Wallet,Delivered,2026-05-10 17:09:00,5.0,2850.0,2850.0,3.0,2026-05,1,1
10766,C0420,2026-03-17 08:35:00,58.0,Female,Giza,Electronics,Headphones,1,850,0.1,Visa,Pending,,,765.0,765.0,,2026-03,0,
18376,C0830,2026-01-18 18:26:00,28.0,Female,Cairo,Home,Blender,1,1200,0.2,Wallet,Cancelled,,,960.0,960.0,,2026-01,0,
10524,C0262,2026-02-26 00:06:00,44.0,Female,Aswan,Beauty,Perfume,3,1100,0.05,Wallet,Delivered,2026-03-04 00:06:00,4.0,3135.0,3135.0,6.0,2026-02,1,1
11679,C1772,2026-03-01 23:27:00,39.0,Male,Alexandria,Beauty,Makeup Kit,1,900,0.0,Mastercard,Pending,,,900.0,900.0,,2026-03,0,
11373,C0112,2026-01-17 05:08:00,27.0,Male,Alexandria,Beauty,Face Cream,3,450,0.0,Wallet,Delivered,2026-01-21 05:08:00,4.0,1350.0,1350.0,4.0,2026-01,1,1
14059,C0800,2026-03-20 18:12:00,35.0,Male,Alexandria,Home,Lamp,4,300,0.1,Wallet,Delivered,2026-03-27 18:12:00,2.0,1080.0,1080.0,7.0,2026-03,1,0
19468,C1139,2026-01-14 10:27:00,69.0,Male,Cairo,Beauty,Makeup Kit,2,900,0.15,Cash,Delivered,2026-01-21 10:27:00,3.0,1530.0,1530.0,7.0,2026-01,1,0
17648,C1557,2026-03-20 08:40:00,27.0,Female,Mansoura,Electronics,Laptop,2,18000,0.0,Cash,Delivered,2026-03-23 08:40:00,3.0,36000.0,30600.0,3.0,2026-03,1,0
10125,C1390,2026-04-05 05:31:00,28.0,Female,Alexandria,Fashion,Jacket,1,1200,0.0,Cash,Delivered,2026-04-07 05:31:00,5.0,1200.0,1200.0,2.0,2026-04,1,1
19478,C1014,2026-05-10 06:16:00,50.0,Male,Cairo,Electronics,Headphones,1,850,0.0,Bank Transfer,Delivered,2026-05-13 06:16:00,1.0,850.0,850.0,3.0,2026-05,1,0
17554,C1606,2026-06-26 11:31:00,51.0,Female,Aswan,Sports,Running Shoes,4,1800,0.05,Visa,Cancelled,,,6840.0,6840.0,,2026-06,0,
19870,C1499,2026-05-17 03:04:00,54.0,Male,Giza,Electronics,Mouse,1,450,0.1,Bank Transfer,Pending,,,405.0,405.0,,2026-05,0,
15431,C1395,2026-06-10 00:56:00,69.0,Male,Cairo,Sports,Running Shoes,2,1800,0.2,Visa,Delivered,2026-06-14 00:56:00,4.0,2880.0,2880.0,4.0,2026-06,1,1
13042,C1979,2026-05-15 20:56:00,28.0,Male,Aswan,Home,Chair,1,2500,0.1,Cash,Cancelled,,,2250.0,2250.0,,2026-05,0,
10851,C0462,2026-03-13 05:11:00,43.0,Female,Giza,Home,Chair,2,2500,0.0,Wallet,Delivered,2026-03-16 05:11:00,5.0,5000.0,5000.0,3.0,2026-03,1,1
10508,C1175,2026-06-17 08:31:00,32.0,Female,Giza,Home,Lamp,1,300,0.1,Visa,Delivered,2026-06-20 08:31:00,3.0,270.0,270.0,3.0,2026-06,1,0
11081,C1074,2026-06-21 13:14:00,33.0,Male,Alexandria,Beauty,Shampoo,4,250,0.0,Bank Transfer,Delivered,2026-06-23 13:14:00,5.0,1000.0,1000.0,2.0,2026-06,1,1
10100,C1110,2026-05-15 13:14:00,70.0,Female,Cairo,Beauty,Perfume,1,1100,0.05,Bank Transfer,Delivered,2026-05-20 13:14:00,5.0,1045.0,1045.0,5.0,2026-05,1,1
18997,C1811,2026-03-27 11:02:00,70.0,Female,Mansoura,Sports,Yoga Mat,3,600,0.0,Mastercard,Delivered,2026-04-01 11:02:00,4.0,1800.0,1800.0,5.0,2026-03,1,1
19509,C1471,2026-01-20 12:34:00,34.0,Female,Cairo,Beauty,Perfume,1,1100,0.0,Visa,Delivered,2026-01-22 12:34:00,4.0,1100.0,1045.0,2.0,2026-01,1,1
14213,C1182,2026-02-17 02:45:00,70.0,Female,Alexandria,Beauty,Perfume,1,1100,0.0,Bank Transfer,Pending,,,1100.0,1100.0,,2026-02,0,
12792,C0141,2026-01-18 11:07:00,40.0,Male,Giza,Home,Bedsheet,1,700,0.15,Mastercard,Delivered,2026-01-22 11:07:00,5.0,595.0,595.0,4.0,2026-01,1,1
19950,C1085,2026-05-09 17:18:00,42.0,Male,Cairo,Fashion,Jeans,1,900,0.1,Visa,Cancelled,,,810.0,810.0,,2026-05,0,
14113,C1414,2026-03-09 03:29:00,30.0,Female,Cairo,Fashion,T-Shirt,1,500,0.15,Visa,Delivered,2026-03-10 03:29:00,4.0,425.0,425.0,1.0,2026-03,1,1
11211,C0484,2026-01-16 13:15:00,42.0,Female,Cairo,Sports,Dumbbells,3,1400,0.0,Visa,Delivered,2026-01-21 13:15:00,5.0,4200.0,4200.0,5.0,2026-01,1,1
12068,C1791,2026-05-25 18:37:00,26.0,Female,Alexandria,Electronics,Laptop,2,18000,0.0,Wallet,Delivered,2026-05-26 18:37:00,4.0,36000.0,36000.0,1.0,2026-05,1,1
12251,C0984,2026-06-16 23:14:00,66.0,Female,Aswan,Electronics,Smart Watch,3,2200,0.05,Bank Transfer,Delivered,2026-06-20 23:14:00,4.0,6270.0,6270.0,4.0,2026-06,1,1
15589,C0604,2026-05-02 00:00:00,24.0,Female,Giza,Fashion,Jacket,3,1200,0.0,Visa,Pending,,,3600.0,3600.0,,2026-05,0,
14628,C1589,2026-03-26 15:55:00,43.0,Female,Mansoura,Sports,Yoga Mat,1,600,0.0,Visa,Pending,,,600.0,600.0,,2026-03,0,
10211,C1406,2026-05-13 02:27:00,46.0,Female,Mansoura,Beauty,Shampoo,3,250,0.1,Wallet,Pending,,,675.0,675.0,,2026-05,0,
11987,C1491,2026-01-16 21:13:00,69.0,Male,Cairo,Sports,Running Shoes,1,1800,0.0,Visa,Cancelled,,,1800.0,1800.0,,2026-01,0,
11323,C1041,2026-05-21 19:59:00,65.0,Male,Alexandria,Sports,Football,1,650,0.0,Visa,Pending,,,650.0,650.0,,2026-05,0,
15187,C1826,2026-04-18 19:11:00,40.0,Male,Cairo,Electronics,Mouse,1,450,0.0,Cash,Delivered,2026-04-21 19:11:00,4.0,450.0,450.0,3.0,2026-04,1,1
14322,C1754,2026-04-28 06:23:00,33.0,Male,Cairo,Beauty,Shampoo,1,250,0.05,Visa,Delivered,2026-05-03 06:23:00,4.0,237.5,237.5,5.0,2026-04,1,1
17813,C1051,2026-02-19 04:53:00,37.0,Female,Mansoura,Sports,Dumbbells,1,1400,0.0,Wallet,Pending,,,1400.0,1400.0,,2026-02,0,
11320,C1695,2026-01-15 19:04:00,24.0,Male,Tanta,Beauty,Shampoo,1,250,0.05,Bank Transfer,Delivered,2026-01-18 19:04:00,4.0,237.5,237.5,3.0,2026-01,1,1
11169,C1136,2026-02-21 05:26:00,53.0,Male,Mansoura,Sports,Football,2,650,0.0,Mastercard,Delivered,2026-02-23 05:26:00,5.0,1300.0,1300.0,2.0,2026-02,1,1
15865,C0120,2026-02-06 22:21:00,37.0,Male,Cairo,Sports,Tennis Racket,4,1600,0.05,Mastercard,Delivered,2026-02-10 22:21:00,5.0,6080.0,6080.0,4.0,2026-02,1,1
19895,C0622,2026-05-13 19:58:00,36.0,Female,Cairo,Fashion,T-Shirt,1,500,0.2,Bank Transfer,Delivered,2026-05-16 19:58:00,,400.0,400.0,3.0,2026-05,1,
16987,C0086,2026-02-22 03:09:00,49.0,Female,Alexandria,Beauty,Hair Dryer,1,1300,0.1,Wallet,Cancelled,,,1170.0,1170.0,,2026-02,0,
13973,C1446,2026-02-16 19:11:00,28.0,Female,Mansoura,Beauty,Face Cream,4,450,0.1,Mastercard,Delivered,2026-02-19 19:11:00,5.0,1620.0,1620.0,3.0,2026-02,1,1
17042,C0115,2026-03-14 18:16:00,46.0,Female,Mansoura,Beauty,Face Cream,3,450,0.05,Cash,Delivered,2026-03-18 18:16:00,4.0,1282.5,1282.5,4.0,2026-03,1,1
15242,C0422,2026-02-18 10:58:00,36.0,Female,Cairo,Electronics,Keyboard,1,900,0.1,Wallet,Delivered,2026-02-22 10:58:00,4.0,810.0,810.0,4.0,2026-02,1,1
18102,C0863,2026-04-30 06:08:00,70.0,Male,Cairo,Beauty,Face Cream,2,450,0.0,Bank Transfer,Delivered,2026-05-04 06:08:00,5.0,900.0,900.0,4.0,2026-04,1,1
12456,C1547,2026-01-22 16:22:00,29.0,Female,Cairo,Sports,Football,1,650,0.1,Mastercard,Delivered,2026-01-24 16:22:00,2.0,585.0,585.0,2.0,2026-01,1,0
13999,C1480,2026-02-24 04:41:00,69.0,Female,Cairo,Electronics,Headphones,1,850,0.0,Visa,Delivered,2026-02-26 04:41:00,4.0,850.0,850.0,2.0,2026-02,1,1
19887,C1018,2026-05-22 17:26:00,48.0,Female,Alexandria,Home,Lamp,1,300,0.05,Mastercard,Delivered,2026-05-27 17:26:00,5.0,285.0,285.0,5.0,2026-05,1,1
18678,C0118,2026-03-09 07:06:00,53.0,Female,Mansoura,Beauty,Perfume,2,1100,0.0,Mastercard,Delivered,2026-03-16 07:06:00,2.0,2200.0,2200.0,7.0,2026-03,1,0
14945,C1650,2026-04-04 02:03:00,38.0,Female,Cairo,Fashion,Shoes,2,1500,0.05,Wallet,Delivered,2026-04-10 02:03:00,4.0,2850.0,2850.0,6.0,2026-04,1,1
13988,C0339,2026-03-20 23:43:00,70.0,Female,Cairo,Electronics,Mouse,1,450,0.05,Wallet,Delivered,2026-03-26 23:43:00,4.0,427.5,427.5,6.0,2026-03,1,1
19582,C0519,2026-01-04 01:38:00,39.0,Female,Giza,Fashion,Jeans,1,900,0.15,Wallet,Pending,,,765.0,765.0,,2026-01,0,
18518,C1764,2026-01-08 21:20:00,47.0,Female,Giza,Beauty,Perfume,3,1100,0.1,Mastercard,Delivered,2026-01-11 21:20:00,5.0,2970.0,2970.0,3.0,2026-01,1,1
14465,C1158,2026-03-08 00:00:00,52.0,Male,Mansoura,Sports,Yoga Mat,2,600,0.15,Mastercard,Pending,,,1020.0,1020.0,,2026-03,0,
14745,C1880,2026-05-18 01:32:00,54.0,Female,Cairo,Sports,Yoga Mat,2,600,0.2,Wallet,Delivered,2026-05-22 01:32:00,4.0,960.0,960.0,4.0,2026-05,1,1
18306,C0366,2026-02-05 15:38:00,18.0,Male,Giza,Electronics,Smart Watch,3,2200,0.15,Mastercard,Delivered,2026-02-08 15:38:00,5.0,5610.0,3740.0,3.0,2026-02,1,1
10510,C1687,2026-03-26 15:44:00,62.0,Female,Aswan,Fashion,T-Shirt,2,500,0.0,Bank Transfer,Pending,,,1000.0,1000.0,,2026-03,0,
10534,C0194,2026-05-30 22:47:00,37.0,Female,Cairo,Electronics,Smart Watch,4,2200,0.05,Visa,Delivered,2026-05-31 22:47:00,5.0,8360.0,8360.0,1.0,2026-05,1,1
19474,C0640,2026-02-21 09:56:00,40.0,Female,Cairo,Home,Lamp,3,300,0.0,Bank Transfer,Cancelled,,,900.0,900.0,,2026-02,0,
15190,C0190,2026-03-07 07:03:00,67.0,Female,Cairo,Beauty,Face Cream,1,450,0.0,Mastercard,Delivered,2026-03-10 07:03:00,5.0,450.0,450.0,3.0,2026-03,1,1
15339,C1097,2026-05-30 04:43:00,58.0,Male,Cairo,Beauty,Face Cream,2,450,0.15,Visa,Delivered,2026-06-04 04:43:00,4.0,765.0,765.0,5.0,2026-05,1,1
11184,C0395,2026-05-25 11:01:00,23.0,Female,Tanta,Sports,Football,1,650,0.1,Wallet,Delivered,2026-05-28 11:01:00,,585.0,585.0,3.0,2026-05,1,
19505,C1237,2026-02-09 06:14:00,25.0,Female,Giza,Home,Blender,4,1200,0.0,Cash,Delivered,2026-02-16 06:14:00,4.0,4800.0,4800.0,7.0,2026-02,1,1
14333,C1237,2026-05-06 11:44:00,48.0,Female,Mansoura,Home,Lamp,1,300,0.05,Wallet,Pending,,,285.0,285.0,,2026-05,0,
10989,C1378,2026-02-04 01:52:00,39.0,Female,Alexandria,Beauty,Makeup Kit,2,900,0.1,Wallet,Delivered,2026-02-10 01:52:00,4.0,1620.0,1620.0,6.0,2026-02,1,1
15144,C0463,2026-04-26 20:49:00,68.0,Male,Alexandria,Sports,Yoga Mat,2,600,0.15,Wallet,Delivered,2026-04-30 20:49:00,3.0,1020.0,1020.0,4.0,2026-04,1,0
14202,C1337,2026-02-04 23:21:00,24.0,Female,Alexandria,Fashion,Shoes,1,1500,0.15,Bank Transfer,Delivered,2026-02-10 23:21:00,4.0,1275.0,1275.0,6.0,2026-02,1,1
11432,C1167,2026-04-06 20:16:00,51.0,Male,Cairo,Beauty,Hair Dryer,4,1300,0.0,Cash,Pending,,,5200.0,5200.0,,2026-04,0,
18662,C0978,,45.0,Female,Cairo,Sports,Tennis Racket,2,1600,0.15,Wallet,Delivered,2026-03-25 22:35:00,5.0,2720.0,2720.0,,,1,1
16296,C1868,2026-06-26 07:19:00,52.0,Male,Alexandria,Electronics,Headphones,1,850,0.05,Visa,Delivered,2026-06-28 07:19:00,1.0,807.5,807.5,2.0,2026-06,1,0
16591,C1336,2026-02-08 06:37:00,20.0,Male,Cairo,Home,Lamp,3,300,0.05,Wallet,Delivered,2026-02-12 06:37:00,5.0,855.0,855.0,4.0,2026-02,1,1
14686,C0590,2026-05-04 08:31:00,55.0,Female,Aswan,Fashion,Jeans,4,900,0.0,Bank Transfer,Delivered,2026-05-06 08:31:00,3.0,3600.0,3600.0,2.0,2026-05,1,0
16775,C1071,2026-01-19 23:10:00,39.0,Female,Giza,Fashion,T-Shirt,1,500,0.1,Cash,Cancelled,,,450.0,450.0,,2026-01,0,
14847,C1119,2026-04-28 01:09:00,54.0,Male,Cairo,Home,Lamp,4,300,0.1,Bank Transfer,Delivered,2026-05-02 01:09:00,5.0,1080.0,1080.0,4.0,2026-04,1,1
16821,C1793,2026-06-16 04:29:00,24.0,Male,Tanta,Fashion,Shoes,4,1500,0.0,Cash,Pending,,,6000.0,6000.0,,2026-06,0,
10193,C1849,2026-04-28 12:32:00,34.0,Male,Alexandria,Beauty,Perfume,4,1100,0.0,Wallet,Delivered,2026-05-02 12:32:00,4.0,4400.0,4400.0,4.0,2026-04,1,1
17435,C1870,2026-03-09 13:10:00,61.0,Female,Cairo,Electronics,Smart Watch,2,2200,0.15,Mastercard,Delivered,2026-03-12 13:10:00,4.0,3740.0,3740.0,3.0,2026-03,1,1
15329,C1331,2026-04-19 18:18:00,70.0,Male,Cairo,Beauty,Perfume,1,1100,0.0,Cash,Delivered,2026-04-21 18:18:00,4.0,1100.0,1100.0,2.0,2026-04,1,1
13862,C0778,2026-03-11 14:46:00,44.0,Male,Aswan,Electronics,Smart Watch,3,2200,0.1,Mastercard,Delivered,2026-03-12 14:46:00,5.0,5940.0,5940.0,1.0,2026-03,1,1
15807,C1700,2026-02-04 09:51:00,42.0,Female,Tanta,Home,Lamp,1,300,0.05,Bank Transfer,Pending,,,285.0,285.0,,2026-02,0,
12151,C1578,2026-04-03 03:24:00,53.0,Male,Mansoura,Home,Coffee Maker,2,1800,0.05,Bank Transfer,Delivered,2026-04-06 03:24:00,2.0,3420.0,3420.0,3.0,2026-04,1,0
19394,C0803,2026-02-07 14:39:00,62.0,Female,Alexandria,Electronics,Mouse,4,450,0.1,Visa,Delivered,2026-02-13 14:39:00,5.0,1620.0,1620.0,6.0,2026-02,1,1
11777,C1475,2026-06-09 16:41:00,22.0,Female,Giza,Fashion,Shoes,1,1500,0.0,Visa,Cancelled,,,1500.0,1500.0,,2026-06,0,
19053,C0623,2026-06-10 09:02:00,19.0,Female,Cairo,Sports,Yoga Mat,1,600,0.05,Wallet,Cancelled,,,570.0,570.0,,2026-06,0,
12974,C1997,2026-01-20 03:36:00,62.0,Female,Cairo,Beauty,Hair Dryer,1,1300,0.1,Visa,Pending,,,1170.0,1170.0,,2026-01,0,
17480,C1712,2026-04-06 23:01:00,59.0,Female,Tanta,Electronics,Headphones,1,850,0.05,Wallet,Delivered,2026-04-08 23:01:00,4.0,807.5,807.5,2.0,2026-04,1,1
13345,C0283,2026-04-13 17:27:00,35.0,Male,Cairo,Home,Blender,4,1200,0.2,Visa,Pending,,,3840.0,3840.0,,2026-04,0,
17588,C1175,,58.0,Male,Tanta,Sports,Tennis Racket,4,1600,0.0,Cash,Delivered,2026-02-14 23:01:00,4.0,6400.0,6400.0,,,1,1
13070,C1047,2026-02-11 15:49:00,21.0,Male,Cairo,Beauty,Hair Dryer,3,1300,0.0,Wallet,Delivered,2026-02-16 15:49:00,2.0,3900.0,3900.0,5.0,2026-02,1,0
11715,C1138,2026-03-29 09:43:00,69.0,Female,Cairo,Beauty,Perfume,2,1100,0.0,Bank Transfer,Delivered,2026-03-31 09:43:00,1.0,2200.0,2200.0,2.0,2026-03,1,0
17839,C1133,2026-03-18 01:35:00,70.0,Male,Cairo,Home,Bedsheet,4,700,0.0,Bank Transfer,Delivered,2026-03-22 01:35:00,4.0,2800.0,2800.0,4.0,2026-03,1,1
15055,C1454,2026-06-17 08:17:00,62.0,Female,Alexandria,Electronics,Keyboard,2,900,0.0,Cash,Pending,,,1800.0,1800.0,,2026-06,0,
11202,C0758,2026-01-27 07:08:00,45.0,Female,Giza,Home,Bedsheet,1,700,0.15,Mastercard,Delivered,2026-01-31 07:08:00,4.0,595.0,595.0,4.0,2026-01,1,1
13823,C0727,2026-06-04 22:47:00,51.0,Female,Cairo,Beauty,Shampoo,1,250,0.0,Visa,Delivered,2026-06-05 22:47:00,3.0,250.0,250.0,1.0,2026-06,1,0
18784,C0434,2026-02-12 08:40:00,64.0,Female,Cairo,Electronics,Headphones,1,850,0.0,Wallet,Delivered,2026-02-16 08:40:00,4.0,850.0,850.0,4.0,2026-02,1,1
15164,C1545,2026-05-01 05:35:00,58.0,Female,Aswan,Beauty,Shampoo,1,250,0.05,Wallet,Cancelled,,,237.5,237.5,,2026-05,0,
17069,C0734,2026-05-19 16:20:00,21.0,Female,Giza,Fashion,Jacket,1,1200,0.05,Cash,Pending,,,1140.0,1140.0,,2026-05,0,
12385,C0364,2026-05-02 08:31:00,20.0,Male,Cairo,Electronics,Mouse,1,450,0.05,Cash,Delivered,2026-05-05 08:31:00,4.0,427.5,427.5,3.0,2026-05,1,1
13665,C0264,2026-02-14 07:33:00,57.0,Female,Cairo,Electronics,Mouse,2,450,0.1,Visa,Delivered,2026-02-17 07:33:00,4.0,810.0,810.0,3.0,2026-02,1,1
18209,C0953,2026-03-11 01:16:00,24.0,Female,Cairo,Home,Coffee Maker,1,1800,0.2,Wallet,Delivered,2026-03-14 01:16:00,3.0,1440.0,1440.0,3.0,2026-03,1,0
17580,C0932,2026-05-02 16:17:00,66.0,Male,Alexandria,Beauty,Hair Dryer,1,1300,0.0,Wallet,Cancelled,,,1300.0,1300.0,,2026-05,0,
19095,C0032,2026-06-25 22:06:00,50.0,Female,Alexandria,Home,Chair,2,2500,0.0,Bank Transfer,Delivered,2026-06-28 22:06:00,5.0,5000.0,5000.0,3.0,2026-06,1,1
17286,C0064,2026-04-25 23:29:00,58.0,Male,Mansoura,Sports,Tennis Racket,1,1600,0.1,Wallet,Delivered,2026-04-27 23:29:00,3.0,1440.0,1440.0,2.0,2026-04,1,0
12890,C0798,2026-01-01 21:03:00,40.0,Female,Giza,Electronics,Headphones,2,850,0.15,Mastercard,Delivered,2026-01-03 21:03:00,2.0,1445.0,1445.0,2.0,2026-01,1,0
17530,C0072,2026-02-05 23:11:00,22.0,Female,Cairo,Home,Coffee Maker,1,1800,0.0,Visa,Delivered,2026-02-08 23:11:00,2.0,1800.0,1800.0,3.0,2026-02,1,0
12006,C1592,2026-06-22 03:46:00,29.0,Female,Cairo,Fashion,Bag,3,750,0.1,Mastercard,Delivered,2026-06-24 03:46:00,4.0,2025.0,2025.0,2.0,2026-06,1,1
16681,C0723,2026-02-18 11:11:00,62.0,Male,Mansoura,Home,Blender,2,1200,0.0,Cash,Cancelled,,,2400.0,2400.0,,2026-02,0,
12700,C0070,2026-03-16 22:08:00,47.0,Male,Giza,Fashion,Jeans,4,900,0.0,Visa,Delivered,2026-03-19 22:08:00,3.0,3600.0,3600.0,3.0,2026-03,1,0
15158,C0718,2026-03-01 19:12:00,26.0,Male,Cairo,Fashion,T-Shirt,1,500,0.1,Wallet,Delivered,2026-03-06 19:12:00,5.0,450.0,450.0,5.0,2026-03,1,1
17585,C1162,2026-02-19 06:37:00,65.0,Female,Cairo,Home,Bedsheet,1,700,0.0,Wallet,Delivered,2026-02-22 06:37:00,3.0,700.0,700.0,3.0,2026-02,1,0
12388,C0362,2026-04-28 10:19:00,34.0,Female,Giza,Fashion,Bag,1,750,0.05,Bank Transfer,Delivered,2026-05-02 10:19:00,2.0,712.5,712.5,4.0,2026-04,1,0
16179,C0991,2026-05-20 01:27:00,22.0,Male,Mansoura,Home,Lamp,1,300,0.05,Bank Transfer,Delivered,2026-05-24 01:27:00,5.0,285.0,285.0,4.0,2026-05,1,1
18836,C1620,2026-01-28 00:54:00,32.0,Female,Alexandria,Beauty,Perfume,1,1100,0.2,Mastercard,Delivered,2026-02-01 00:54:00,5.0,880.0,880.0,4.0,2026-01,1,1
11552,C1826,2026-03-17 23:05:00,59.0,Female,Alexandria,Beauty,Perfume,1,1100,0.1,Visa,Delivered,2026-03-21 23:05:00,2.0,990.0,990.0,4.0,2026-03,1,0
16884,C1089,2026-02-01 11:51:00,27.0,Male,Giza,Home,Bedsheet,1,700,0.0,Mastercard,Delivered,2026-02-06 11:51:00,3.0,700.0,700.0,5.0,2026-02,1,0
19465,C0864,2026-04-03 18:08:00,49.0,Female,Cairo,Home,Chair,4,2500,0.1,Bank Transfer,Cancelled,,,9000.0,9000.0,,2026-04,0,
13978,C1431,2026-01-19 00:00:00,65.0,Female,Alexandria,Fashion,T-Shirt,2,500,0.0,Cash,Pending,,,1000.0,1000.0,,2026-01,0,
15379,C0050,2026-05-10 05:10:00,43.0,Male,Mansoura,Home,Coffee Maker,1,1800,0.1,Cash,Delivered,2026-05-12 05:10:00,2.0,1620.0,1620.0,2.0,2026-05,1,0
15852,C1718,2026-01-02 22:08:00,25.0,Female,Giza,Fashion,Bag,1,750,0.15,Bank Transfer,Delivered,2026-01-06 22:08:00,5.0,637.5,637.5,4.0,2026-01,1,1
16857,C1705,2026-06-24 16:22:00,57.0,Female,Giza,Fashion,Jacket,2,1200,0.1,Cash,Pending,,,2160.0,2160.0,,2026-06,0,
16692,C0806,2026-01-20 03:50:00,66.0,Male,Cairo,Electronics,Headphones,1,850,0.0,Visa,Delivered,2026-01-23 03:50:00,4.0,850.0,850.0,3.0,2026-01,1,1
15345,C0061,2026-04-21 01:16:00,24.0,Male,Tanta,Beauty,Face Cream,1,450,0.15,Cash,Delivered,2026-04-23 01:16:00,2.0,382.5,382.5,2.0,2026-04,1,0
16523,C1154,2026-04-15 17:49:00,39.0,Female,Giza,Beauty,Shampoo,2,250,0.1,Mastercard,Delivered,2026-04-21 17:49:00,3.0,450.0,450.0,6.0,2026-04,1,0
19248,C0105,2026-06-08 05:34:00,68.0,Female,Cairo,Electronics,Headphones,2,850,0.1,Wallet,Cancelled,,,1530.0,1530.0,,2026-06,0,
16339,C0057,2026-06-19 11:17:00,35.0,Male,Cairo,Electronics,Mouse,4,450,0.2,Bank Transfer,Delivered,2026-06-22 11:17:00,5.0,1440.0,1440.0,3.0,2026-06,1,1
18976,C0193,2026-06-05 12:07:00,68.0,Female,Alexandria,Beauty,Makeup Kit,3,900,0.1,Bank Transfer,Pending,,,2430.0,2430.0,,2026-06,0,
12548,C0597,2026-06-07 09:02:00,30.0,Male,Cairo,Home,Blender,3,1200,0.05,Wallet,Delivered,2026-06-09 09:02:00,3.0,3420.0,3420.0,2.0,2026-06,1,0
15845,C1836,2026-03-28 10:21:00,21.0,Male,Cairo,Beauty,Shampoo,2,250,0.2,Visa,Delivered,2026-04-01 10:21:00,4.0,400.0,400.0,4.0,2026-03,1,1
11084,C0911,2026-03-16 19:27:00,42.0,Female,Aswan,Electronics,Headphones,1,850,0.0,Mastercard,Delivered,2026-03-21 19:27:00,4.0,850.0,850.0,5.0,2026-03,1,1
16061,C1922,2026-06-09 01:57:00,39.0,Female,Tanta,Electronics,Smart Watch,1,2200,0.15,Wallet,Pending,,,1870.0,1870.0,,2026-06,0,
11050,C0443,2026-01-30 19:35:00,19.0,Male,Giza,Home,Blender,1,1200,0.0,Visa,Pending,,,1200.0,1200.0,,2026-01,0,
11388,C0254,2026-05-23 03:44:00,55.0,Male,Alexandria,Electronics,Laptop,3,18000,0.1,Visa,Delivered,2026-05-27 03:44:00,4.0,48600.0,48600.0,4.0,2026-05,1,1
19934,C1094,2026-02-08 21:03:00,51.0,Male,Tanta,Electronics,Smart Watch,1,2200,0.15,Wallet,Delivered,2026-02-12 21:03:00,3.0,1870.0,1870.0,4.0,2026-02,1,0
18459,C0679,2026-02-24 18:34:00,48.0,Male,Alexandria,Home,Coffee Maker,1,1800,0.0,Mastercard,Delivered,2026-02-26 18:34:00,4.0,1800.0,1800.0,2.0,2026-02,1,1
16483,C0949,2026-03-17 10:00:00,63.0,Male,Cairo,Electronics,Keyboard,3,900,0.1,Cash,Delivered,2026-03-20 10:00:00,4.0,2430.0,2430.0,3.0,2026-03,1,1
15141,C1820,2026-01-28 19:15:00,50.0,Female,Giza,Home,Blender,2,1200,0.0,Bank Transfer,Delivered,2026-01-30 19:15:00,5.0,2400.0,2400.0,2.0,2026-01,1,1
18572,C1270,2026-01-25 00:00:00,65.0,Male,Cairo,Electronics,Headphones,3,850,0.1,Wallet,Delivered,2026-01-29 03:41:00,4.0,2295.0,2295.0,4.153472222222222,2026-01,1,1
13977,C0682,2026-06-06 08:13:00,25.0,Male,Cairo,Home,Bedsheet,1,700,0.0,Mastercard,Pending,,,700.0,700.0,,2026-06,0,
12663,C1727,2026-01-29 12:03:00,67.0,Male,Alexandria,Sports,Yoga Mat,2,600,0.0,Wallet,Delivered,2026-02-01 12:03:00,4.0,1200.0,1200.0,3.0,2026-01,1,1
13694,C1164,2026-04-20 17:52:00,52.0,Female,Giza,Sports,Tennis Racket,2,1600,0.0,Cash,Delivered,2026-04-23 17:52:00,3.0,3200.0,3200.0,3.0,2026-04,1,0
13877,C1757,2026-02-16 18:57:00,41.0,Female,Cairo,Beauty,Hair Dryer,2,1300,0.05,Wallet,Delivered,2026-02-18 18:57:00,5.0,2470.0,2470.0,2.0,2026-02,1,1
12790,C1703,2026-01-18 14:09:00,53.0,Female,Cairo,Home,Chair,2,2500,0.0,Visa,Cancelled,,,5000.0,5000.0,,2026-01,0,
17401,C0639,2026-05-09 01:59:00,43.0,Male,Tanta,Home,Coffee Maker,2,1800,0.1,Wallet,Cancelled,,,3240.0,3240.0,,2026-05,0,
19066,C1026,2026-06-10 10:33:00,60.0,Male,Alexandria,Fashion,Jacket,2,1200,0.0,Mastercard,Pending,,,2400.0,2400.0,,2026-06,0,
18792,C1276,2026-02-03 00:27:00,68.0,Female,Alexandria,Sports,Tennis Racket,2,1600,0.1,Cash,Delivered,2026-02-07 00:27:00,4.0,2880.0,2880.0,4.0,2026-02,1,1
15553,C0402,2026-05-25 11:42:00,41.0,Female,Cairo,Home,Bedsheet,1,700,0.05,Cash,Delivered,2026-05-29 11:42:00,4.0,665.0,665.0,4.0,2026-05,1,1
10611,C0428,2026-06-07 16:31:00,63.0,Male,Cairo,Fashion,Jacket,1,1200,0.0,Bank Transfer,Delivered,2026-06-09 16:31:00,5.0,1200.0,1200.0,2.0,2026-06,1,1
19514,C1212,2026-02-19 00:31:00,44.0,Male,Cairo,Fashion,Jeans,1,900,0.0,Cash,Delivered,2026-02-25 00:31:00,4.0,900.0,900.0,6.0,2026-02,1,1
14878,C0908,2026-06-21 12:03:00,27.0,Male,Mansoura,Home,Coffee Maker,4,1800,0.05,Bank Transfer,Delivered,2026-06-27 12:03:00,4.0,6840.0,6840.0,6.0,2026-06,1,1
10713,C1047,2026-02-17 12:39:00,23.0,Male,Mansoura,Home,Lamp,2,300,0.1,Wallet,Delivered,2026-02-21 12:39:00,5.0,540.0,540.0,4.0,2026-02,1,1
11749,C0719,2026-06-02 20:19:00,34.0,Female,Cairo,Sports,Tennis Racket,2,1600,0.1,Mastercard,Delivered,2026-06-06 20:19:00,3.0,2880.0,2880.0,4.0,2026-06,1,0
17767,C0756,2026-05-20 12:57:00,25.0,Male,Cairo,Electronics,Laptop,1,18000,0.0,Cash,Delivered,2026-05-24 12:57:00,4.0,18000.0,18000.0,4.0,2026-05,1,1
13012,C0126,2026-02-14 16:50:00,31.0,Male,Cairo,Home,Chair,1,2500,0.15,Mastercard,Pending,,,2125.0,2125.0,,2026-02,0,
17539,C1157,2026-05-05 19:10:00,20.0,Male,Cairo,Home,Chair,3,2500,0.0,Visa,Delivered,2026-05-09 19:10:00,5.0,7500.0,7500.0,4.0,2026-05,1,1
12479,C1620,2026-05-31 04:11:00,65.0,Female,Cairo,Electronics,Mouse,1,450,0.0,Mastercard,Delivered,2026-06-01 04:11:00,2.0,450.0,450.0,1.0,2026-05,1,0
12469,C0480,2026-05-25 09:01:00,61.0,Male,Tanta,Beauty,Perfume,4,1100,0.2,Visa,Delivered,2026-05-30 09:01:00,2.0,3520.0,3520.0,5.0,2026-05,1,0
15481,C1901,2026-03-22 07:32:00,61.0,Female,Alexandria,Sports,Football,2,650,0.0,Bank Transfer,Delivered,2026-03-26 07:32:00,4.0,1300.0,1300.0,4.0,2026-03,1,1
18111,C0257,2026-01-28 03:47:00,62.0,Male,Cairo,Fashion,Bag,2,750,0.1,Visa,Delivered,2026-01-31 03:47:00,4.0,1350.0,1350.0,3.0,2026-01,1,1
10475,C0710,2026-06-14 00:50:00,18.0,Female,Alexandria,Beauty,Perfume,2,1100,0.05,Mastercard,Delivered,2026-06-19 00:50:00,5.0,2090.0,2090.0,5.0,2026-06,1,1
16745,C1086,,30.0,Female,Tanta,Sports,Tennis Racket,4,1600,0.0,Visa,Delivered,2026-03-18 00:11:00,4.0,6400.0,6400.0,,,1,1
11213,C1525,2026-03-15 02:54:00,69.0,Male,Giza,Electronics,Headphones,1,850,0.0,Mastercard,Delivered,2026-03-19 02:54:00,3.0,850.0,850.0,4.0,2026-03,1,0
13567,C1216,2026-04-03 05:00:00,40.0,Female,Giza,Sports,Dumbbells,3,1400,0.0,Cash,Delivered,2026-04-08 05:00:00,4.0,4200.0,4200.0,5.0,2026-04,1,1
19850,C1240,2026-01-11 21:44:00,28.0,Female,Cairo,Sports,Running Shoes,2,1800,0.0,Wallet,Delivered,2026-01-16 21:44:00,4.0,3600.0,3600.0,5.0,2026-01,1,1
11442,C1982,2026-05-22 10:38:00,67.0,Female,Mansoura,Beauty,Face Cream,1,450,0.2,Mastercard,Cancelled,,,360.0,360.0,,2026-05,0,
14263,C1093,2026-03-08 23:19:00,34.0,Male,Tanta,Beauty,Shampoo,3,250,0.1,Bank Transfer,Delivered,2026-03-11 23:19:00,5.0,675.0,675.0,3.0,2026-03,1,1
14108,C1551,2026-05-07 16:08:00,22.0,Female,Giza,Beauty,Face Cream,1,450,0.1,Visa,Delivered,2026-05-09 16:08:00,4.0,405.0,405.0,2.0,2026-05,1,1
16468,C1491,2026-04-02 11:25:00,52.0,Male,Giza,Sports,Running Shoes,1,1800,0.05,Wallet,Pending,,,1710.0,1710.0,,2026-04,0,
14175,C1230,2026-03-16 19:12:00,62.0,Male,Aswan,Beauty,Hair Dryer,2,1300,0.1,Cash,Delivered,2026-03-18 19:12:00,4.0,2340.0,2340.0,2.0,2026-03,1,1
18915,C0090,2026-04-15 20:36:00,36.0,Female,Cairo,Beauty,Face Cream,1,450,0.1,Wallet,Delivered,2026-04-17 20:36:00,3.0,405.0,405.0,2.0,2026-04,1,0
16212,C0582,2026-01-06 21:24:00,63.0,Female,Cairo,Beauty,Shampoo,3,250,0.05,Visa,Pending,,,712.5,712.5,,2026-01,0,
18530,C0818,2026-04-08 09:17:00,27.0,Female,Alexandria,Beauty,Perfume,3,1100,0.1,Mastercard,Delivered,2026-04-12 09:17:00,5.0,2970.0,2970.0,4.0,2026-04,1,1
16995,C1033,2026-03-03 08:04:00,19.0,Male,Mansoura,Beauty,Perfume,1,1100,0.15,Bank Transfer,Pending,,,935.0,935.0,,2026-03,0,
17331,C0771,2026-05-22 13:48:00,50.0,Male,Tanta,Home,Bedsheet,2,700,0.1,Visa,Delivered,2026-05-28 13:48:00,4.0,1260.0,1260.0,6.0,2026-05,1,1
12947,C1798,2026-01-20 23:51:00,69.0,Female,Alexandria,Electronics,Headphones,3,850,0.15,Cash,Pending,,,2167.5,2167.5,,2026-01,0,
14168,C0035,2026-05-24 11:15:00,28.0,Female,Cairo,Sports,Running Shoes,3,1800,0.0,Cash,Delivered,2026-05-29 11:15:00,5.0,5400.0,5400.0,5.0,2026-05,1,1
10242,C0359,2026-03-09 18:00:00,45.0,Female,Cairo,Electronics,Keyboard,2,900,0.1,Cash,Delivered,2026-03-14 18:00:00,5.0,1620.0,1620.0,5.0,2026-03,1,1
18221,C1858,2026-02-22 14:59:00,28.0,Female,Mansoura,Electronics,Keyboard,1,900,0.1,Bank Transfer,Delivered,2026-02-25 14:59:00,5.0,810.0,810.0,3.0,2026-02,1,1
10186,C0019,2026-01-23 06:43:00,64.0,Female,Mansoura,Home,Bedsheet,1,700,0.1,Visa,Delivered,2026-01-29 06:43:00,4.0,630.0,630.0,6.0,2026-01,1,1
14484,C0289,2026-04-22 21:34:00,51.0,Male,Mansoura,Home,Chair,1,2500,0.05,Visa,Delivered,2026-04-24 21:34:00,5.0,2375.0,2375.0,2.0,2026-04,1,1
18919,C1377,2026-04-01 22:31:00,54.0,Female,Cairo,Sports,Dumbbells,1,1400,0.0,Visa,Delivered,2026-04-06 22:31:00,5.0,1400.0,1400.0,5.0,2026-04,1,1
10740,C1944,2026-05-31 17:31:00,70.0,Female,Giza,Beauty,Face Cream,2,450,0.2,Wallet,Delivered,2026-06-07 17:31:00,4.0,720.0,720.0,7.0,2026-05,1,1
15669,C0896,2026-02-19 22:35:00,44.0,Female,Alexandria,Home,Bedsheet,1,700,0.0,Mastercard,Delivered,2026-02-23 22:35:00,3.0,700.0,700.0,4.0,2026-02,1,0
19590,C0257,2026-06-25 05:41:00,30.0,Female,Cairo,Electronics,Mouse,1,450,0.1,Bank Transfer,Cancelled,,,405.0,405.0,,2026-06,0,
14733,C0779,2026-03-27 10:39:00,45.0,Male,Cairo,Fashion,Jacket,3,1200,0.05,Unknown,Delivered,2026-04-02 10:39:00,3.0,3420.0,3420.0,6.0,2026-03,1,0
14318,C1018,2026-04-29 22:31:00,59.0,Female,Aswan,Fashion,Bag,4,750,0.0,Bank Transfer,Delivered,2026-05-01 22:31:00,5.0,3000.0,3000.0,2.0,2026-04,1,1
10027,C1417,2026-02-12 21:47:00,56.0,Female,Cairo,Electronics,Keyboard,1,900,0.15,Bank Transfer,Delivered,2026-02-13 21:47:00,4.0,765.0,765.0,1.0,2026-02,1,1
11110,C0923,2026-04-23 16:47:00,38.0,Male,Giza,Electronics,Keyboard,1,900,0.05,Mastercard,Delivered,2026-04-29 16:47:00,4.0,855.0,855.0,6.0,2026-04,1,1
17296,C1961,2026-03-29 14:48:00,65.0,Female,Giza,Fashion,Bag,4,750,0.0,Visa,Delivered,2026-04-01 14:48:00,4.0,3000.0,3000.0,3.0,2026-03,1,1
16660,C0281,2026-03-28 10:28:00,38.0,Female,Cairo,Fashion,Jeans,2,900,0.0,Visa,Delivered,2026-04-01 10:28:00,2.0,1800.0,1800.0,4.0,2026-03,1,0
13180,C1545,2026-06-07 13:22:00,46.0,Male,Tanta,Beauty,Makeup Kit,1,900,0.15,Visa,Cancelled,,,765.0,765.0,,2026-06,0,
12421,C0899,2026-05-24 14:24:00,50.0,Male,Alexandria,Home,Lamp,1,300,0.0,Cash,Delivered,2026-05-25 14:24:00,3.0,300.0,300.0,1.0,2026-05,1,0
15372,C1829,2026-02-13 21:10:00,40.0,Female,Cairo,Fashion,Bag,2,750,0.0,Wallet,Pending,,,1500.0,1500.0,,2026-02,0,
17265,C0839,2026-03-19 23:50:00,51.0,Male,Cairo,Electronics,Headphones,1,850,0.15,Cash,Pending,,,722.5,722.5,,2026-03,0,
11391,C0130,2026-05-29 23:49:00,34.0,Female,Cairo,Fashion,Jeans,1,900,0.05,Mastercard,Delivered,2026-05-31 23:49:00,5.0,855.0,855.0,2.0,2026-05,1,1
10704,C0393,2026-04-16 22:44:00,57.0,Male,Mansoura,Beauty,Makeup Kit,1,900,0.0,Visa,Delivered,2026-04-19 22:44:00,4.0,900.0,900.0,3.0,2026-04,1,1
16361,C1936,2026-03-18 17:17:00,61.0,Female,Giza,Electronics,Keyboard,1,900,0.1,Mastercard,Delivered,2026-03-21 17:17:00,4.0,810.0,810.0,3.0,2026-03,1,1
11603,C0481,2026-01-01 11:10:00,18.0,Male,Mansoura,Fashion,Shoes,1,1500,0.0,Wallet,Pending,,,1500.0,1500.0,,2026-01,0,
11888,C1079,2026-03-21 04:48:00,63.0,Male,Giza,Home,Chair,2,2500,0.0,Bank Transfer,Delivered,2026-03-28 04:48:00,5.0,5000.0,5000.0,7.0,2026-03,1,1
15145,C0972,2026-05-05 16:52:00,20.0,Male,Tanta,Sports,Yoga Mat,1,600,0.15,Cash,Delivered,2026-05-11 16:52:00,4.0,510.0,510.0,6.0,2026-05,1,1
14097,C0910,2026-05-09 16:48:00,39.0,Female,Cairo,Home,Bedsheet,1,700,0.1,Cash,Cancelled,,,630.0,630.0,,2026-05,0,
14464,C0170,2026-03-10 13:35:00,23.0,Female,Mansoura,Electronics,Mouse,3,450,0.0,Wallet,Pending,,,1350.0,1350.0,,2026-03,0,
18465,C1387,2026-03-14 14:47:00,51.0,Female,Tanta,Fashion,Jacket,2,1200,0.1,Mastercard,Delivered,2026-03-16 14:47:00,5.0,2160.0,2160.0,2.0,2026-03,1,1
16845,C1938,2026-05-27 07:41:00,60.0,Female,Cairo,Sports,Dumbbells,4,1400,0.1,Bank Transfer,Delivered,2026-05-30 07:41:00,4.0,5040.0,5040.0,3.0,2026-05,1,1
16887,C0904,2026-03-05 13:21:00,69.0,Male,Giza,Fashion,T-Shirt,1,500,0.1,Bank Transfer,Delivered,2026-03-09 13:21:00,5.0,450.0,450.0,4.0,2026-03,1,1
17132,C0274,2026-03-09 16:12:00,22.0,Male,Alexandria,Sports,Yoga Mat,2,600,0.0,Visa,Delivered,2026-03-12 16:12:00,5.0,1200.0,1200.0,3.0,2026-03,1,1
12587,C1819,2026-06-10 14:20:00,61.0,Female,Alexandria,Electronics,Laptop,1,18000,0.1,Wallet,Delivered,2026-06-13 14:20:00,5.0,16200.0,16200.0,3.0,2026-06,1,1
12815,C0304,2026-02-22 09:40:00,44.0,Female,Cairo,Electronics,Smart Watch,4,2200,0.05,Bank Transfer,Cancelled,,,8360.0,8360.0,,2026-02,0,
13682,C1213,2026-01-29 07:56:00,26.0,Female,Cairo,Electronics,Laptop,4,18000,0.15,Wallet,Delivered,2026-02-02 07:56:00,4.0,61200.0,61200.0,4.0,2026-01,1,1
13373,C0790,2026-05-08 20:58:00,22.0,Female,Giza,Sports,Football,1,650,0.0,Cash,Delivered,2026-05-10 20:58:00,4.0,650.0,650.0,2.0,2026-05,1,1
19736,C1262,2026-05-29 23:41:00,62.0,Female,Cairo,Beauty,Face Cream,1,450,0.05,Mastercard,Delivered,2026-06-02 23:41:00,5.0,427.5,427.5,4.0,2026-05,1,1
11733,C1580,2026-01-12 07:15:00,58.0,Male,Cairo,Sports,Dumbbells,2,1400,0.0,Bank Transfer,Delivered,2026-01-16 07:15:00,4.0,2800.0,2800.0,4.0,2026-01,1,1
10952,C0008,2026-04-23 12:23:00,5.0,Male,Giza,Electronics,Headphones,1,850,0.15,Mastercard,Delivered,2026-04-25 12:23:00,4.0,722.5,722.5,2.0,2026-04,1,1
12867,C0815,2026-05-15 22:10:00,50.0,Male,Giza,Home,Blender,4,1200,0.0,Cash,Delivered,2026-05-19 22:10:00,4.0,4800.0,4800.0,4.0,2026-05,1,1
10876,C1070,2026-04-28 13:10:00,31.0,Female,Giza,Electronics,Keyboard,1,900,0.1,Mastercard,Pending,,,810.0,1620.0,,2026-04,0,
19688,C0169,2026-01-03 23:47:00,45.0,Male,Giza,Fashion,Bag,1,750,0.2,Cash,Pending,,,600.0,600.0,,2026-01,0,
16929,C0636,2026-01-02 21:19:00,59.0,Male,Giza,Home,Blender,1,1200,0.1,Bank Transfer,Delivered,2026-01-04 21:19:00,4.0,1080.0,1080.0,2.0,2026-01,1,1
12161,C0188,2026-06-11 00:47:00,42.0,Female,Mansoura,Electronics,Smart Watch,1,2200,0.0,Mastercard,Delivered,2026-06-13 00:47:00,4.0,2200.0,2200.0,2.0,2026-06,1,1
17701,C0603,2026-02-10 10:18:00,59.0,Male,Alexandria,Fashion,Jacket,1,1200,0.0,Cash,Delivered,2026-02-17 10:18:00,4.0,1200.0,1200.0,7.0,2026-02,1,1
17693,C0949,2026-03-25 19:04:00,46.0,Female,Giza,Home,Coffee Maker,2,1800,0.0,Bank Transfer,Delivered,2026-03-27 19:04:00,4.0,3600.0,3600.0,2.0,2026-03,1,1
11452,C0295,2026-04-16 00:10:00,41.0,Male,Mansoura,Fashion,Shoes,4,1500,0.0,Wallet,Delivered,2026-04-21 00:10:00,5.0,6000.0,6000.0,5.0,2026-04,1,1
10778,C0202,2026-04-24 17:03:00,26.0,Female,Alexandria,Home,Lamp,4,300,0.15,Cash,Delivered,2026-04-29 17:03:00,1.0,1020.0,1020.0,5.0,2026-04,1,0
15738,C1888,2026-03-14 17:30:00,61.0,Male,Cairo,Home,Lamp,2,300,0.0,Mastercard,Delivered,2026-03-17 17:30:00,3.0,600.0,600.0,3.0,2026-03,1,0
13487,C1649,2026-06-24 00:20:00,28.0,Female,Tanta,Electronics,Keyboard,2,900,0.0,Visa,Delivered,2026-06-29 00:20:00,4.0,1800.0,1800.0,5.0,2026-06,1,1
12387,C0299,2026-06-10 18:07:00,48.0,Female,Mansoura,Beauty,Face Cream,2,450,0.1,Bank Transfer,Delivered,2026-06-12 18:07:00,5.0,810.0,810.0,2.0,2026-06,1,1
17624,C1949,2026-04-30 11:57:00,54.0,Female,Cairo,Electronics,Headphones,1,850,0.1,Visa,Delivered,2026-05-02 11:57:00,4.0,765.0,765.0,2.0,2026-04,1,1
10953,C1455,2026-04-25 15:56:00,30.0,Female,Giza,Electronics,Keyboard,1,900,0.1,Visa,Delivered,2026-04-28 15:56:00,3.0,810.0,810.0,3.0,2026-04,1,0
16983,C1109,2026-01-10 08:43:00,29.0,Female,Giza,Fashion,Shoes,1,1500,0.05,Visa,Delivered,2026-01-12 08:43:00,4.0,1425.0,1425.0,2.0,2026-01,1,1
12089,C1383,2026-01-24 08:56:00,59.0,Female,Cairo,Fashion,T-Shirt,1,500,0.15,Bank Transfer,Delivered,2026-01-28 08:56:00,3.0,425.0,425.0,4.0,2026-01,1,0
18661,C0512,2026-03-25 00:34:00,38.0,Male,Cairo,Beauty,Perfume,2,1100,0.15,Bank Transfer,Delivered,2026-03-26 00:34:00,3.0,1870.0,1870.0,1.0,2026-03,1,0
12557,C0734,2026-03-25 06:52:00,21.0,Male,Alexandria,Electronics,Headphones,4,850,0.0,Mastercard,Delivered,2026-04-01 06:52:00,1.0,3400.0,3400.0,7.0,2026-03,1,0
19272,C0858,2026-03-17 12:58:00,35.0,Female,Cairo,Sports,Football,2,650,0.1,Wallet,Delivered,2026-03-21 12:58:00,5.0,1170.0,1170.0,4.0,2026-03,1,1
11017,C0613,2026-04-15 11:29:00,45.0,Female,Giza,Electronics,Laptop,1,18000,0.0,Cash,Delivered,2026-04-19 11:29:00,2.0,18000.0,18000.0,4.0,2026-04,1,0
17629,C0580,2026-06-13 07:24:00,53.0,Male,Tanta,Home,Blender,2,1200,0.0,Bank Transfer,Delivered,2026-06-16 07:24:00,4.0,2400.0,2400.0,3.0,2026-06,1,1
19670,C1974,2026-05-26 04:58:00,61.0,Female,Mansoura,Beauty,Makeup Kit,2,900,0.0,Bank Transfer,Delivered,2026-06-02 04:58:00,4.0,1800.0,1800.0,7.0,2026-05,1,1
14025,C1275,2026-01-22 02:13:00,47.0,Female,Giza,Home,Lamp,2,300,0.0,Bank Transfer,Delivered,2026-01-29 02:13:00,4.0,600.0,600.0,7.0,2026-01,1,1
10156,C0673,2026-04-29 20:16:00,39.0,Male,Cairo,Electronics,Keyboard,2,900,0.0,Cash,Delivered,2026-05-02 20:16:00,4.0,1800.0,1800.0,3.0,2026-04,1,1
19648,C1431,2026-01-20 03:02:00,70.0,Male,Alexandria,Beauty,Hair Dryer,1,1300,0.0,Bank Transfer,Delivered,2026-01-24 03:02:00,5.0,1300.0,1300.0,4.0,2026-01,1,1
10040,C1905,2026-03-03 19:47:00,42.0,Male,Cairo,Beauty,Makeup Kit,1,900,0.0,Bank Transfer,Pending,,,900.0,900.0,,2026-03,0,
10577,C0716,2026-01-11 06:33:00,43.0,Male,Cairo,Fashion,T-Shirt,2,500,0.0,Bank Transfer,Delivered,2026-01-13 06:33:00,5.0,1000.0,1000.0,2.0,2026-01,1,1
15019,C1358,2026-02-11 18:47:00,56.0,Female,Alexandria,Home,Bedsheet,3,700,0.1,Cash,Delivered,2026-02-18 18:47:00,4.0,1890.0,1890.0,7.0,2026-02,1,1
14005,C1055,2026-06-03 03:38:00,60.0,Female,Cairo,Sports,Football,2,650,0.1,Bank Transfer,Delivered,2026-06-06 03:38:00,4.0,1170.0,1170.0,3.0,2026-06,1,1
19539,C1377,2026-02-09 23:17:00,28.0,Male,Cairo,Beauty,Makeup Kit,2,900,0.0,Mastercard,Delivered,2026-02-14 23:17:00,3.0,1800.0,1800.0,5.0,2026-02,1,0
10699,C1751,2026-03-13 22:03:00,31.0,Female,Cairo,Electronics,Headphones,2,850,0.1,Visa,Delivered,2026-03-17 22:03:00,4.0,1530.0,1530.0,4.0,2026-03,1,1
12069,C0506,2026-05-12 04:50:00,49.0,Female,Cairo,Fashion,Jeans,3,900,0.1,Visa,Pending,,,2430.0,2430.0,,2026-05,0,
15276,C1247,2026-06-21 22:31:00,61.0,Male,Giza,Electronics,Mouse,2,450,0.0,Visa,Delivered,2026-06-26 22:31:00,1.0,900.0,900.0,5.0,2026-06,1,0
16622,C1998,2026-02-19 12:03:00,67.0,Female,Cairo,Fashion,Jacket,2,1200,0.15,Mastercard,Delivered,2026-02-21 12:03:00,3.0,2040.0,2040.0,2.0,2026-02,1,0
19645,C0855,2026-02-12 05:49:00,63.0,Male,Cairo,Beauty,Face Cream,1,450,0.0,Bank Transfer,Delivered,2026-02-17 05:49:00,5.0,450.0,450.0,5.0,2026-02,1,1
12959,C1412,2026-05-07 13:00:00,39.0,Male,Cairo,Sports,Running Shoes,3,1800,0.15,Cash,Delivered,2026-05-09 13:00:00,3.0,4590.0,4590.0,2.0,2026-05,1,0
10319,C0638,2026-06-09 09:50:00,31.0,Male,Cairo,Beauty,Makeup Kit,2,900,0.0,Mastercard,Delivered,2026-06-11 09:50:00,2.0,1800.0,1800.0,2.0,2026-06,1,0
19141,C0213,2026-04-01 11:38:00,32.0,Male,Cairo,Home,Coffee Maker,4,1800,0.1,Bank Transfer,Delivered,2026-04-05 11:38:00,4.0,6480.0,6480.0,4.0,2026-04,1,1
10992,C1873,2026-03-24 11:03:00,65.0,Female,Tanta,Electronics,Smart Watch,1,2200,0.15,Cash,Delivered,2026-03-28 11:03:00,4.0,1870.0,1870.0,4.0,2026-03,1,1
15628,C0516,2026-05-24 21:42:00,23.0,Male,Aswan,Home,Bedsheet,2,700,0.05,Bank Transfer,Delivered,2026-05-29 21:42:00,5.0,1330.0,1330.0,5.0,2026-05,1,1
14597,C1838,2026-02-27 20:41:00,48.0,Male,Tanta,Home,Coffee Maker,2,1800,0.1,Mastercard,Delivered,2026-03-02 20:41:00,5.0,3240.0,3240.0,3.0,2026-02,1,1
19930,C0519,2026-05-18 08:57:00,20.0,Male,Giza,Fashion,Bag,3,750,0.1,Bank Transfer,Delivered,2026-05-21 08:57:00,4.0,2025.0,2025.0,3.0,2026-05,1,1
14288,C0023,2026-06-26 02:07:00,24.0,Female,Alexandria,Electronics,Laptop,1,18000,0.15,Mastercard,Pending,,,15300.0,15300.0,,2026-06,0,
11365,C1561,2026-04-22 21:14:00,29.0,Male,Giza,Home,Chair,2,2500,0.0,Cash,Delivered,2026-04-25 21:14:00,5.0,5000.0,5000.0,3.0,2026-04,1,1
13799,C1528,2026-06-17 00:10:00,32.0,Female,Alexandria,Sports,Tennis Racket,4,1600,0.0,Mastercard,Delivered,2026-06-20 00:10:00,5.0,6400.0,6400.0,3.0,2026-06,1,1
19384,C1103,2026-03-12 00:53:00,66.0,Male,Cairo,Sports,Dumbbells,2,1400,0.1,Wallet,Pending,,,2520.0,2520.0,,2026-03,0,
15861,C1794,2026-06-20 11:46:00,61.0,Female,Mansoura,Home,Chair,2,2500,0.0,Visa,Delivered,2026-06-22 11:46:00,4.0,5000.0,5000.0,2.0,2026-06,1,1
10223,C0174,2026-02-16 00:00:00,36.0,Male,Cairo,Sports,Running Shoes,2,1800,0.1,Wallet,Cancelled,,,3240.0,3240.0,,2026-02,0,
19101,C1616,2026-02-15 05:42:00,67.0,Male,Cairo,Fashion,Jacket,2,1200,0.1,Bank Transfer,Cancelled,,,2160.0,2160.0,,2026-02,0,
16571,C0621,2026-04-15 16:46:00,47.0,Female,Alexandria,Fashion,T-Shirt,1,500,0.2,Mastercard,Delivered,2026-04-17 16:46:00,5.0,400.0,400.0,2.0,2026-04,1,1
13482,C0208,2026-06-26 02:44:00,26.0,Male,Mansoura,Beauty,Perfume,1,1100,0.0,Cash,Delivered,2026-06-29 02:44:00,5.0,1100.0,1100.0,3.0,2026-06,1,1
17203,C1968,2026-05-08 07:13:00,55.0,Male,Mansoura,Fashion,T-Shirt,3,500,0.0,Visa,Delivered,2026-05-11 07:13:00,5.0,1500.0,1650.0,3.0,2026-05,1,1
13440,C0193,2026-05-19 23:19:00,47.0,Female,Cairo,Home,Blender,1,1200,0.1,Wallet,Cancelled,,,1080.0,1080.0,,2026-05,0,
16325,C0873,2026-05-19 04:23:00,62.0,Female,Tanta,Beauty,Face Cream,1,450,0.15,Visa,Delivered,2026-05-23 04:23:00,3.0,382.5,382.5,4.0,2026-05,1,0
19537,C1724,2026-03-02 10:11:00,59.0,Male,Cairo,Sports,Football,4,650,0.0,Visa,Pending,,,2600.0,2600.0,,2026-03,0,
16568,C1026,2026-03-05 21:59:00,59.0,Female,Giza,Electronics,Keyboard,3,900,0.1,Wallet,Delivered,2026-03-07 21:59:00,3.0,2430.0,2430.0,2.0,2026-03,1,0
10542,C0084,2026-04-13 06:12:00,58.0,Female,Alexandria,Home,Coffee Maker,2,1800,0.15,Visa,Delivered,2026-04-16 06:12:00,4.0,3060.0,3060.0,3.0,2026-04,1,1
11659,C1948,2026-03-18 17:41:00,18.0,Female,Giza,Electronics,Mouse,1,450,0.15,Cash,Delivered,2026-03-25 17:41:00,5.0,382.5,382.5,7.0,2026-03,1,1
15423,C0381,2026-06-10 10:15:00,59.0,Female,Alexandria,Fashion,T-Shirt,4,500,0.1,Mastercard,Delivered,2026-06-12 10:15:00,5.0,1800.0,1800.0,2.0,2026-06,1,1
11366,C1090,2026-05-24 18:29:00,58.0,Male,Cairo,Electronics,Smart Watch,1,2200,0.0,Mastercard,Delivered,2026-05-26 18:29:00,3.0,2200.0,2200.0,2.0,2026-05,1,0
18156,C0138,2026-02-18 10:54:00,60.0,Female,Alexandria,Home,Lamp,3,300,0.1,Bank Transfer,Delivered,2026-02-24 10:54:00,4.0,810.0,810.0,6.0,2026-02,1,1
13145,C0967,2026-03-18 16:44:00,49.0,Female,Mansoura,Home,Lamp,3,300,0.2,Cash,Pending,,,720.0,720.0,,2026-03,0,
12899,C0230,2026-06-03 18:40:00,68.0,Female,Mansoura,Electronics,Keyboard,3,900,0.2,Bank Transfer,Delivered,2026-06-08 18:40:00,3.0,2160.0,2160.0,5.0,2026-06,1,0
11275,C0515,2026-06-29 09:20:00,54.0,Female,Cairo,Home,Bedsheet,1,700,0.15,Wallet,Delivered,2026-07-05 09:20:00,5.0,595.0,595.0,6.0,2026-06,1,1
13447,C1621,2026-01-10 06:21:00,40.0,Male,Cairo,Fashion,T-Shirt,1,500,0.05,Cash,Pending,,,475.0,475.0,,2026-01,0,
14443,C1832,2026-04-16 20:53:00,20.0,Female,Giza,Home,Chair,1,2500,0.1,Mastercard,Cancelled,,,2250.0,2250.0,,2026-04,0,
11408,C0176,2026-01-06 08:34:00,25.0,Female,Giza,Home,Blender,1,1200,0.0,Mastercard,Pending,,,1200.0,1200.0,,2026-01,0,
10687,C0721,2026-02-12 07:51:00,20.0,Female,Mansoura,Beauty,Perfume,3,1100,0.05,Bank Transfer,Delivered,2026-02-15 07:51:00,4.0,3135.0,3135.0,3.0,2026-02,1,1
16181,C0414,2026-02-24 01:04:00,61.0,Female,Mansoura,Fashion,Bag,1,750,0.2,Bank Transfer,Delivered,2026-02-26 01:04:00,5.0,600.0,600.0,2.0,2026-02,1,1
12811,C1769,2026-06-12 00:00:00,26.0,Female,Cairo,Fashion,Bag,1,750,0.1,Cash,Delivered,2026-06-19 10:33:00,5.0,675.0,675.0,7.439583333333333,2026-06,1,1
14159,C0611,2026-05-04 15:39:00,55.0,Female,Giza,Fashion,T-Shirt,2,500,0.1,Cash,Delivered,2026-05-09 15:39:00,4.0,900.0,900.0,5.0,2026-05,1,1
11621,C0696,2026-06-29 01:03:00,5.0,Female,Alexandria,Fashion,Jeans,1,900,0.0,Mastercard,Delivered,2026-07-03 01:03:00,3.0,900.0,900.0,4.0,2026-06,1,0
12874,C1311,2026-01-24 18:36:00,18.0,Female,Cairo,Fashion,Bag,1,750,0.05,Bank Transfer,Delivered,2026-01-27 18:36:00,3.0,712.5,712.5,3.0,2026-01,1,0
16935,C1154,2026-02-18 16:20:00,34.0,Female,Giza,Beauty,Makeup Kit,1,900,0.2,Wallet,Delivered,2026-02-25 16:20:00,4.0,720.0,720.0,7.0,2026-02,1,1
19863,C1332,2026-06-27 14:25:00,42.0,Male,Alexandria,Electronics,Laptop,1,18000,0.15,Bank Transfer,Delivered,2026-06-28 14:25:00,5.0,15300.0,15300.0,1.0,2026-06,1,1
10730,C0841,2026-02-19 00:00:00,29.0,Female,Giza,Electronics,Laptop,1,18000,0.0,Wallet,Delivered,2026-02-22 16:30:00,2.0,18000.0,18000.0,3.6875,2026-02,1,0
12308,C0931,2026-05-27 23:53:00,18.0,Male,Giza,Home,Chair,1,2500,0.05,Mastercard,Pending,,,2375.0,2375.0,,2026-05,0,
11074,C1733,2026-05-28 15:06:00,24.0,Male,Alexandria,Home,Bedsheet,3,700,0.1,Bank Transfer,Delivered,2026-06-01 15:06:00,5.0,1890.0,1890.0,4.0,2026-05,1,1
12870,C0350,2026-01-31 15:37:00,39.0,Female,Cairo,Fashion,T-Shirt,2,500,0.0,Bank Transfer,Delivered,2026-02-01 15:37:00,3.0,1000.0,1000.0,1.0,2026-01,1,0
19552,C0848,2026-02-07 21:42:00,58.0,Female,Alexandria,Beauty,Makeup Kit,1,900,0.05,Mastercard,Cancelled,,,855.0,855.0,,2026-02,0,
11197,C1986,2026-02-20 14:59:00,51.0,Male,Mansoura,Beauty,Makeup Kit,2,900,0.2,Wallet,Delivered,2026-02-26 14:59:00,5.0,1440.0,1440.0,6.0,2026-02,1,1
12403,C0389,2026-06-25 12:31:00,20.0,Male,Tanta,Beauty,Hair Dryer,1,1300,0.1,Visa,Delivered,2026-06-28 12:31:00,1.0,1170.0,1170.0,3.0,2026-06,1,0
12419,C0957,2026-03-23 16:53:00,70.0,Male,Mansoura,Fashion,Bag,1,750,0.1,Bank Transfer,Delivered,2026-03-24 16:53:00,3.0,675.0,675.0,1.0,2026-03,1,0
16865,C1094,2026-02-26 06:43:00,64.0,Male,Alexandria,Fashion,T-Shirt,3,500,0.05,Cash,Delivered,2026-03-02 06:43:00,4.0,1425.0,1425.0,4.0,2026-02,1,1
10922,C1302,2026-01-17 06:42:00,21.0,Male,Cairo,Home,Lamp,1,300,0.05,Wallet,Delivered,2026-01-20 06:42:00,5.0,285.0,285.0,3.0,2026-01,1,1
10861,C1448,2026-04-11 01:43:00,51.0,Male,Mansoura,Electronics,Keyboard,1,900,0.15,Visa,Delivered,2026-04-13 01:43:00,5.0,765.0,765.0,2.0,2026-04,1,1
17281,C0317,2026-05-27 03:45:00,49.0,Male,Aswan,Sports,Running Shoes,2,1800,0.1,Cash,Delivered,2026-05-30 03:45:00,5.0,3240.0,3240.0,3.0,2026-05,1,1
10355,C1882,2026-01-14 21:03:00,56.0,Male,Cairo,Fashion,Jacket,4,1200,0.1,Wallet,Delivered,2026-01-19 21:03:00,4.0,4320.0,4320.0,5.0,2026-01,1,1
19198,C1863,2026-03-11 05:42:00,56.0,Female,Mansoura,Sports,Football,4,650,0.1,Visa,Delivered,2026-03-15 05:42:00,5.0,2340.0,2340.0,4.0,2026-03,1,1
13510,C1833,2026-05-12 13:03:00,41.0,Female,Giza,Home,Chair,1,2500,0.0,Visa,Delivered,2026-05-15 13:03:00,3.0,2500.0,2500.0,3.0,2026-05,1,0
11233,C1236,2026-03-28 17:40:00,36.0,Male,Cairo,Fashion,Jeans,1,900,0.05,Mastercard,Delivered,2026-03-31 17:40:00,1.0,855.0,855.0,3.0,2026-03,1,0
16360,C1509,2026-01-06 21:37:00,34.0,Male,Tanta,Fashion,Jeans,1,900,0.05,Bank Transfer,Delivered,2026-01-10 21:37:00,2.0,855.0,855.0,4.0,2026-01,1,0
19667,C1862,2026-01-12 22:49:00,20.0,Female,Mansoura,Electronics,Mouse,1,450,0.1,Visa,Delivered,2026-01-16 22:49:00,5.0,405.0,405.0,4.0,2026-01,1,1
17835,C1536,2026-02-02 09:10:00,37.0,Female,Tanta,Home,Bedsheet,1,700,0.2,Wallet,Delivered,2026-02-07 09:10:00,,560.0,560.0,5.0,2026-02,1,
10963,C0300,2026-01-14 00:00:00,27.0,Male,Mansoura,Fashion,T-Shirt,3,500,0.0,Wallet,Cancelled,,,1500.0,1500.0,,2026-01,0,
11455,C0574,2026-04-17 12:10:00,25.0,Female,Alexandria,Sports,Dumbbells,3,1400,0.05,Visa,Pending,,,3990.0,3990.0,,2026-04,0,
10519,C0817,2026-03-17 22:20:00,21.0,Female,Tanta,Sports,Yoga Mat,2,600,0.1,Wallet,Delivered,2026-03-20 22:20:00,4.0,1080.0,1620.0,3.0,2026-03,1,1
12950,C1639,2026-02-15 05:15:00,44.0,Male,Alexandria,Beauty,Perfume,2,1100,0.0,Mastercard,Delivered,2026-02-17 05:15:00,5.0,2200.0,2200.0,2.0,2026-02,1,1
12086,C0694,2026-01-22 08:46:00,55.0,Male,Alexandria,Sports,Yoga Mat,1,600,0.15,Wallet,Delivered,2026-01-29 08:46:00,3.0,510.0,510.0,7.0,2026-01,1,0
16518,C0247,2026-05-09 12:09:00,34.0,Female,Cairo,Home,Lamp,1,300,0.1,Mastercard,Pending,,,270.0,270.0,,2026-05,0,
13385,C0162,2026-01-09 00:00:00,44.0,Male,Alexandria,Electronics,Smart Watch,2,2200,0.0,Wallet,Delivered,2026-01-13 11:45:00,3.0,4400.0,4400.0,4.489583333333333,2026-01,1,0
15214,C0556,2026-01-07 21:22:00,18.0,Male,Alexandria,Electronics,Headphones,2,850,0.1,Visa,Delivered,2026-01-10 21:22:00,4.0,1530.0,1530.0,3.0,2026-01,1,1
11916,C0262,2026-03-15 13:51:00,20.0,Female,Cairo,Fashion,Shoes,1,1500,0.0,Bank Transfer,Delivered,2026-03-16 13:51:00,4.0,1500.0,1500.0,1.0,2026-03,1,1
16134,C1027,2026-05-16 15:58:00,66.0,Male,Aswan,Home,Blender,3,1200,0.0,Cash,Delivered,2026-05-22 15:58:00,4.0,3600.0,3600.0,6.0,2026-05,1,1
14066,C1191,2026-04-20 23:42:00,44.0,Female,Cairo,Electronics,Keyboard,2,900,0.15,Wallet,Delivered,2026-04-23 23:42:00,1.0,1530.0,1530.0,3.0,2026-04,1,0
18920,C1639,2026-05-13 03:45:00,41.0,Female,Tanta,Fashion,Jacket,1,1200,0.1,Mastercard,Delivered,2026-05-20 03:45:00,4.0,1080.0,1080.0,7.0,2026-05,1,1
17724,C0336,2026-05-09 18:25:00,21.0,Male,Alexandria,Sports,Tennis Racket,1,1600,0.1,Cash,Delivered,2026-05-11 18:25:00,4.0,1440.0,1440.0,2.0,2026-05,1,1
17538,C0923,2026-06-29 02:51:00,70.0,Male,Alexandria,Sports,Tennis Racket,1,1600,0.2,Bank Transfer,Delivered,2026-07-04 02:51:00,2.0,1280.0,1280.0,5.0,2026-06,1,0
17985,C1789,2026-06-23 07:31:00,37.0,Male,Cairo,Fashion,Jeans,2,900,0.05,Bank Transfer,Delivered,2026-06-28 07:31:00,4.0,1710.0,1710.0,5.0,2026-06,1,1
14623,C0156,2026-06-02 00:00:00,67.0,Male,Tanta,Electronics,Headphones,2,850,0.1,Mastercard,Delivered,2026-06-05 15:17:00,4.0,1530.0,1530.0,3.6368055555555556,2026-06,1,1
14994,C0285,2026-03-10 07:52:00,28.0,Male,Mansoura,Electronics,Smart Watch,1,2200,0.05,Mastercard,Delivered,2026-03-14 07:52:00,4.0,2090.0,2090.0,4.0,2026-03,1,1
17812,C0055,2026-05-09 10:42:00,34.0,Female,Cairo,Fashion,Jeans,2,900,0.0,Bank Transfer,Delivered,2026-05-11 10:42:00,3.0,1800.0,1800.0,2.0,2026-05,1,0
19746,C1017,2026-03-29 01:46:00,52.0,Female,Alexandria,Home,Blender,3,1200,0.1,Wallet,Delivered,2026-04-01 01:46:00,2.0,3240.0,3240.0,3.0,2026-03,1,0
13388,C0467,2026-03-22 08:51:00,65.0,Female,Cairo,Sports,Football,1,650,0.1,Cash,Pending,,,585.0,585.0,,2026-03,0,
18688,C0120,2026-04-20 21:22:00,25.0,Female,Cairo,Fashion,Shoes,2,1500,0.1,Wallet,Delivered,2026-04-25 21:22:00,,2700.0,2700.0,5.0,2026-04,1,
14298,C1475,2026-06-07 07:30:00,65.0,Female,Alexandria,Fashion,Jeans,3,900,0.05,Cash,Delivered,2026-06-10 07:30:00,3.0,2565.0,2565.0,3.0,2026-06,1,0
13897,C0023,2026-05-24 11:01:00,24.0,Female,Cairo,Sports,Yoga Mat,3,600,0.1,Visa,Delivered,2026-05-27 11:01:00,4.0,1620.0,1620.0,3.0,2026-05,1,1
14178,C0547,2026-05-24 00:30:00,39.0,Female,Mansoura,Sports,Dumbbells,3,1400,0.0,Cash,Delivered,2026-05-31 00:30:00,4.0,4200.0,4200.0,7.0,2026-05,1,1
16206,C1972,2026-04-03 11:09:00,49.0,Female,Mansoura,Beauty,Makeup Kit,1,900,0.0,Wallet,Pending,,,900.0,900.0,,2026-04,0,
18776,C0279,2026-04-18 04:38:00,64.0,Female,Mansoura,Home,Blender,2,1200,0.2,Wallet,Delivered,2026-04-21 04:38:00,3.0,1920.0,1920.0,3.0,2026-04,1,0
10245,C1961,2026-02-15 11:05:00,34.0,Female,Giza,Beauty,Perfume,2,1100,0.05,Mastercard,Delivered,2026-02-18 11:05:00,4.0,2090.0,2090.0,3.0,2026-02,1,1
13136,C0257,2026-02-17 10:37:00,37.0,Male,Cairo,Home,Coffee Maker,1,1800,0.05,Mastercard,Delivered,2026-02-20 10:37:00,5.0,1710.0,1710.0,3.0,2026-02,1,1
10204,C0561,2026-02-01 06:20:00,37.0,Male,Cairo,Home,Chair,2,2500,0.05,Bank Transfer,Delivered,2026-02-03 06:20:00,4.0,4750.0,4750.0,2.0,2026-02,1,1
11125,C1672,2026-02-19 15:37:00,27.0,Male,Giza,Home,Coffee Maker,2,1800,0.05,Cash,Delivered,2026-02-21 15:37:00,3.0,3420.0,3420.0,2.0,2026-02,1,0
12617,C0311,2026-06-09 13:00:00,44.0,Male,Mansoura,Sports,Running Shoes,3,1800,0.15,Cash,Delivered,2026-06-14 13:00:00,4.0,4590.0,4590.0,5.0,2026-06,1,1
18389,C0109,2026-03-28 06:42:00,62.0,Female,Alexandria,Beauty,Makeup Kit,1,900,0.1,Mastercard,Delivered,2026-03-31 06:42:00,3.0,810.0,810.0,3.0,2026-03,1,0
14612,C1669,2026-01-09 03:32:00,44.0,Male,Cairo,Electronics,Laptop,1,18000,0.1,Cash,Delivered,2026-01-12 03:32:00,5.0,16200.0,16200.0,3.0,2026-01,1,1
10626,C1035,2026-04-28 03:38:00,70.0,Male,Cairo,Sports,Dumbbells,1,1400,0.0,Wallet,Pending,,,1400.0,1400.0,,2026-04,0,
13912,C1837,2026-04-22 14:50:00,21.0,Female,Aswan,Home,Blender,1,1200,0.05,Visa,Delivered,2026-04-26 14:50:00,3.0,1140.0,1140.0,4.0,2026-04,1,0
16672,C1557,2026-06-05 10:37:00,39.0,Female,Giza,Electronics,Headphones,4,850,0.1,Visa,Delivered,2026-06-09 10:37:00,4.0,3060.0,3060.0,4.0,2026-06,1,1
17102,C1367,2026-05-07 19:36:00,60.0,Male,Cairo,Home,Lamp,1,300,0.05,Bank Transfer,Delivered,2026-05-12 19:36:00,1.0,285.0,285.0,5.0,2026-05,1,0
12140,C0178,2026-01-04 17:02:00,33.0,Male,Aswan,Fashion,Jeans,3,900,0.1,Mastercard,Delivered,2026-01-08 17:02:00,4.0,2430.0,2430.0,4.0,2026-01,1,1
19352,C1809,2026-02-20 10:41:00,46.0,Female,Cairo,Home,Lamp,1,300,0.15,Cash,Delivered,2026-02-27 10:41:00,3.0,255.0,255.0,7.0,2026-02,1,0
12324,C1083,2026-03-15 14:00:00,45.0,Female,Giza,Fashion,Bag,4,750,0.15,Visa,Delivered,2026-03-18 14:00:00,5.0,2550.0,2805.0,3.0,2026-03,1,1
11828,C0071,2026-03-30 01:43:00,65.0,Female,Cairo,Home,Bedsheet,1,700,0.05,Bank Transfer,Delivered,2026-04-02 01:43:00,3.0,665.0,665.0,3.0,2026-03,1,0
14497,C0739,2026-03-27 10:37:00,35.0,Male,Alexandria,Beauty,Hair Dryer,2,1300,0.1,Mastercard,Delivered,2026-03-30 10:37:00,4.0,2340.0,2340.0,3.0,2026-03,1,1
16575,C1871,2026-04-17 04:48:00,65.0,Male,Cairo,Beauty,Shampoo,2,250,0.15,Mastercard,Delivered,2026-04-19 04:48:00,2.0,425.0,425.0,2.0,2026-04,1,0
19650,C0889,2026-04-01 12:51:00,30.0,Male,Alexandria,Home,Bedsheet,1,700,0.05,Cash,Delivered,2026-04-04 12:51:00,3.0,665.0,665.0,3.0,2026-04,1,0
14508,C1518,2026-01-08 04:36:00,31.0,Female,Giza,Sports,Running Shoes,1,1800,0.1,Cash,Delivered,2026-01-12 04:36:00,5.0,1620.0,1620.0,4.0,2026-01,1,1
10821,C0653,2026-02-27 17:02:00,40.0,Female,Tanta,Home,Coffee Maker,4,1800,0.05,Visa,Delivered,2026-03-01 17:02:00,4.0,6840.0,6840.0,2.0,2026-02,1,1
16039,C1642,2026-01-31 01:12:00,59.0,Male,Alexandria,Home,Bedsheet,1,700,0.15,Wallet,Delivered,2026-02-05 01:12:00,5.0,595.0,595.0,5.0,2026-01,1,1
10581,C0018,2026-04-27 15:12:00,56.0,Female,Giza,Electronics,Headphones,1,850,0.1,Visa,Cancelled,,,765.0,765.0,,2026-04,0,
13651,C1099,2026-03-25 20:59:00,53.0,Female,Tanta,Home,Bedsheet,2,700,0.05,Wallet,Delivered,2026-03-28 20:59:00,4.0,1330.0,1330.0,3.0,2026-03,1,1
12699,C1991,2026-04-29 18:21:00,39.0,Female,Cairo,Home,Blender,4,1200,0.1,Mastercard,Delivered,2026-05-01 18:21:00,3.0,4320.0,4320.0,2.0,2026-04,1,0
16941,C1825,2026-02-02 19:27:00,43.0,Female,Giza,Electronics,Keyboard,1,900,0.0,Bank Transfer,Delivered,2026-02-07 19:27:00,3.0,900.0,900.0,5.0,2026-02,1,0
14928,C1328,2026-03-19 18:19:00,21.0,Male,Mansoura,Home,Coffee Maker,1,500,0.0,Cash,Delivered,2026-03-24 18:19:00,5.0,500.0,1800.0,5.0,2026-03,1,1
11693,C0368,2026-02-21 06:59:00,47.0,Female,Cairo,Beauty,Hair Dryer,1,1300,0.15,Wallet,Delivered,2026-02-24 06:59:00,4.0,1105.0,1105.0,3.0,2026-02,1,1
13188,C0753,2026-06-18 05:33:00,45.0,Male,Cairo,Fashion,Jeans,2,900,0.15,Visa,Delivered,2026-06-21 05:33:00,4.0,1530.0,1530.0,3.0,2026-06,1,1
15841,C1970,2026-04-05 18:08:00,50.0,Female,Giza,Electronics,Mouse,1,450,0.0,Bank Transfer,Delivered,2026-04-06 18:08:00,4.0,450.0,450.0,1.0,2026-04,1,1
19036,C1120,2026-05-04 00:21:00,60.0,Male,Mansoura,Fashion,Shoes,1,1500,0.15,Wallet,Delivered,2026-05-07 00:21:00,5.0,1275.0,1275.0,3.0,2026-05,1,1
14836,C0707,2026-04-05 07:38:00,46.0,Female,Giza,Beauty,Face Cream,2,450,0.1,Cash,Delivered,2026-04-08 07:38:00,5.0,810.0,810.0,3.0,2026-04,1,1
15856,C1324,2026-05-26 10:49:00,61.0,Female,Cairo,Beauty,Perfume,3,1100,0.05,Cash,Delivered,2026-05-30 10:49:00,5.0,3135.0,3135.0,4.0,2026-05,1,1
16087,C0991,2026-03-19 16:26:00,18.0,Female,Alexandria,Beauty,Perfume,1,1100,0.0,Visa,Delivered,2026-03-23 16:26:00,3.0,1100.0,1100.0,4.0,2026-03,1,0
13920,C0962,2026-01-29 15:50:00,59.0,Male,Mansoura,Fashion,Jeans,2,900,0.0,Cash,Delivered,2026-02-01 15:50:00,2.0,1800.0,1800.0,3.0,2026-01,1,0
17882,C0722,2026-01-12 15:19:00,33.0,Male,Mansoura,Beauty,Face Cream,4,450,0.15,Bank Transfer,Delivered,2026-01-14 15:19:00,4.0,1530.0,1530.0,2.0,2026-01,1,1
19572,C0953,2026-03-08 23:10:00,54.0,Male,Cairo,Home,Lamp,1,300,0.05,Wallet,Delivered,2026-03-09 23:10:00,5.0,285.0,285.0,1.0,2026-03,1,1
13470,C1778,2026-03-07 10:04:00,34.0,Female,Giza,Electronics,Keyboard,1,900,0.0,Cash,Pending,,,900.0,900.0,,2026-03,0,
16829,C1609,2026-04-07 01:33:00,52.0,Male,Cairo,Home,Coffee Maker,1,1800,0.0,Wallet,Delivered,2026-04-11 01:33:00,2.0,1800.0,1800.0,4.0,2026-04,1,0
10844,C1679,2026-06-23 22:11:00,46.0,Male,Aswan,Home,Blender,1,1200,0.1,Bank Transfer,Delivered,2026-06-30 22:11:00,4.0,1080.0,1080.0,7.0,2026-06,1,1
11326,C1794,2026-05-03 04:25:00,58.0,Female,Cairo,Home,Blender,2,1200,0.1,Cash,Delivered,2026-05-08 04:25:00,5.0,2160.0,2160.0,5.0,2026-05,1,1
15138,C1267,2026-05-07 17:22:00,69.0,Female,Giza,Electronics,Headphones,2,850,0.0,Visa,Delivered,2026-05-09 17:22:00,3.0,1700.0,1700.0,2.0,2026-05,1,0
12083,C1148,2026-04-14 05:59:00,65.0,Male,Giza,Electronics,Keyboard,4,900,0.15,Unknown,Delivered,2026-04-18 05:59:00,4.0,3060.0,3060.0,4.0,2026-04,1,1
13656,C0190,2026-04-16 05:09:00,39.0,Female,Alexandria,Fashion,Jeans,4,900,0.15,Wallet,Pending,,,3060.0,3060.0,,2026-04,0,
13753,C1768,2026-03-05 14:07:00,51.0,Female,Cairo,Home,Blender,1,1200,0.0,Bank Transfer,Delivered,2026-03-10 14:07:00,4.0,1200.0,1200.0,5.0,2026-03,1,1
18702,C1583,2026-02-20 06:16:00,57.0,Male,Cairo,Home,Chair,2,2500,0.15,Bank Transfer,Delivered,2026-02-23 06:16:00,3.0,4250.0,4250.0,3.0,2026-02,1,0
14432,C1971,2026-02-11 03:28:00,62.0,Male,Mansoura,Fashion,Jeans,1,900,0.15,Bank Transfer,Cancelled,,,765.0,765.0,,2026-02,0,
10146,C1001,2026-01-23 18:44:00,28.0,Female,Cairo,Sports,Running Shoes,4,1800,0.0,Visa,Delivered,2026-01-26 18:44:00,5.0,7200.0,7200.0,3.0,2026-01,1,1
12163,C1226,2026-03-28 00:00:00,50.0,Male,Alexandria,Electronics,Smart Watch,2,2200,0.0,Cash,Delivered,2026-03-31 18:14:00,4.0,4400.0,4400.0,3.7597222222222224,2026-03,1,1
16187,C1733,2026-05-14 21:21:00,55.0,Male,Cairo,Home,Blender,3,1200,0.0,Mastercard,Delivered,2026-05-21 21:21:00,4.0,3600.0,3600.0,7.0,2026-05,1,1
12382,C1533,2026-05-16 22:06:00,52.0,Female,Giza,Electronics,Headphones,4,850,0.0,Cash,Delivered,2026-05-21 22:06:00,1.0,3400.0,3400.0,5.0,2026-05,1,0
15745,C1838,2026-05-20 07:23:00,35.0,Male,Cairo,Sports,Tennis Racket,1,1600,0.05,Bank Transfer,Delivered,2026-05-22 07:23:00,5.0,1520.0,1520.0,2.0,2026-05,1,1
12392,C1462,2026-02-20 05:45:00,52.0,Male,Cairo,Beauty,Hair Dryer,1,1300,0.0,Visa,Delivered,2026-02-26 05:45:00,4.0,1300.0,1300.0,6.0,2026-02,1,1
14080,C0725,2026-05-28 05:39:00,69.0,Female,Cairo,Fashion,Bag,2,750,0.1,Bank Transfer,Delivered,2026-05-30 05:39:00,3.0,1350.0,1350.0,2.0,2026-05,1,0
15324,C0864,2026-06-05 08:30:00,40.0,Female,Tanta,Beauty,Hair Dryer,1,1300,0.1,Cash,Pending,,,1170.0,1170.0,,2026-06,0,
17655,C1939,2026-01-20 05:47:00,53.0,Female,Giza,Fashion,Jacket,1,1200,0.1,Cash,Pending,,,1080.0,1080.0,,2026-01,0,
16636,C0862,2026-05-13 01:34:00,22.0,Female,Alexandria,Beauty,Makeup Kit,1,900,0.1,Mastercard,Cancelled,,,810.0,810.0,,2026-05,0,
15222,C1243,2026-01-18 05:30:00,26.0,Male,Tanta,Home,Coffee Maker,2,1800,0.1,Bank Transfer,Delivered,2026-01-19 05:30:00,4.0,3240.0,3240.0,1.0,2026-01,1,1
14226,C0430,2026-06-21 00:00:00,20.0,Female,Giza,Electronics,Laptop,1,18000,0.05,Mastercard,Delivered,2026-06-26 01:53:00,5.0,17100.0,17100.0,5.0784722222222225,2026-06,1,1
16795,C0617,2026-04-28 18:11:00,49.0,Female,Cairo,Electronics,Headphones,3,850,0.0,Wallet,Pending,,,2550.0,2550.0,,2026-04,0,
13048,C0836,2026-04-10 07:42:00,18.0,Male,Alexandria,Electronics,Smart Watch,3,2200,0.0,Bank Transfer,Delivered,2026-04-12 07:42:00,4.0,6600.0,6600.0,2.0,2026-04,1,1
18991,C1914,2026-06-22 08:49:00,27.0,Female,Cairo,Beauty,Shampoo,1,250,0.05,Cash,Delivered,2026-06-28 08:49:00,4.0,237.5,237.5,6.0,2026-06,1,1
10598,C0158,2026-01-19 20:38:00,30.0,Male,Giza,Home,Chair,1,2500,0.15,Mastercard,Delivered,2026-01-25 20:38:00,5.0,2125.0,2125.0,6.0,2026-01,1,1
11615,C1434,2026-02-02 03:03:00,26.0,Male,Tanta,Sports,Yoga Mat,3,600,0.0,Wallet,Cancelled,,,1800.0,1800.0,,2026-02,0,
14665,C0214,2026-05-21 11:15:00,63.0,Male,Mansoura,Electronics,Laptop,3,18000,0.1,Cash,Delivered,2026-05-24 11:15:00,4.0,48600.0,48600.0,3.0,2026-05,1,1
14987,C1973,2026-06-16 20:47:00,40.0,Male,Tanta,Beauty,Hair Dryer,1,1300,0.05,Mastercard,Delivered,2026-06-22 20:47:00,5.0,1235.0,1235.0,6.0,2026-06,1,1
13766,C1803,2026-05-28 07:27:00,38.0,Male,Giza,Electronics,Mouse,1,450,0.0,Cash,Delivered,2026-05-30 07:27:00,5.0,450.0,450.0,2.0,2026-05,1,1
19377,C0647,2026-04-23 00:00:00,29.0,Female,Cairo,Home,Blender,1,1200,0.15,Bank Transfer,Pending,,,1020.0,1020.0,,2026-04,0,
11682,C0044,2026-03-21 23:09:00,40.0,Male,Alexandria,Home,Bedsheet,4,700,0.05,Visa,Delivered,2026-03-27 23:09:00,5.0,2660.0,2660.0,6.0,2026-03,1,1
18687,C1217,2026-01-25 20:50:00,51.0,Female,Giza,Fashion,Shoes,1,1500,0.1,Mastercard,Delivered,2026-01-28 20:50:00,5.0,1350.0,1350.0,3.0,2026-01,1,1
14106,C0330,2026-06-04 18:56:00,32.0,Male,Cairo,Electronics,Keyboard,1,900,0.15,Bank Transfer,Delivered,2026-06-06 18:56:00,3.0,765.0,765.0,2.0,2026-06,1,0
10362,C1807,2026-05-20 00:44:00,31.0,Female,Alexandria,Fashion,T-Shirt,1,500,0.0,Visa,Delivered,2026-05-22 00:44:00,2.0,500.0,500.0,2.0,2026-05,1,0
11983,C1987,2026-04-20 11:14:00,55.0,Male,Alexandria,Electronics,Smart Watch,2,2200,0.0,Cash,Delivered,2026-04-24 11:14:00,5.0,4400.0,4400.0,4.0,2026-04,1,1
13057,C1919,2026-04-15 00:00:00,44.0,Male,Mansoura,Sports,Football,4,650,0.15,Cash,Delivered,2026-04-18 14:11:00,3.0,2210.0,2210.0,3.5909722222222222,2026-04,1,0
11150,C0412,2026-05-24 15:17:00,25.0,Male,Cairo,Sports,Dumbbells,1,1400,0.1,Bank Transfer,Cancelled,,,1260.0,1260.0,,2026-05,0,
13727,C1045,2026-06-14 11:50:00,51.0,Female,Giza,Home,Lamp,1,300,0.1,Bank Transfer,Delivered,2026-06-16 11:50:00,5.0,270.0,270.0,2.0,2026-06,1,1
19430,C0480,2026-04-05 01:30:00,53.0,Male,Giza,Beauty,Perfume,1,1100,0.1,Wallet,Delivered,2026-04-07 01:30:00,5.0,990.0,990.0,2.0,2026-04,1,1
16581,C1581,2026-06-27 18:27:00,25.0,Female,Cairo,Fashion,Bag,4,750,0.0,Mastercard,Delivered,2026-06-28 18:27:00,3.0,3000.0,3000.0,1.0,2026-06,1,0
17216,C0725,2026-06-27 22:12:00,66.0,Female,Cairo,Electronics,Headphones,1,850,0.05,Wallet,Pending,,,807.5,807.5,,2026-06,0,
12984,C0170,2026-02-23 15:03:00,47.0,Male,Cairo,Fashion,Bag,2,750,0.1,Visa,Delivered,2026-02-27 15:03:00,3.0,1350.0,1350.0,4.0,2026-02,1,0
18250,C0849,2026-03-19 12:09:00,55.0,Female,Giza,Beauty,Hair Dryer,3,1300,0.0,Mastercard,Delivered,2026-03-22 12:09:00,3.0,3900.0,3900.0,3.0,2026-03,1,0
13715,C0836,2026-02-28 01:24:00,55.0,Female,Tanta,Fashion,Bag,1,750,0.15,Visa,Delivered,2026-03-04 01:24:00,5.0,637.5,637.5,4.0,2026-02,1,1
15335,C0146,2026-05-08 19:57:00,63.0,Male,Cairo,Home,Bedsheet,2,700,0.1,Visa,Delivered,2026-05-11 19:57:00,5.0,1260.0,1260.0,3.0,2026-05,1,1
13964,C1977,2026-06-01 00:00:00,42.0,Male,Cairo,Sports,Football,3,650,0.2,Mastercard,Delivered,2026-06-04 06:32:00,,1560.0,1560.0,3.272222222222222,2026-06,1,
12916,C1940,2026-01-19 07:28:00,35.0,Female,Cairo,Home,Bedsheet,2,700,0.05,Wallet,Delivered,2026-01-22 07:28:00,3.0,1330.0,1330.0,3.0,2026-01,1,0
12090,C0462,2026-01-11 02:16:00,44.0,Male,Cairo,Electronics,Mouse,2,450,0.05,Bank Transfer,Delivered,2026-01-14 02:16:00,4.0,855.0,855.0,3.0,2026-01,1,1
18001,C1589,2026-04-15 05:22:00,29.0,Female,Alexandria,Electronics,Smart Watch,1,2200,0.0,Cash,Delivered,2026-04-19 05:22:00,5.0,2200.0,2200.0,4.0,2026-04,1,1
16027,C0250,2026-02-11 04:38:00,24.0,Male,Aswan,Beauty,Hair Dryer,4,1300,0.05,Bank Transfer,Delivered,2026-02-14 04:38:00,4.0,4940.0,4940.0,3.0,2026-02,1,1
18890,C1340,2026-04-16 03:00:00,56.0,Female,Alexandria,Sports,Football,1,650,0.1,Bank Transfer,Pending,,,585.0,585.0,,2026-04,0,
19860,C1999,2026-06-14 13:02:00,70.0,Female,Cairo,Home,Bedsheet,2,700,0.1,Bank Transfer,Delivered,2026-06-21 13:02:00,3.0,1260.0,1260.0,7.0,2026-06,1,0
19122,C0059,2026-02-02 01:22:00,62.0,Male,Alexandria,Sports,Running Shoes,1,1800,0.05,Mastercard,Delivered,2026-02-08 01:22:00,4.0,1710.0,1710.0,6.0,2026-02,1,1
18273,C1072,2026-06-16 05:23:00,49.0,Male,Tanta,Fashion,Bag,2,750,0.0,Cash,Delivered,2026-06-19 05:23:00,5.0,1500.0,1500.0,3.0,2026-06,1,1
16666,C1703,2026-03-24 10:02:00,45.0,Female,Giza,Beauty,Face Cream,3,450,0.1,Bank Transfer,Delivered,2026-03-31 10:02:00,3.0,1215.0,1215.0,7.0,2026-03,1,0
13735,C0212,2026-06-16 15:22:00,51.0,Male,Cairo,Sports,Dumbbells,1,1400,0.1,Bank Transfer,Delivered,2026-06-20 15:22:00,5.0,1260.0,1260.0,4.0,2026-06,1,1
11052,C1844,2026-01-28 03:51:00,35.0,Female,Giza,Home,Chair,4,2500,0.0,Wallet,Pending,,,10000.0,10000.0,,2026-01,0,
15344,C1759,2026-01-16 12:03:00,19.0,Male,Cairo,Sports,Running Shoes,3,1800,0.15,Bank Transfer,Delivered,2026-01-19 12:03:00,5.0,4590.0,4590.0,3.0,2026-01,1,1
13558,C0923,2026-05-10 08:54:00,50.0,Female,Cairo,Electronics,Laptop,4,18000,0.0,Visa,Cancelled,,,72000.0,72000.0,,2026-05,0,
18626,C1594,2026-02-10 08:37:00,40.0,Male,Giza,Electronics,Mouse,1,450,0.15,Wallet,Delivered,2026-02-11 08:37:00,1.0,382.5,382.5,1.0,2026-02,1,0
10683,C0913,2026-05-22 18:08:00,47.0,Female,Cairo,Home,Lamp,2,300,0.0,Cash,Delivered,2026-05-26 18:08:00,4.0,600.0,600.0,4.0,2026-05,1,1
15808,C0744,2026-01-13 23:39:00,34.0,Female,Giza,Home,Coffee Maker,2,1800,0.05,Cash,Delivered,2026-01-15 23:39:00,5.0,3420.0,3420.0,2.0,2026-01,1,1
14654,C0353,2026-04-09 15:53:00,51.0,Female,Cairo,Sports,Football,4,650,0.05,Mastercard,Delivered,2026-04-14 15:53:00,4.0,2470.0,2470.0,5.0,2026-04,1,1
14372,C1144,2026-01-12 10:38:00,24.0,Male,Alexandria,Sports,Dumbbells,1,1400,0.15,Mastercard,Pending,,,1190.0,1190.0,,2026-01,0,
12166,C0686,2026-02-13 02:26:00,69.0,Male,Giza,Home,Blender,2,1200,0.1,Wallet,Delivered,2026-02-19 02:26:00,3.0,2160.0,2160.0,6.0,2026-02,1,0
16583,C0430,2026-05-01 17:06:00,37.0,Male,Cairo,Sports,Running Shoes,1,1800,0.1,Bank Transfer,Pending,,,1620.0,1904.0,,2026-05,0,
14126,C1486,2026-04-20 14:24:00,39.0,Female,Cairo,Fashion,Jacket,1,1200,0.1,Visa,Delivered,2026-04-26 14:24:00,4.0,1080.0,1080.0,6.0,2026-04,1,1
15241,C0259,2026-02-25 11:25:00,41.0,Male,Giza,Electronics,Mouse,1,450,0.0,Mastercard,Pending,,,450.0,450.0,,2026-02,0,
17494,C0855,2026-03-10 10:02:00,41.0,Female,Alexandria,Home,Lamp,2,300,0.1,Visa,Delivered,2026-03-13 10:02:00,5.0,540.0,540.0,3.0,2026-03,1,1
15151,C1374,2026-02-08 19:00:00,52.0,Female,Cairo,Fashion,Bag,2,750,0.0,Cash,Delivered,2026-02-13 19:00:00,5.0,1500.0,1500.0,5.0,2026-02,1,1
15023,C1625,2026-01-02 20:42:00,44.0,Female,Cairo,Home,Chair,1,2500,0.2,Wallet,Delivered,2026-01-06 20:42:00,4.0,2000.0,2000.0,4.0,2026-01,1,1
14824,C0355,2026-03-28 22:55:00,27.0,Male,Alexandria,Electronics,Mouse,3,450,0.0,Wallet,Delivered,2026-04-04 22:55:00,5.0,1350.0,1350.0,7.0,2026-03,1,1
15783,C1525,2026-01-24 03:19:00,60.0,Female,Giza,Electronics,Keyboard,1,900,0.0,Visa,Cancelled,,,900.0,900.0,,2026-01,0,
17311,C1194,2026-02-03 17:25:00,19.0,Female,Alexandria,Electronics,Laptop,1,18000,0.2,Visa,Delivered,2026-02-08 17:25:00,4.0,14400.0,14400.0,5.0,2026-02,1,1
17257,C0162,2026-06-24 20:13:00,22.0,Female,Cairo,Sports,Running Shoes,3,1800,0.0,Cash,Delivered,2026-06-27 20:13:00,5.0,5400.0,5400.0,3.0,2026-06,1,1
11395,C1444,2026-01-24 21:37:00,34.0,Male,Cairo,Sports,Running Shoes,1,1800,0.0,Bank Transfer,Delivered,2026-01-26 21:37:00,3.0,1800.0,1800.0,2.0,2026-01,1,0
12905,C1656,2026-05-11 00:00:00,18.0,Male,Cairo,Electronics,Smart Watch,3,2200,0.05,Wallet,Delivered,2026-05-12 20:32:00,4.0,6270.0,6270.0,1.8555555555555556,2026-05,1,1
16626,C1513,2026-01-25 09:24:00,28.0,Male,Alexandria,Electronics,Headphones,2,850,0.1,Cash,Pending,,,1530.0,1530.0,,2026-01,0,
12549,C1904,2026-04-11 15:00:00,22.0,Female,Cairo,Beauty,Face Cream,1,450,0.0,Mastercard,Delivered,2026-04-14 15:00:00,5.0,450.0,450.0,3.0,2026-04,1,1
15562,C1398,2026-01-30 00:44:00,61.0,Male,Cairo,Electronics,Laptop,2,18000,0.0,Bank Transfer,Delivered,2026-02-03 00:44:00,5.0,36000.0,36000.0,4.0,2026-01,1,1
12958,C1844,2026-06-06 07:06:00,25.0,Female,Cairo,Electronics,Keyboard,1,900,0.0,Cash,Delivered,2026-06-12 07:06:00,4.0,900.0,900.0,6.0,2026-06,1,1
17858,C0121,2026-03-17 18:36:00,19.0,Male,Cairo,Sports,Football,3,650,0.1,Wallet,Cancelled,,,1755.0,1755.0,,2026-03,0,
14068,C0151,2026-02-06 07:25:00,39.0,Female,Aswan,Beauty,Makeup Kit,1,900,0.1,Bank Transfer,Delivered,2026-02-07 07:25:00,5.0,810.0,810.0,1.0,2026-02,1,1
12373,C0341,2026-01-09 21:46:00,18.0,Male,Cairo,Sports,Running Shoes,1,1800,0.05,Visa,Delivered,2026-01-14 21:46:00,4.0,1710.0,1710.0,5.0,2026-01,1,1
10785,C0127,2026-01-29 05:14:00,33.0,Male,Cairo,Fashion,Bag,3,750,0.15,Visa,Delivered,2026-02-04 05:14:00,5.0,1912.5,1912.5,6.0,2026-01,1,1
13165,C0641,2026-04-07 03:48:00,48.0,Female,Cairo,Fashion,Jacket,4,1200,0.2,Mastercard,Delivered,2026-04-11 03:48:00,4.0,3840.0,3840.0,4.0,2026-04,1,1
17098,C0647,2026-04-09 11:05:00,36.0,Male,Cairo,Fashion,Bag,1,750,0.0,Wallet,Delivered,2026-04-12 11:05:00,3.0,750.0,750.0,3.0,2026-04,1,0
10448,C1426,2026-02-03 12:05:00,38.0,Male,Cairo,Fashion,Jeans,1,900,0.0,Mastercard,Delivered,2026-02-07 12:05:00,4.0,900.0,900.0,4.0,2026-02,1,1
11499,C0365,2026-06-08 07:29:00,30.0,Male,Giza,Beauty,Shampoo,1,250,0.0,Bank Transfer,Delivered,2026-06-13 07:29:00,4.0,250.0,250.0,5.0,2026-06,1,1
14022,C0039,2026-05-11 22:00:00,40.0,Male,Cairo,Beauty,Makeup Kit,1,900,0.05,Cash,Delivered,2026-05-14 22:00:00,2.0,855.0,855.0,3.0,2026-05,1,0
18196,C0149,2026-05-11 15:10:00,30.0,Female,Cairo,Beauty,Makeup Kit,1,900,0.05,Mastercard,Delivered,2026-05-15 15:10:00,4.0,855.0,855.0,4.0,2026-05,1,1
19588,C1521,2026-04-22 23:36:00,28.0,Female,Cairo,Home,Bedsheet,3,700,0.0,Wallet,Delivered,2026-04-25 23:36:00,3.0,2100.0,2100.0,3.0,2026-04,1,0
13065,C1820,2026-05-02 03:16:00,55.0,Male,Aswan,Home,Bedsheet,2,700,0.1,Cash,Delivered,2026-05-07 03:16:00,5.0,1260.0,1260.0,5.0,2026-05,1,1
17891,C0073,2026-05-13 04:40:00,39.0,Female,Cairo,Sports,Dumbbells,4,1400,0.2,Bank Transfer,Cancelled,,,4480.0,4480.0,,2026-05,0,
19129,C0182,2026-05-20 17:18:00,64.0,Male,Giza,Fashion,Jacket,3,1200,0.1,Wallet,Delivered,2026-05-24 17:18:00,3.0,3240.0,3240.0,4.0,2026-05,1,0
17228,C0722,2026-01-10 21:50:00,62.0,Female,Mansoura,Home,Blender,4,1200,0.1,Mastercard,Delivered,2026-01-15 21:50:00,3.0,4320.0,4320.0,5.0,2026-01,1,0
13247,C0215,2026-03-09 23:40:00,57.0,Female,Alexandria,Electronics,Headphones,1,850,0.1,Cash,Delivered,2026-03-10 23:40:00,3.0,765.0,765.0,1.0,2026-03,1,0
18134,C0276,2026-03-22 19:43:00,25.0,Female,Cairo,Home,Bedsheet,1,700,0.1,Cash,Delivered,2026-03-23 19:43:00,5.0,630.0,630.0,1.0,2026-03,1,1
16776,C1896,2026-01-29 20:40:00,22.0,Female,Cairo,Sports,Dumbbells,2,1400,0.0,Bank Transfer,Delivered,2026-02-01 20:40:00,5.0,2800.0,2800.0,3.0,2026-01,1,1
19641,C1143,2026-01-04 10:25:00,49.0,Male,Cairo,Electronics,Headphones,2,850,0.05,Cash,Delivered,2026-01-06 10:25:00,4.0,1615.0,1615.0,2.0,2026-01,1,1
17567,C1847,2026-01-22 18:07:00,29.0,Male,Mansoura,Sports,Football,3,650,0.1,Wallet,Delivered,2026-01-26 18:07:00,2.0,1755.0,1755.0,4.0,2026-01,1,0
10925,C1468,2026-04-27 05:01:00,23.0,Male,Cairo,Sports,Dumbbells,2,1400,0.15,Visa,Delivered,2026-04-28 05:01:00,5.0,2380.0,2380.0,1.0,2026-04,1,1
10184,C0302,2026-04-14 13:06:00,40.0,Male,Cairo,Sports,Running Shoes,3,1800,0.2,Wallet,Delivered,2026-04-16 13:06:00,3.0,4320.0,4320.0,2.0,2026-04,1,0
16654,C1190,2026-04-17 10:17:00,44.0,Female,Cairo,Fashion,Jeans,3,900,0.05,Cash,Delivered,2026-04-19 10:17:00,5.0,2565.0,2565.0,2.0,2026-04,1,1
14515,C1386,2026-06-23 20:18:00,66.0,Male,Cairo,Home,Lamp,1,300,0.0,Mastercard,Delivered,2026-06-25 20:18:00,5.0,300.0,300.0,2.0,2026-06,1,1
15358,C1171,2026-04-10 14:22:00,38.0,Female,Aswan,Sports,Running Shoes,1,1800,0.0,Wallet,Delivered,2026-04-13 14:22:00,4.0,1800.0,1800.0,3.0,2026-04,1,1
13783,C0276,2026-03-21 06:17:00,25.0,Female,Tanta,Electronics,Headphones,4,850,0.1,Bank Transfer,Cancelled,,,3060.0,3060.0,,2026-03,0,
17683,C1501,2026-03-24 23:22:00,45.0,Female,Aswan,Sports,Football,1,650,0.1,Cash,Cancelled,,,585.0,585.0,,2026-03,0,
12229,C0245,2026-02-07 23:07:00,51.0,Female,Alexandria,Home,Chair,3,2500,0.0,Wallet,Delivered,2026-02-10 23:07:00,5.0,7500.0,7500.0,3.0,2026-02,1,1
13935,C1242,2026-01-21 15:09:00,49.0,Male,Tanta,Beauty,Hair Dryer,1,1300,0.15,Mastercard,Cancelled,,,1105.0,1105.0,,2026-01,0,
15075,C0938,2026-01-22 00:22:00,63.0,Male,Mansoura,Fashion,Bag,1,750,0.05,Bank Transfer,Delivered,2026-01-25 00:22:00,5.0,712.5,712.5,3.0,2026-01,1,1
10605,C0433,2026-04-10 22:18:00,29.0,Female,Cairo,Electronics,Laptop,2,18000,0.1,Mastercard,Delivered,2026-04-13 22:18:00,4.0,32400.0,32400.0,3.0,2026-04,1,1
18157,C1474,2026-05-30 08:50:00,32.0,Male,Alexandria,Electronics,Laptop,1,18000,0.05,Visa,Delivered,2026-06-03 08:50:00,5.0,17100.0,17100.0,4.0,2026-05,1,1
11022,C0561,2026-02-22 23:39:00,60.0,Male,Giza,Home,Coffee Maker,2,1800,0.1,Bank Transfer,Delivered,2026-02-24 23:39:00,5.0,3240.0,3240.0,2.0,2026-02,1,1
19896,C1193,2026-01-11 07:01:00,26.0,Female,Mansoura,Home,Chair,4,2500,0.0,Bank Transfer,Pending,,,10000.0,10000.0,,2026-01,0,
17165,C1394,2026-02-14 06:45:00,56.0,Female,Tanta,Electronics,Keyboard,1,900,0.1,Wallet,Delivered,2026-02-20 06:45:00,5.0,810.0,810.0,6.0,2026-02,1,1
19797,C1975,2026-03-21 09:57:00,43.0,Female,Tanta,Sports,Tennis Racket,1,1600,0.1,Wallet,Cancelled,,,1440.0,1440.0,,2026-03,0,
12885,Unknown,2026-02-26 01:14:00,37.0,Male,Cairo,Sports,Dumbbells,1,1400,0.15,Bank Transfer,Delivered,2026-02-28 01:14:00,3.0,1190.0,1190.0,2.0,2026-02,1,0
17506,C1898,2026-02-08 16:29:00,46.0,Male,Mansoura,Beauty,Shampoo,1,250,0.05,Bank Transfer,Delivered,2026-02-11 16:29:00,4.0,237.5,237.5,3.0,2026-02,1,1
17604,C0739,2026-04-13 18:22:00,48.0,Male,Cairo,Beauty,Shampoo,2,250,0.1,Cash,Delivered,2026-04-17 18:22:00,4.0,450.0,450.0,4.0,2026-04,1,1
12579,C0971,2026-02-26 02:28:00,31.0,Female,Giza,Fashion,Bag,4,750,0.0,Visa,Delivered,2026-02-28 02:28:00,4.0,3000.0,3000.0,2.0,2026-02,1,1
13516,C0622,2026-02-25 20:21:00,25.0,Female,Mansoura,Beauty,Perfume,4,1100,0.0,Cash,Delivered,2026-02-27 20:21:00,3.0,4400.0,4400.0,2.0,2026-02,1,0
15937,C0851,2026-05-18 17:01:00,54.0,Female,Tanta,Electronics,Keyboard,4,900,0.15,Cash,Delivered,2026-05-21 17:01:00,4.0,3060.0,3060.0,3.0,2026-05,1,1
15893,C1615,2026-03-02 21:41:00,66.0,Male,Mansoura,Fashion,Jacket,2,1200,0.0,Mastercard,Pending,,,2400.0,2400.0,,2026-03,0,
18581,C0262,2026-04-27 13:00:00,19.0,Female,Cairo,Electronics,Mouse,2,450,0.0,Visa,Delivered,2026-05-01 13:00:00,,900.0,900.0,4.0,2026-04,1,
12813,C1270,2026-03-31 05:37:00,21.0,Female,Cairo,Beauty,Makeup Kit,1,900,0.05,Cash,Delivered,2026-04-04 05:37:00,4.0,855.0,855.0,4.0,2026-03,1,1
19152,C1478,2026-04-12 05:19:00,56.0,Male,Giza,Fashion,Shoes,4,1500,0.0,Cash,Delivered,2026-04-15 05:19:00,4.0,6000.0,6000.0,3.0,2026-04,1,1
18398,C1350,2026-04-14 12:08:00,68.0,Male,Giza,Sports,Yoga Mat,4,600,0.0,Bank Transfer,Delivered,2026-04-16 12:08:00,5.0,2400.0,2400.0,2.0,2026-04,1,1
17233,C1059,2026-05-21 21:16:00,31.0,Female,Aswan,Sports,Running Shoes,4,1800,0.0,Cash,Delivered,2026-05-22 21:16:00,5.0,7200.0,7200.0,1.0,2026-05,1,1
14013,C1446,2026-03-07 21:55:00,53.0,Female,Giza,Electronics,Headphones,1,850,0.15,Bank Transfer,Delivered,2026-03-10 21:55:00,3.0,722.5,722.5,3.0,2026-03,1,0
15490,C0752,2026-03-10 09:19:00,39.0,Male,Mansoura,Fashion,Jacket,3,1200,0.0,Visa,Delivered,2026-03-13 09:19:00,4.0,3600.0,3600.0,3.0,2026-03,1,1
13028,C1800,2026-01-29 10:52:00,23.0,Female,Aswan,Fashion,Bag,1,750,0.0,Wallet,Delivered,2026-02-04 10:52:00,5.0,750.0,750.0,6.0,2026-01,1,1
18607,C1428,2026-05-02 22:17:00,47.0,Female,Alexandria,Electronics,Keyboard,1,900,0.0,Wallet,Delivered,2026-05-06 22:17:00,4.0,900.0,900.0,4.0,2026-05,1,1
15263,C1182,2026-02-10 00:49:00,56.0,Male,Cairo,Beauty,Hair Dryer,1,1300,0.1,Cash,Delivered,2026-02-12 00:49:00,4.0,1170.0,1170.0,2.0,2026-02,1,1
15060,C1209,2026-06-27 22:38:00,34.0,Female,Giza,Fashion,Bag,3,750,0.15,Wallet,Delivered,2026-06-30 22:38:00,3.0,1912.5,1912.5,3.0,2026-06,1,0
17249,C0516,2026-02-06 07:29:00,26.0,Female,Giza,Home,Coffee Maker,2,1800,0.15,Visa,Delivered,2026-02-11 07:29:00,5.0,3060.0,3060.0,5.0,2026-02,1,1
12073,C1288,2026-04-23 12:10:00,37.0,Male,Giza,Beauty,Hair Dryer,3,1300,0.0,Wallet,Delivered,2026-04-26 12:10:00,4.0,3900.0,3900.0,3.0,2026-04,1,1
15469,C0034,2026-03-25 14:32:00,28.0,Male,Alexandria,Sports,Tennis Racket,3,1600,0.1,Bank Transfer,Delivered,2026-03-28 14:32:00,5.0,4320.0,4320.0,3.0,2026-03,1,1
10863,C0907,2026-01-13 07:09:00,25.0,Male,Aswan,Fashion,Jeans,4,900,0.05,Mastercard,Delivered,2026-01-15 07:09:00,4.0,3420.0,3420.0,2.0,2026-01,1,1
17992,C0850,2026-06-25 03:57:00,38.0,Male,Cairo,Beauty,Shampoo,1,250,0.0,Wallet,Cancelled,,,250.0,250.0,,2026-06,0,
16542,C1412,2026-02-23 07:01:00,63.0,Male,Giza,Sports,Dumbbells,3,1400,0.0,Wallet,Cancelled,,,4200.0,4200.0,,2026-02,0,
12965,C0512,2026-03-28 13:10:00,63.0,Male,Cairo,Sports,Yoga Mat,1,600,0.1,Visa,Delivered,2026-04-03 13:10:00,4.0,540.0,540.0,6.0,2026-03,1,1
14698,C0824,2026-01-21 01:45:00,42.0,Male,Cairo,Beauty,Makeup Kit,1,900,0.15,Mastercard,Delivered,2026-01-24 01:45:00,4.0,765.0,765.0,3.0,2026-01,1,1
18570,C1338,2026-01-20 12:16:00,61.0,Male,Cairo,Fashion,T-Shirt,2,500,0.0,Visa,Delivered,2026-01-22 12:16:00,3.0,1000.0,1000.0,2.0,2026-01,1,0
19337,C0315,2026-04-16 03:07:00,19.0,Male,Alexandria,Electronics,Mouse,2,450,0.0,Mastercard,Delivered,2026-04-21 03:07:00,5.0,900.0,900.0,5.0,2026-04,1,1
18935,C1223,2026-04-13 23:47:00,51.0,Male,Alexandria,Home,Coffee Maker,1,1800,0.15,Mastercard,Delivered,2026-04-16 23:47:00,2.0,1530.0,1530.0,3.0,2026-04,1,0
14458,C0131,2026-01-17 23:54:00,29.0,Male,Cairo,Fashion,T-Shirt,1,500,0.1,Mastercard,Delivered,2026-01-21 23:54:00,4.0,450.0,450.0,4.0,2026-01,1,1
18611,C0688,2026-04-27 16:09:00,30.0,Male,Cairo,Sports,Dumbbells,2,1400,0.15,Bank Transfer,Delivered,2026-04-30 16:09:00,5.0,2380.0,2380.0,3.0,2026-04,1,1
13666,C1873,2026-01-11 23:35:00,50.0,Female,Giza,Electronics,Laptop,4,18000,0.15,Visa,Delivered,2026-01-12 23:35:00,4.0,61200.0,61200.0,1.0,2026-01,1,1
11841,C0900,2026-04-06 12:39:00,51.0,Female,Giza,Sports,Dumbbells,2,1400,0.1,Bank Transfer,Delivered,2026-04-09 12:39:00,4.0,2520.0,2520.0,3.0,2026-04,1,1
12099,C1755,2026-03-13 14:55:00,44.0,Female,Alexandria,Sports,Football,2,650,0.15,Visa,Delivered,,2.0,1105.0,1105.0,,2026-03,1,0
15404,C0820,2026-03-12 19:28:00,36.0,Female,Aswan,Sports,Yoga Mat,3,600,0.0,Bank Transfer,Pending,,,1800.0,1800.0,,2026-03,0,
16880,C1223,2026-03-16 00:00:00,70.0,Female,Cairo,Beauty,Shampoo,1,250,0.0,Cash,Delivered,2026-03-19 11:39:00,5.0,250.0,250.0,3.4854166666666666,2026-03,1,1
13809,C1362,2026-03-18 12:38:00,54.0,Female,Mansoura,Fashion,T-Shirt,1,500,0.0,Wallet,Delivered,2026-03-20 12:38:00,5.0,500.0,500.0,2.0,2026-03,1,1
10807,C1617,2026-06-24 06:53:00,48.0,Female,Cairo,Electronics,Headphones,2,850,0.1,Mastercard,Delivered,2026-06-27 06:53:00,4.0,1530.0,1530.0,3.0,2026-06,1,1
18143,C1160,2026-05-09 06:55:00,29.0,Female,Cairo,Beauty,Perfume,2,1100,0.1,Visa,Delivered,2026-05-15 06:55:00,5.0,1980.0,1980.0,6.0,2026-05,1,1
13372,C0601,2026-05-24 18:59:00,33.0,Female,Mansoura,Fashion,T-Shirt,2,500,0.0,Wallet,Delivered,2026-05-28 18:59:00,3.0,1000.0,1000.0,4.0,2026-05,1,0
15027,C1254,2026-02-19 20:47:00,40.0,Male,Tanta,Sports,Tennis Racket,1,1600,0.05,Mastercard,Delivered,2026-02-22 20:47:00,4.0,1520.0,1520.0,3.0,2026-02,1,1
10123,C1964,2026-01-24 02:19:00,63.0,Female,Giza,Home,Chair,4,2500,0.0,Wallet,Delivered,2026-01-28 02:19:00,3.0,10000.0,11000.0,4.0,2026-01,1,0
17109,C1321,2026-05-10 05:35:00,18.0,Female,Giza,Electronics,Laptop,3,18000,0.05,Cash,Delivered,2026-05-14 05:35:00,4.0,51300.0,51300.0,4.0,2026-05,1,1
16980,C1260,2026-02-26 05:36:00,30.0,Female,Cairo,Fashion,T-Shirt,1,500,0.0,Visa,Pending,,,500.0,500.0,,2026-02,0,
12784,C0487,2026-06-15 02:07:00,18.0,Female,Alexandria,Home,Blender,1,1200,0.0,Mastercard,Delivered,2026-06-19 02:07:00,3.0,1200.0,1200.0,4.0,2026-06,1,0
19209,C1405,2026-03-12 02:16:00,43.0,Female,Tanta,Home,Lamp,1,300,0.1,Cash,Delivered,2026-03-16 02:16:00,4.0,270.0,270.0,4.0,2026-03,1,1
10279,C1752,2026-06-19 07:01:00,25.0,Male,Cairo,Electronics,Laptop,1,18000,0.0,Cash,Pending,,,18000.0,18000.0,,2026-06,0,
19421,C0366,2026-03-21 22:30:00,68.0,Female,Cairo,Beauty,Face Cream,1,450,0.1,Visa,Delivered,2026-03-23 22:30:00,4.0,405.0,405.0,2.0,2026-03,1,1
11974,C0306,2026-02-24 15:11:00,36.0,Male,Mansoura,Electronics,Keyboard,1,900,0.0,Visa,Delivered,2026-02-26 15:11:00,5.0,900.0,900.0,2.0,2026-02,1,1
19615,C0104,2026-02-19 17:51:00,65.0,Female,Cairo,Sports,Tennis Racket,2,1600,0.15,Visa,Delivered,2026-02-23 17:51:00,3.0,2720.0,2720.0,4.0,2026-02,1,0
17239,C0310,2026-01-29 12:48:00,42.0,Male,Cairo,Sports,Yoga Mat,1,600,0.0,Mastercard,Delivered,2026-02-01 12:48:00,3.0,600.0,510.0,3.0,2026-01,1,0
14862,C1672,2026-05-27 08:09:00,49.0,Female,Cairo,Sports,Tennis Racket,4,1600,0.05,Mastercard,Delivered,2026-05-28 08:09:00,4.0,6080.0,6080.0,1.0,2026-05,1,1
18450,C1231,2026-03-25 08:59:00,39.0,Female,Giza,Electronics,Headphones,1,850,0.0,Mastercard,Delivered,2026-03-27 08:59:00,3.0,850.0,850.0,2.0,2026-03,1,0
11407,C1206,2026-05-17 00:00:00,53.0,Male,Mansoura,Sports,Running Shoes,2,1800,0.05,Wallet,Pending,,,3420.0,3420.0,,2026-05,0,
10387,C0076,2026-03-28 13:32:00,35.0,Female,Cairo,Fashion,Jeans,4,900,0.0,Bank Transfer,Delivered,2026-03-31 13:32:00,4.0,3600.0,3600.0,3.0,2026-03,1,1
19392,C1703,2026-02-13 05:52:00,35.0,Male,Cairo,Sports,Running Shoes,1,1800,0.15,Wallet,Delivered,2026-02-15 05:52:00,5.0,1530.0,1530.0,2.0,2026-02,1,1
16120,C0956,2026-05-14 20:19:00,31.0,Male,Giza,Electronics,Mouse,2,450,0.15,Visa,Cancelled,,,765.0,765.0,,2026-05,0,
11591,C0699,2026-05-08 23:37:00,42.0,Female,Tanta,Electronics,Smart Watch,1,2200,0.0,Cash,Delivered,2026-05-15 23:37:00,5.0,2200.0,2200.0,7.0,2026-05,1,1
11556,C0418,2026-01-08 22:26:00,27.0,Female,Alexandria,Electronics,Laptop,3,18000,0.0,Mastercard,Delivered,2026-01-11 22:26:00,5.0,54000.0,54000.0,3.0,2026-01,1,1
16186,C1539,2026-01-09 17:04:00,39.0,Female,Alexandria,Sports,Yoga Mat,2,600,0.15,Cash,Delivered,2026-01-13 17:04:00,4.0,1020.0,1020.0,4.0,2026-01,1,1
16269,C1753,2026-03-24 06:57:00,29.0,Male,Giza,Fashion,Shoes,2,1500,0.0,Mastercard,Delivered,2026-03-25 06:57:00,5.0,3000.0,3000.0,1.0,2026-03,1,1
15355,C1633,2026-03-26 02:41:00,44.0,Male,Tanta,Fashion,Shoes,3,1500,0.15,Cash,Delivered,2026-04-02 02:41:00,4.0,3825.0,3825.0,7.0,2026-03,1,1
17844,C1854,2026-04-02 23:52:00,55.0,Male,Cairo,Home,Chair,1,2500,0.0,Cash,Delivered,2026-04-05 23:52:00,4.0,2500.0,2500.0,3.0,2026-04,1,1
15952,C1388,2026-02-10 06:32:00,55.0,Male,Mansoura,Electronics,Keyboard,1,900,0.05,Cash,Delivered,2026-02-13 06:32:00,2.0,855.0,855.0,3.0,2026-02,1,0
13738,C0369,2026-04-20 13:05:00,57.0,Female,Giza,Beauty,Shampoo,1,250,0.1,Bank Transfer,Delivered,2026-04-23 13:05:00,4.0,225.0,225.0,3.0,2026-04,1,1
12563,C0700,2026-05-14 19:08:00,28.0,Male,Aswan,Home,Lamp,1,300,0.0,Wallet,Delivered,2026-05-18 19:08:00,4.0,300.0,300.0,4.0,2026-05,1,1
19806,C1322,2026-04-28 14:06:00,26.0,Female,Giza,Home,Blender,1,1200,0.0,Visa,Delivered,2026-05-04 14:06:00,4.0,1200.0,1200.0,6.0,2026-04,1,1
19426,C0858,2026-01-03 00:32:00,19.0,Male,Cairo,Electronics,Mouse,2,450,0.1,Wallet,Delivered,2026-01-07 00:32:00,5.0,810.0,810.0,4.0,2026-01,1,1
10385,C1226,2026-01-06 15:55:00,20.0,Male,Cairo,Beauty,Face Cream,2,450,0.0,Visa,Delivered,2026-01-09 15:55:00,5.0,900.0,900.0,3.0,2026-01,1,1
12005,C0851,2026-03-14 11:59:00,49.0,Female,Cairo,Sports,Yoga Mat,1,600,0.1,Cash,Delivered,2026-03-19 11:59:00,5.0,540.0,540.0,5.0,2026-03,1,1
13717,C0105,2026-06-27 05:34:00,23.0,Male,Cairo,Fashion,Shoes,2,1500,0.1,Mastercard,Delivered,2026-06-30 05:34:00,5.0,2700.0,2700.0,3.0,2026-06,1,1
11618,C0689,2026-01-22 02:16:00,29.0,Male,Cairo,Beauty,Hair Dryer,1,1300,0.1,Mastercard,Delivered,2026-01-27 02:16:00,5.0,1170.0,1170.0,5.0,2026-01,1,1
10060,C1490,2026-04-02 09:21:00,38.0,Male,Cairo,Fashion,Jeans,2,900,0.0,Mastercard,Delivered,2026-04-05 09:21:00,4.0,1800.0,1800.0,3.0,2026-04,1,1
19912,C0269,2026-06-22 23:03:00,41.0,Male,Giza,Home,Coffee Maker,2,1800,0.15,Mastercard,Cancelled,,,3060.0,3060.0,,2026-06,0,
12750,C1076,2026-03-24 06:40:00,53.0,Male,Cairo,Electronics,Keyboard,2,900,0.0,Visa,Delivered,2026-03-28 06:40:00,4.0,1800.0,1800.0,4.0,2026-03,1,1
14451,C1922,2026-04-16 06:43:00,19.0,Female,Alexandria,Electronics,Headphones,1,850,0.1,Bank Transfer,Delivered,2026-04-22 06:43:00,5.0,765.0,765.0,6.0,2026-04,1,1
18451,C1744,2026-06-11 23:31:00,65.0,Male,Alexandria,Beauty,Perfume,1,1100,0.05,Cash,Delivered,2026-06-14 23:31:00,4.0,1045.0,1045.0,3.0,2026-06,1,1
18233,C1357,2026-01-29 07:23:00,22.0,Male,Cairo,Fashion,Jacket,1,1200,0.1,Mastercard,Delivered,2026-02-02 07:23:00,2.0,1080.0,1080.0,4.0,2026-01,1,0
19885,C0633,2026-04-19 13:15:00,23.0,Male,Mansoura,Electronics,Mouse,2,450,0.1,Bank Transfer,Cancelled,,,810.0,810.0,,2026-04,0,
19148,C1914,2026-05-19 16:43:00,46.0,Female,Aswan,Electronics,Laptop,1,18000,0.05,Visa,Pending,,,17100.0,17100.0,,2026-05,0,
16456,C0557,2026-02-18 09:51:00,35.0,Male,Alexandria,Home,Bedsheet,1,700,0.1,Bank Transfer,Cancelled,,,630.0,630.0,,2026-02,0,
12067,C0042,2026-03-12 07:32:00,45.0,Male,Cairo,Sports,Dumbbells,2,1400,0.05,Visa,Delivered,2026-03-14 07:32:00,4.0,2660.0,2660.0,2.0,2026-03,1,1
16754,C0003,2026-02-27 06:29:00,44.0,Male,Cairo,Electronics,Headphones,1,850,0.05,Cash,Delivered,2026-03-02 06:29:00,4.0,807.5,807.5,3.0,2026-02,1,1
13616,C0090,2026-05-29 19:51:00,62.0,Male,Giza,Electronics,Smart Watch,3,2200,0.0,Bank Transfer,Cancelled,,,6600.0,6600.0,,2026-05,0,
19436,C0725,2026-06-15 13:37:00,63.0,Female,Alexandria,Beauty,Makeup Kit,2,900,0.05,Cash,Delivered,2026-06-19 13:37:00,3.0,1710.0,1710.0,4.0,2026-06,1,0
12739,C1617,2026-03-09 20:36:00,50.0,Female,Giza,Sports,Yoga Mat,1,600,0.05,Wallet,Delivered,2026-03-10 20:36:00,4.0,570.0,570.0,1.0,2026-03,1,1
18339,C0346,2026-01-05 15:43:00,33.0,Female,Tanta,Sports,Football,2,650,0.1,Wallet,Delivered,2026-01-07 15:43:00,1.0,1170.0,1170.0,2.0,2026-01,1,0
16275,C0875,2026-01-26 17:53:00,45.0,Male,Cairo,Electronics,Keyboard,4,900,0.0,Wallet,Delivered,2026-01-28 17:53:00,5.0,3600.0,3600.0,2.0,2026-01,1,1
15821,C0894,2026-02-06 22:51:00,23.0,Male,Alexandria,Beauty,Makeup Kit,1,900,0.0,Mastercard,Delivered,2026-02-11 22:51:00,5.0,900.0,900.0,5.0,2026-02,1,1
11555,C1118,2026-06-07 18:24:00,63.0,Female,Mansoura,Fashion,Shoes,4,1500,0.1,Cash,Delivered,2026-06-09 18:24:00,5.0,5400.0,5400.0,2.0,2026-06,1,1
16536,C0606,2026-06-25 18:49:00,44.0,Male,Cairo,Home,Coffee Maker,4,1800,0.0,Cash,Delivered,2026-06-28 18:49:00,4.0,7200.0,7200.0,3.0,2026-06,1,1
11665,C1752,2026-05-06 01:07:00,61.0,Female,Cairo,Beauty,Perfume,1,1100,0.0,Wallet,Pending,,,1100.0,1100.0,,2026-05,0,
10200,C1337,2026-06-14 20:17:00,22.0,Female,Alexandria,Electronics,Laptop,1,18000,0.05,Visa,Pending,,,17100.0,17100.0,,2026-06,0,
19545,C1011,2026-01-26 07:36:00,36.0,Female,Tanta,Beauty,Face Cream,2,450,0.0,Visa,Pending,,,900.0,900.0,,2026-01,0,
11985,C0651,2026-06-24 05:33:00,18.0,Female,Aswan,Sports,Yoga Mat,1,600,0.0,Mastercard,Delivered,2026-06-26 05:33:00,4.0,600.0,600.0,2.0,2026-06,1,1
14305,C0144,2026-02-14 06:45:00,18.0,Female,Aswan,Home,Coffee Maker,1,1800,0.1,Wallet,Delivered,2026-02-18 06:45:00,,1620.0,1620.0,4.0,2026-02,1,
10885,C1622,2026-05-13 12:27:00,37.0,Female,Cairo,Sports,Yoga Mat,1,600,0.1,Bank Transfer,Cancelled,,,540.0,540.0,,2026-05,0,
18705,C0801,2026-03-22 17:56:00,68.0,Male,Cairo,Beauty,Makeup Kit,1,900,0.1,Visa,Delivered,2026-03-26 17:56:00,5.0,810.0,810.0,4.0,2026-03,1,1
15644,C1299,2026-05-13 22:43:00,36.0,Male,Cairo,Home,Lamp,1,300,0.0,Wallet,Delivered,2026-05-20 22:43:00,5.0,300.0,300.0,7.0,2026-05,1,1
18815,C1451,2026-03-20 15:00:00,45.0,Female,Giza,Electronics,Laptop,3,18000,0.1,Cash,Delivered,2026-03-23 15:00:00,3.0,48600.0,48600.0,3.0,2026-03,1,0
11518,C1062,2026-04-07 11:54:00,40.0,Male,Giza,Home,Bedsheet,2,700,0.05,Wallet,Delivered,2026-04-09 11:54:00,5.0,1330.0,1330.0,2.0,2026-04,1,1
19918,C1515,2026-05-04 00:00:00,25.0,Male,Giza,Sports,Football,2,650,0.15,Cash,Pending,,,1105.0,1105.0,,2026-05,0,
13191,C1610,2026-06-04 02:12:00,26.0,Female,Giza,Home,Coffee Maker,2,1800,0.0,Cash,Pending,,,3600.0,3600.0,,2026-06,0,
13832,C1157,2026-03-11 19:54:00,28.0,Female,Giza,Sports,Yoga Mat,1,600,0.0,Bank Transfer,Delivered,2026-03-16 19:54:00,5.0,600.0,600.0,5.0,2026-03,1,1
12473,C0399,2026-04-05 11:26:00,48.0,Male,Cairo,Electronics,Laptop,4,18000,0.0,Wallet,Delivered,2026-04-11 11:26:00,5.0,72000.0,72000.0,6.0,2026-04,1,1
12668,C1326,2026-05-27 02:39:00,70.0,Female,Alexandria,Sports,Running Shoes,2,1800,0.15,Visa,Delivered,2026-06-01 02:39:00,4.0,3060.0,3060.0,5.0,2026-05,1,1
11188,C1673,2026-01-01 10:08:00,40.0,Female,Tanta,Electronics,Mouse,3,450,0.0,Mastercard,Delivered,2026-01-06 10:08:00,4.0,1350.0,1350.0,5.0,2026-01,1,1
16573,C0456,2026-01-22 00:00:00,32.0,Female,Giza,Beauty,Makeup Kit,2,900,0.05,Visa,Pending,,,1710.0,1710.0,,2026-01,0,
19023,C0063,2026-06-01 17:32:00,47.0,Male,Cairo,Fashion,Jeans,1,900,0.0,Mastercard,Delivered,2026-06-04 17:32:00,3.0,900.0,900.0,3.0,2026-06,1,0
10278,C0754,2026-03-27 21:43:00,26.0,Female,Cairo,Electronics,Laptop,2,18000,0.15,Mastercard,Cancelled,,,30600.0,30600.0,,2026-03,0,
19621,C1193,2026-05-29 06:25:00,48.0,Male,Cairo,Sports,Football,2,650,0.0,Bank Transfer,Delivered,2026-06-01 06:25:00,4.0,1300.0,1300.0,3.0,2026-05,1,1
16256,C0927,2026-04-20 18:18:00,30.0,Female,Cairo,Sports,Tennis Racket,1,1600,0.05,Bank Transfer,Delivered,2026-04-24 18:18:00,4.0,1520.0,1672.0,4.0,2026-04,1,1
11776,C1405,2026-05-18 07:41:00,43.0,Male,Cairo,Fashion,T-Shirt,1,500,0.1,Visa,Delivered,2026-05-22 07:41:00,5.0,450.0,450.0,4.0,2026-05,1,1
13902,C1486,2026-05-22 08:35:00,40.0,Female,Cairo,Home,Bedsheet,4,700,0.15,Cash,Delivered,2026-05-28 08:35:00,5.0,2380.0,2380.0,6.0,2026-05,1,1
10659,C1922,2026-05-28 22:20:00,41.0,Male,Cairo,Sports,Running Shoes,2,1800,0.0,Visa,Delivered,2026-06-02 22:20:00,2.0,3600.0,4249.0,5.0,2026-05,1,0
12779,C1922,2026-03-02 23:33:00,35.0,Female,Cairo,Fashion,Bag,4,750,0.0,Cash,Delivered,2026-03-04 23:33:00,4.0,3000.0,3000.0,2.0,2026-03,1,1
14445,C0481,2026-06-21 00:00:00,39.0,Male,Cairo,Sports,Yoga Mat,1,600,0.0,Mastercard,Delivered,2026-06-25 00:14:00,4.0,600.0,600.0,4.009722222222222,2026-06,1,1
14301,C1840,2026-04-30 21:42:00,58.0,Female,Mansoura,Home,Bedsheet,1,700,0.1,Cash,Delivered,2026-05-03 21:42:00,3.0,630.0,630.0,3.0,2026-04,1,0
11327,C1677,2026-05-10 14:45:00,27.0,Male,Cairo,Home,Bedsheet,2,700,0.0,Bank Transfer,Delivered,2026-05-16 14:45:00,4.0,1400.0,1400.0,6.0,2026-05,1,1
11341,C1655,2026-05-25 17:06:00,37.0,Male,Mansoura,Beauty,Perfume,1,1100,0.1,Cash,Delivered,2026-05-29 17:06:00,5.0,990.0,990.0,4.0,2026-05,1,1
10864,C0988,2026-02-04 22:45:00,32.0,Male,Alexandria,Home,Coffee Maker,1,1800,0.0,Cash,Delivered,2026-02-10 22:45:00,5.0,1800.0,1800.0,6.0,2026-02,1,1
14608,C0892,2026-03-24 00:00:00,20.0,Male,Cairo,Home,Bedsheet,2,700,0.0,Mastercard,Delivered,2026-03-30 00:00:00,3.0,1400.0,1400.0,6.0,2026-03,1,0
11156,C0549,2026-01-16 04:11:00,41.0,Male,Tanta,Sports,Yoga Mat,4,600,0.0,Cash,Pending,,,2400.0,2400.0,,2026-01,0,
16274,C1847,2026-05-17 08:14:00,53.0,Male,Cairo,Electronics,Headphones,1,850,0.05,Cash,Delivered,2026-05-21 08:14:00,1.0,807.5,807.5,4.0,2026-05,1,0
19603,C0755,2026-04-13 11:21:00,38.0,Female,Giza,Fashion,Shoes,1,1500,0.1,Mastercard,Delivered,2026-04-18 11:21:00,,1350.0,1350.0,5.0,2026-04,1,
19491,C0400,2026-03-16 22:50:00,40.0,Female,Cairo,Sports,Yoga Mat,2,600,0.0,Bank Transfer,Delivered,2026-03-17 22:50:00,4.0,1200.0,1200.0,1.0,2026-03,1,1
19996,C0112,2026-04-23 13:31:00,63.0,Male,Alexandria,Electronics,Mouse,2,450,0.15,Mastercard,Delivered,2026-04-27 13:31:00,3.0,765.0,765.0,4.0,2026-04,1,0
14956,C1801,2026-04-10 05:23:00,43.0,Male,Alexandria,Beauty,Face Cream,2,450,0.1,Mastercard,Delivered,2026-04-12 05:23:00,5.0,810.0,810.0,2.0,2026-04,1,1
16921,C1742,2026-04-15 18:44:00,20.0,Male,Cairo,Beauty,Shampoo,4,250,0.0,Mastercard,Delivered,2026-04-19 18:44:00,4.0,1000.0,1000.0,4.0,2026-04,1,1
16717,C0428,2026-05-15 06:28:00,33.0,Female,Alexandria,Electronics,Keyboard,4,900,0.0,Bank Transfer,Delivered,2026-05-16 06:28:00,4.0,3600.0,3600.0,1.0,2026-05,1,1
17136,C1226,2026-01-26 00:00:00,42.0,Male,Mansoura,Beauty,Face Cream,3,450,0.1,Visa,Pending,,,1215.0,1215.0,,2026-01,0,
18833,C0560,2026-04-28 09:57:00,37.0,Female,Giza,Electronics,Mouse,4,450,0.1,Bank Transfer,Delivered,2026-04-27 09:57:00,4.0,1620.0,1620.0,-1.0,2026-04,1,1
12665,C1425,2026-06-20 22:01:00,21.0,Male,Cairo,Sports,Yoga Mat,3,600,0.1,Wallet,Delivered,2026-06-22 22:01:00,3.0,1620.0,1620.0,2.0,2026-06,1,0
18298,C0017,2026-05-18 18:47:00,39.0,Male,Cairo,Beauty,Makeup Kit,2,900,0.0,Bank Transfer,Delivered,2026-05-21 18:47:00,2.0,1800.0,1800.0,3.0,2026-05,1,0
14799,C1028,2026-02-09 22:12:00,23.0,Male,Cairo,Beauty,Face Cream,4,450,0.0,Mastercard,Delivered,2026-02-12 22:12:00,2.0,1800.0,1800.0,3.0,2026-02,1,0
13094,C0711,2026-05-05 02:25:00,33.0,Male,Cairo,Sports,Tennis Racket,3,1600,0.0,Cash,Delivered,2026-05-10 02:25:00,4.0,4800.0,4800.0,5.0,2026-05,1,1
17617,C0071,2026-04-27 00:00:00,28.0,Male,Cairo,Home,Blender,2,1200,0.05,Mastercard,Delivered,2026-04-30 01:41:00,4.0,2280.0,2280.0,3.0701388888888888,2026-04,1,1
12706,C0964,2026-02-12 12:37:00,44.0,Female,Cairo,Beauty,Shampoo,1,250,0.0,Mastercard,Cancelled,,,250.0,250.0,,2026-02,0,
11013,C1132,2026-01-20 19:20:00,54.0,Male,Tanta,Electronics,Keyboard,3,900,0.2,Wallet,Delivered,2026-01-23 19:20:00,5.0,2160.0,2160.0,3.0,2026-01,1,1
11286,C1987,2026-03-16 09:47:00,25.0,Female,Giza,Sports,Football,1,650,0.1,Bank Transfer,Delivered,2026-03-19 09:47:00,5.0,585.0,585.0,3.0,2026-03,1,1
17826,C0616,2026-02-09 14:10:00,32.0,Female,Alexandria,Home,Lamp,1,300,0.15,Bank Transfer,Cancelled,,,255.0,255.0,,2026-02,0,
11018,C1429,2026-01-01 21:27:00,65.0,Male,Aswan,Sports,Yoga Mat,1,600,0.1,Visa,Delivered,2026-01-03 21:27:00,4.0,540.0,540.0,2.0,2026-01,1,1
13178,C1082,2026-02-28 07:45:00,66.0,Male,Cairo,Sports,Yoga Mat,2,600,0.1,Cash,Delivered,2026-03-04 07:45:00,3.0,1080.0,1080.0,4.0,2026-02,1,0
18994,C1806,2026-06-16 23:47:00,47.0,Male,Cairo,Sports,Running Shoes,1,1800,0.0,Cash,Delivered,2026-06-19 23:47:00,4.0,1800.0,1800.0,3.0,2026-06,1,1
11148,C0598,2026-01-31 02:29:00,38.0,Female,Tanta,Fashion,Bag,2,750,0.1,Cash,Delivered,2026-02-06 02:29:00,4.0,1350.0,1350.0,6.0,2026-01,1,1
19144,C1444,2026-01-25 21:39:00,49.0,Female,Giza,Home,Lamp,1,300,0.0,Visa,Delivered,2026-01-29 21:39:00,4.0,300.0,300.0,4.0,2026-01,1,1
13081,C0330,2026-06-07 00:00:00,29.0,Female,Alexandria,Electronics,Laptop,1,18000,0.1,Visa,Delivered,2026-06-11 10:25:00,4.0,16200.0,16200.0,4.434027777777778,2026-06,1,1
11635,C1136,2026-05-03 03:36:00,58.0,Male,Mansoura,Fashion,Bag,1,750,0.1,Wallet,Pending,,,675.0,675.0,,2026-05,0,
11882,C0770,2026-06-14 03:40:00,62.0,Female,Cairo,Sports,Yoga Mat,2,600,0.0,Visa,Delivered,2026-06-15 03:40:00,5.0,1200.0,1200.0,1.0,2026-06,1,1
17744,C1558,2026-04-07 10:15:00,18.0,Male,Alexandria,Home,Chair,1,2500,0.1,Visa,Delivered,2026-04-09 10:15:00,5.0,2250.0,2250.0,2.0,2026-04,1,1
17825,C0206,2026-03-28 00:00:00,18.0,Female,Cairo,Beauty,Hair Dryer,1,1300,0.05,Cash,Delivered,2026-04-02 00:00:00,4.0,1235.0,1235.0,5.0,2026-03,1,1
13190,C0356,2026-01-20 19:15:00,51.0,Female,Cairo,Beauty,Hair Dryer,2,1300,0.05,Wallet,Delivered,2026-01-24 19:15:00,1.0,2470.0,2470.0,4.0,2026-01,1,0
19184,C0876,2026-01-03 14:48:00,28.0,Male,Giza,Fashion,Shoes,1,1500,0.0,Wallet,Delivered,2026-01-07 14:48:00,3.0,1500.0,1500.0,4.0,2026-01,1,0
12518,C1876,2026-05-08 15:05:00,34.0,Male,Alexandria,Fashion,Bag,1,750,0.0,Wallet,Delivered,2026-05-12 15:05:00,2.0,750.0,750.0,4.0,2026-05,1,0
19566,C1465,2026-04-11 04:35:00,57.0,Male,Giza,Home,Lamp,1,300,0.0,Cash,Delivered,2026-04-15 04:35:00,3.0,300.0,300.0,4.0,2026-04,1,0
19157,C1480,2026-04-08 00:00:00,57.0,Male,Giza,Sports,Dumbbells,4,1400,0.0,Wallet,Delivered,2026-04-12 15:59:00,1.0,5600.0,5600.0,4.665972222222222,2026-04,1,0
18141,C1060,2026-03-06 00:00:00,53.0,Male,Cairo,Beauty,Makeup Kit,1,900,0.0,Mastercard,Pending,,,900.0,900.0,,2026-03,0,
17207,C0997,2026-03-12 12:33:00,60.0,Female,Aswan,Electronics,Smart Watch,4,2200,0.1,Wallet,Delivered,2026-03-17 12:33:00,4.0,7920.0,7920.0,5.0,2026-03,1,1
15400,C1838,2026-01-23 11:27:00,61.0,Female,Giza,Sports,Yoga Mat,2,600,0.15,Bank Transfer,Delivered,2026-01-24 11:27:00,4.0,1020.0,1020.0,1.0,2026-01,1,1
16095,C0121,2026-01-05 16:12:00,30.0,Male,Cairo,Electronics,Keyboard,2,900,0.05,Bank Transfer,Delivered,,2.0,1710.0,1710.0,,2026-01,1,0
11863,C0596,2026-05-16 17:56:00,35.0,Male,Cairo,Home,Coffee Maker,1,1800,0.05,Mastercard,Delivered,2026-05-18 17:56:00,3.0,1710.0,1710.0,2.0,2026-05,1,0
11210,C1577,2026-05-20 18:35:00,70.0,Male,Cairo,Home,Lamp,2,300,0.1,Bank Transfer,Delivered,2026-05-27 18:35:00,3.0,540.0,540.0,7.0,2026-05,1,0
13177,C1739,2026-03-10 15:54:00,46.0,Male,Cairo,Sports,Yoga Mat,1,600,0.1,Cash,Pending,,,540.0,540.0,,2026-03,0,
16408,C0904,2026-02-01 18:50:00,43.0,Female,Mansoura,Home,Blender,1,1200,0.15,Wallet,Delivered,2026-02-05 18:50:00,5.0,1020.0,1020.0,4.0,2026-02,1,1
12122,C1060,2026-04-15 21:44:00,40.0,Female,Cairo,Beauty,Face Cream,2,450,0.1,Mastercard,Delivered,2026-04-21 21:44:00,3.0,810.0,810.0,6.0,2026-04,1,0
14347,C1266,2026-05-13 02:18:00,29.0,Male,Alexandria,Beauty,Makeup Kit,2,900,0.05,Wallet,Pending,,,1710.0,1710.0,,2026-05,0,
12871,C1050,2026-01-22 11:47:00,63.0,Female,Cairo,Sports,Yoga Mat,1,600,0.0,Mastercard,Delivered,2026-01-29 11:47:00,3.0,600.0,600.0,7.0,2026-01,1,0
14313,C1067,2026-03-12 15:21:00,45.0,Male,Cairo,Home,Lamp,1,300,0.2,Bank Transfer,Delivered,2026-03-13 15:21:00,5.0,240.0,240.0,1.0,2026-03,1,1
18373,C1858,2026-05-20 00:00:00,62.0,Male,Alexandria,Electronics,Smart Watch,1,2200,0.0,Visa,Delivered,2026-05-24 07:20:00,5.0,2200.0,2200.0,4.305555555555555,2026-05,1,1
12583,C0285,2026-02-02 18:47:00,43.0,Male,Giza,Fashion,Jeans,2,900,0.05,Cash,Delivered,2026-02-08 18:47:00,5.0,1710.0,1710.0,6.0,2026-02,1,1
17670,C1583,2026-03-28 01:39:00,67.0,Female,Giza,Electronics,Mouse,1,450,0.05,Cash,Delivered,2026-04-02 01:39:00,5.0,427.5,427.5,5.0,2026-03,1,1
13107,C0582,2026-02-25 22:53:00,43.0,Female,Alexandria,Sports,Yoga Mat,3,600,0.0,Visa,Pending,,,1800.0,1800.0,,2026-02,0,
11537,C0703,2026-03-11 22:12:00,50.0,Female,Tanta,Fashion,Bag,1,750,0.1,Cash,Pending,,,675.0,675.0,,2026-03,0,
15406,C0200,2026-04-16 06:02:00,30.0,Male,Cairo,Beauty,Hair Dryer,2,1300,0.05,Visa,Delivered,2026-04-19 06:02:00,3.0,2470.0,2470.0,3.0,2026-04,1,0
10991,C0014,2026-06-01 17:56:00,54.0,Female,Cairo,Sports,Yoga Mat,2,600,0.0,Cash,Delivered,2026-06-06 17:56:00,2.0,1200.0,1200.0,5.0,2026-06,1,0
10369,C1859,2026-06-01 04:02:00,44.0,Male,Mansoura,Electronics,Keyboard,2,900,0.15,Wallet,Delivered,2026-06-04 04:02:00,5.0,1530.0,1530.0,3.0,2026-06,1,1
16278,C0954,2026-01-10 05:31:00,51.0,Male,Mansoura,Beauty,Hair Dryer,1,1300,0.1,Visa,Delivered,2026-01-13 05:31:00,4.0,1170.0,1170.0,3.0,2026-01,1,1
13309,C1819,2026-03-28 15:30:00,29.0,Female,Cairo,Sports,Running Shoes,1,1800,0.15,Cash,Delivered,2026-03-31 15:30:00,5.0,1530.0,1530.0,3.0,2026-03,1,1
14238,C0559,2026-05-15 07:27:00,33.0,Female,Cairo,Home,Blender,1,1200,0.15,Visa,Delivered,2026-05-18 07:27:00,4.0,1020.0,1020.0,3.0,2026-05,1,1
19595,C0603,2026-06-16 05:47:00,43.0,Male,Cairo,Sports,Dumbbells,2,1400,0.05,Bank Transfer,Pending,,,2660.0,2660.0,,2026-06,0,
17234,C0516,2026-02-18 11:33:00,54.0,Male,Aswan,Sports,Football,2,650,0.0,Bank Transfer,Delivered,2026-02-24 11:33:00,1.0,1300.0,1300.0,6.0,2026-02,1,0
14541,C1150,2026-04-30 21:56:00,19.0,Male,Giza,Home,Blender,1,1200,0.0,Visa,Pending,,,1200.0,1200.0,,2026-04,0,
18888,C0543,2026-01-06 00:10:00,61.0,Female,Alexandria,Sports,Dumbbells,1,1400,0.05,Mastercard,Delivered,2026-01-10 00:10:00,3.0,1330.0,1330.0,4.0,2026-01,1,0
10532,C1106,2026-06-21 07:53:00,48.0,Male,Alexandria,Electronics,Smart Watch,1,2200,0.0,Cash,Delivered,2026-06-26 07:53:00,3.0,2200.0,2200.0,5.0,2026-06,1,0
13271,C0450,2026-03-03 20:11:00,44.0,Female,Alexandria,Sports,Running Shoes,4,1800,0.2,Visa,Delivered,2026-03-06 20:11:00,3.0,5760.0,5760.0,3.0,2026-03,1,0
15133,C0716,2026-03-02 15:32:00,23.0,Female,Giza,Electronics,Laptop,1,18000,0.15,Mastercard,Delivered,2026-03-05 15:32:00,3.0,15300.0,15300.0,3.0,2026-03,1,0
17201,C1162,2026-06-22 00:49:00,49.0,Female,Mansoura,Electronics,Mouse,3,450,0.1,Cash,Delivered,2026-06-26 00:49:00,4.0,1215.0,1215.0,4.0,2026-06,1,1
12467,C0024,2026-05-19 22:32:00,40.0,Male,Cairo,Home,Lamp,2,300,0.0,Visa,Delivered,2026-05-26 22:32:00,4.0,600.0,600.0,7.0,2026-05,1,1
16860,C0735,2026-05-16 13:22:00,21.0,Male,Cairo,Fashion,Jacket,2,1200,0.15,Cash,Pending,,,2040.0,2040.0,,2026-05,0,
18338,C0655,2026-04-09 13:00:00,63.0,Male,Mansoura,Electronics,Laptop,2,18000,0.0,Mastercard,Delivered,2026-04-12 13:00:00,4.0,36000.0,36000.0,3.0,2026-04,1,1
16128,C0763,2026-05-14 00:56:00,45.0,Male,Alexandria,Electronics,Laptop,1,18000,0.05,Bank Transfer,Pending,,,17100.0,17100.0,,2026-05,0,
10782,C1872,2026-06-02 22:22:00,44.0,Female,Mansoura,Sports,Dumbbells,3,1400,0.1,Visa,Delivered,2026-06-06 22:22:00,5.0,3780.0,3780.0,4.0,2026-06,1,1
19051,C1390,2026-01-18 05:45:00,48.0,Female,Tanta,Electronics,Mouse,1,450,0.0,Wallet,Cancelled,,,450.0,880.0,,2026-01,0,
19297,C1139,2026-06-06 07:32:00,64.0,Male,Cairo,Home,Bedsheet,4,700,0.1,Cash,Delivered,2026-06-07 07:32:00,4.0,2520.0,2520.0,1.0,2026-06,1,1
14370,C0848,2026-04-28 00:55:00,63.0,Female,Giza,Sports,Running Shoes,2,1800,0.0,Visa,Delivered,2026-05-04 00:55:00,5.0,3600.0,3600.0,6.0,2026-04,1,1
16867,C0110,2026-05-25 06:07:00,54.0,Male,Giza,Sports,Running Shoes,2,1800,0.05,Wallet,Pending,,,3420.0,3420.0,,2026-05,0,
13278,C0909,2026-02-08 01:34:00,69.0,Male,Aswan,Sports,Football,2,650,0.15,Visa,Delivered,2026-02-12 01:34:00,5.0,1105.0,1105.0,4.0,2026-02,1,1
13580,C1805,2026-05-27 21:01:00,56.0,Female,Aswan,Beauty,Shampoo,1,250,0.0,Cash,Pending,,,250.0,250.0,,2026-05,0,
10128,C0317,2026-05-03 05:08:00,23.0,Female,Cairo,Fashion,Jeans,1,900,0.15,Mastercard,Delivered,2026-05-08 05:08:00,4.0,765.0,841.5,5.0,2026-05,1,1
15009,C1664,2026-01-30 17:24:00,68.0,Female,Giza,Home,Coffee Maker,3,1800,0.1,Wallet,Delivered,2026-02-05 17:24:00,4.0,4860.0,4860.0,6.0,2026-01,1,1
19925,C0206,2026-05-14 04:43:00,43.0,Female,Cairo,Electronics,Headphones,4,850,0.15,Bank Transfer,Delivered,2026-05-16 04:43:00,3.0,2890.0,2890.0,2.0,2026-05,1,0
19443,C1450,2026-04-06 10:57:00,65.0,Male,Cairo,Electronics,Keyboard,2,900,0.05,Cash,Cancelled,,,1710.0,1710.0,,2026-04,0,
11214,C1417,2026-05-29 19:42:00,23.0,Male,Tanta,Fashion,Shoes,1,1500,0.1,Cash,Delivered,2026-06-02 19:42:00,4.0,1350.0,1350.0,4.0,2026-05,1,1
14722,C1221,2026-01-07 23:30:00,65.0,Male,Mansoura,Home,Bedsheet,2,700,0.2,Wallet,Delivered,2026-01-10 23:30:00,5.0,1120.0,1120.0,3.0,2026-01,1,1
12188,C0445,2026-02-21 15:18:00,26.0,Male,Tanta,Fashion,Shoes,1,1500,0.0,Mastercard,Delivered,2026-02-24 15:18:00,2.0,1500.0,1500.0,3.0,2026-02,1,0
15578,C0968,2026-04-30 04:09:00,27.0,Female,Cairo,Sports,Yoga Mat,1,600,0.05,Bank Transfer,Delivered,2026-05-03 04:09:00,4.0,570.0,570.0,3.0,2026-04,1,1
15485,C0098,2026-03-22 09:22:00,58.0,Female,Cairo,Fashion,Jeans,3,900,0.1,Mastercard,Delivered,2026-03-24 09:22:00,4.0,2430.0,2430.0,2.0,2026-03,1,1
13523,C1507,2026-04-25 20:44:00,62.0,Female,Cairo,Home,Chair,1,2500,0.15,Visa,Delivered,2026-04-28 20:44:00,4.0,2125.0,2125.0,3.0,2026-04,1,1
10416,C1044,2026-02-08 18:11:00,32.0,Female,Cairo,Home,Lamp,1,300,0.0,Cash,Delivered,2026-02-11 18:11:00,5.0,300.0,300.0,3.0,2026-02,1,1
14610,C1223,2026-03-16 17:37:00,29.0,Male,Alexandria,Beauty,Makeup Kit,1,900,0.1,Cash,Delivered,2026-03-20 17:37:00,1.0,810.0,810.0,4.0,2026-03,1,0
17223,C0516,2026-06-22 12:18:00,51.0,Female,Giza,Electronics,Smart Watch,2,2200,0.15,Mastercard,Pending,,,3740.0,3740.0,,2026-06,0,
14552,C1605,2026-06-04 09:11:00,35.0,Male,Mansoura,Fashion,Jacket,4,1200,0.0,Cash,Delivered,2026-06-09 09:11:00,4.0,4800.0,4800.0,5.0,2026-06,1,1
15407,C0160,2026-06-07 11:35:00,36.0,Male,Cairo,Fashion,Bag,2,750,0.0,Mastercard,Delivered,2026-06-09 11:35:00,5.0,1500.0,1500.0,2.0,2026-06,1,1
12395,C1151,2026-06-23 05:45:00,33.0,Male,Cairo,Home,Lamp,1,300,0.05,Bank Transfer,Delivered,2026-06-29 05:45:00,4.0,285.0,285.0,6.0,2026-06,1,1
17536,C1022,2026-05-26 09:31:00,21.0,Male,Giza,Beauty,Hair Dryer,3,1300,0.0,Cash,Delivered,2026-05-30 09:31:00,3.0,3900.0,3900.0,4.0,2026-05,1,0
10919,C1862,2026-03-21 03:37:00,54.0,Male,Mansoura,Beauty,Perfume,1,1100,0.15,Bank Transfer,Delivered,2026-03-26 03:37:00,4.0,935.0,935.0,5.0,2026-03,1,1
13777,C0562,2026-04-14 01:02:00,59.0,Female,Tanta,Fashion,Shoes,2,1500,0.0,Cash,Delivered,2026-04-19 01:02:00,4.0,3000.0,3000.0,5.0,2026-04,1,1
15911,C0509,2026-04-16 00:00:00,40.0,Female,Alexandria,Home,Coffee Maker,2,1800,0.1,Mastercard,Delivered,2026-04-19 17:34:00,4.0,3240.0,3240.0,3.7319444444444443,2026-04,1,1
16150,C0329,2026-01-28 02:42:00,55.0,Male,Cairo,Sports,Dumbbells,1,1400,0.05,Wallet,Delivered,2026-01-31 02:42:00,4.0,1330.0,1330.0,3.0,2026-01,1,1
18754,C1790,2026-05-30 21:46:00,63.0,Female,Cairo,Sports,Football,1,650,0.1,Visa,Pending,,,585.0,585.0,,2026-05,0,
17762,C0767,2026-05-02 08:55:00,42.0,Female,Aswan,Fashion,Bag,1,750,0.0,Bank Transfer,Pending,,,750.0,750.0,,2026-05,0,
18444,C1747,2026-04-15 12:30:00,19.0,Female,Cairo,Home,Coffee Maker,2,1800,0.1,Visa,Delivered,2026-04-19 12:30:00,4.0,3240.0,3240.0,4.0,2026-04,1,1
18083,C1685,2026-02-22 07:29:00,50.0,Male,Cairo,Beauty,Hair Dryer,4,1300,0.15,Visa,Delivered,2026-02-25 07:29:00,4.0,4420.0,4420.0,3.0,2026-02,1,1
15612,C1868,2026-03-24 00:00:00,45.0,Female,Giza,Sports,Tennis Racket,1,1600,0.05,Cash,Delivered,2026-03-28 20:28:00,4.0,1520.0,1520.0,4.852777777777778,2026-03,1,1
16470,C0827,2026-01-25 15:23:00,31.0,Female,Giza,Sports,Tennis Racket,1,1600,0.1,Mastercard,Delivered,2026-01-28 15:23:00,4.0,1440.0,1440.0,3.0,2026-01,1,1
16158,C0093,2026-06-09 00:52:00,48.0,Male,Giza,Home,Coffee Maker,4,1800,0.1,Cash,Delivered,2026-06-10 00:52:00,3.0,6480.0,6480.0,1.0,2026-06,1,0
10401,C1642,2026-01-24 03:43:00,36.0,Male,Cairo,Beauty,Shampoo,1,250,0.2,Cash,Delivered,2026-01-28 03:43:00,4.0,200.0,200.0,4.0,2026-01,1,1
19755,C0631,2026-06-05 14:16:00,44.0,Male,Giza,Home,Bedsheet,4,700,0.05,Wallet,Cancelled,,,2660.0,2926.0,,2026-06,0,
15006,C1802,2026-04-16 15:35:00,18.0,Male,Cairo,Electronics,Laptop,2,18000,0.15,Wallet,Delivered,2026-04-20 15:35:00,5.0,30600.0,30600.0,4.0,2026-04,1,1
11626,C0732,2026-01-24 12:58:00,27.0,Male,Alexandria,Sports,Running Shoes,4,1800,0.05,Wallet,Delivered,2026-01-27 12:58:00,5.0,6840.0,6840.0,3.0,2026-01,1,1
11413,C0137,2026-04-09 22:53:00,64.0,Female,Cairo,Electronics,Headphones,3,850,0.0,Mastercard,Delivered,2026-04-13 22:53:00,5.0,2550.0,2550.0,4.0,2026-04,1,1
16378,C1170,2026-01-11 02:32:00,21.0,Male,Mansoura,Beauty,Perfume,2,1100,0.0,Wallet,Delivered,2026-01-15 02:32:00,5.0,2200.0,2200.0,4.0,2026-01,1,1
19963,C1737,2026-01-27 00:00:00,59.0,Female,Cairo,Fashion,T-Shirt,1,500,0.15,Bank Transfer,Delivered,2026-01-31 21:38:00,4.0,425.0,425.0,4.901388888888889,2026-01,1,1
10589,C1429,2026-01-27 09:58:00,23.0,Female,Mansoura,Electronics,Smart Watch,2,2200,0.15,Cash,Delivered,2026-02-02 09:58:00,5.0,3740.0,3740.0,6.0,2026-01,1,1
12723,C0101,2026-05-27 12:58:00,63.0,Male,Alexandria,Sports,Running Shoes,2,1800,0.1,Cash,Delivered,2026-05-31 12:58:00,4.0,3240.0,3240.0,4.0,2026-05,1,1
12664,C1129,2026-02-03 07:45:00,41.0,Male,Cairo,Electronics,Headphones,4,850,0.0,Visa,Delivered,2026-02-07 07:45:00,5.0,3400.0,3400.0,4.0,2026-02,1,1
12024,C1644,2026-01-12 00:00:00,23.0,Male,Giza,Home,Blender,3,1200,0.0,Wallet,Cancelled,,,3600.0,3600.0,,2026-01,0,
17019,C1996,2026-01-28 10:41:00,66.0,Female,Cairo,Fashion,T-Shirt,1,500,0.15,Visa,Pending,,,425.0,425.0,,2026-01,0,
18855,C1635,2026-03-04 00:00:00,65.0,Male,Giza,Home,Blender,4,1200,0.0,Mastercard,Delivered,2026-03-11 17:35:00,5.0,4800.0,4800.0,7.732638888888889,2026-03,1,1
13575,C0957,2026-04-17 15:51:00,35.0,Male,Giza,Electronics,Headphones,2,850,0.05,Cash,Delivered,2026-04-22 15:51:00,5.0,1615.0,1615.0,5.0,2026-04,1,1
10449,C0600,2026-05-05 08:30:00,32.0,Male,Alexandria,Fashion,Jeans,2,900,0.1,Wallet,Delivered,2026-05-08 08:30:00,4.0,1620.0,1620.0,3.0,2026-05,1,1
10484,C1342,2026-05-17 03:16:00,34.0,Female,Giza,Fashion,T-Shirt,1,500,0.1,Bank Transfer,Delivered,2026-05-20 03:16:00,2.0,450.0,450.0,3.0,2026-05,1,0
17194,C0109,2026-01-12 20:14:00,25.0,Male,Alexandria,Home,Chair,3,2500,0.0,Bank Transfer,Delivered,2026-01-17 20:14:00,4.0,7500.0,7500.0,5.0,2026-01,1,1
14396,C1057,2026-04-25 17:39:00,23.0,Female,Cairo,Beauty,Hair Dryer,1,1300,0.0,Bank Transfer,Delivered,2026-04-28 17:39:00,5.0,1300.0,1300.0,3.0,2026-04,1,1
10068,C0194,2026-03-20 10:07:00,43.0,Female,Mansoura,Electronics,Laptop,3,18000,0.2,Wallet,Delivered,2026-03-23 10:07:00,3.0,43200.0,43200.0,3.0,2026-03,1,0
18813,C1099,2026-03-11 00:00:00,50.0,Male,Giza,Sports,Running Shoes,1,1800,0.15,Mastercard,Delivered,2026-03-14 04:31:00,5.0,1530.0,1530.0,3.1881944444444446,2026-03,1,1
10462,C1526,2026-03-20 14:05:00,44.0,Female,Tanta,Sports,Yoga Mat,4,600,0.0,Bank Transfer,Delivered,2026-03-25 14:05:00,4.0,2400.0,2400.0,5.0,2026-03,1,1
11377,C0838,2026-01-14 22:15:00,42.0,Female,Alexandria,Fashion,Jeans,4,900,0.15,Cash,Delivered,2026-01-17 22:15:00,5.0,3060.0,3060.0,3.0,2026-01,1,1
10599,C1555,2026-03-11 02:55:00,54.0,Male,Cairo,Electronics,Smart Watch,1,2200,0.0,Bank Transfer,Delivered,2026-03-16 02:55:00,3.0,2200.0,2200.0,5.0,2026-03,1,0
11681,C1298,2026-06-03 05:06:00,62.0,Male,Alexandria,Home,Blender,4,1200,0.15,Wallet,Delivered,2026-06-05 05:06:00,4.0,4080.0,4080.0,2.0,2026-06,1,1
14643,C0433,2026-06-17 00:00:00,23.0,Male,Tanta,Sports,Running Shoes,4,1800,0.05,Visa,Delivered,2026-06-22 14:53:00,5.0,6840.0,6840.0,5.620138888888889,2026-06,1,1
16047,C1847,2026-05-16 10:33:00,68.0,Female,Alexandria,Fashion,Jacket,4,1200,0.1,Bank Transfer,Pending,,,4320.0,4320.0,,2026-05,0,
17432,Unknown,2026-04-08 12:38:00,30.0,Male,Giza,Electronics,Mouse,3,450,0.2,Mastercard,Delivered,2026-04-12 12:38:00,5.0,1080.0,1080.0,4.0,2026-04,1,1
15714,C0740,2026-03-23 00:02:00,44.0,Female,Mansoura,Home,Bedsheet,2,700,0.2,Visa,Delivered,2026-03-27 00:02:00,4.0,1120.0,1120.0,4.0,2026-03,1,1
10978,C1024,2026-01-06 19:25:00,56.0,Female,Alexandria,Electronics,Laptop,4,18000,0.15,Cash,Delivered,2026-01-09 19:25:00,4.0,61200.0,61200.0,3.0,2026-01,1,1
17240,C0200,2026-01-09 12:51:00,25.0,Female,Giza,Fashion,Bag,2,750,0.15,Bank Transfer,Cancelled,,,1275.0,1275.0,,2026-01,0,
14857,C0532,2026-02-22 18:09:00,43.0,Male,Mansoura,Fashion,Shoes,1,1500,0.1,Wallet,Pending,,,1350.0,1350.0,,2026-02,0,
15020,C0336,2026-05-18 20:20:00,64.0,Female,Mansoura,Beauty,Hair Dryer,1,1300,0.1,Cash,Delivered,2026-05-21 20:20:00,1.0,1170.0,1170.0,3.0,2026-05,1,0
12704,C1211,2026-06-03 11:19:00,37.0,Female,Mansoura,Home,Lamp,4,300,0.05,Wallet,Pending,,,1140.0,1140.0,,2026-06,0,
17390,C0917,2026-06-13 17:47:00,37.0,Female,Alexandria,Home,Bedsheet,1,700,0.0,Mastercard,Delivered,2026-06-15 17:47:00,3.0,700.0,700.0,2.0,2026-06,1,0
15165,C0304,2026-02-28 11:46:00,32.0,Female,Cairo,Home,Chair,1,2500,0.15,Mastercard,Delivered,2026-03-03 11:46:00,5.0,2125.0,2125.0,3.0,2026-02,1,1
16407,C0622,2026-05-28 00:31:00,55.0,Female,Aswan,Beauty,Face Cream,1,450,0.15,Wallet,Delivered,2026-05-29 00:31:00,5.0,382.5,382.5,1.0,2026-05,1,1
17235,C1004,2026-02-11 18:43:00,21.0,Male,Cairo,Fashion,Jeans,1,900,0.05,Cash,Pending,,,855.0,855.0,,2026-02,0,
10390,C0810,2026-02-23 10:15:00,66.0,Female,Giza,Sports,Football,1,650,0.1,Visa,Cancelled,,,585.0,585.0,,2026-02,0,
10561,C0982,2026-02-14 12:00:00,41.0,Female,Tanta,Sports,Dumbbells,2,1400,0.0,Cash,Delivered,2026-02-16 12:00:00,3.0,2800.0,2800.0,2.0,2026-02,1,0
10870,C1256,2026-01-06 00:00:00,44.0,Male,Alexandria,Sports,Dumbbells,2,1400,0.05,Bank Transfer,Delivered,2026-01-08 11:38:00,5.0,2660.0,2660.0,2.484722222222222,2026-01,1,1
16728,C1423,2026-03-31 05:26:00,29.0,Male,Cairo,Home,Bedsheet,3,700,0.05,Mastercard,Pending,,,1995.0,1995.0,,2026-03,0,
11935,C1002,2026-04-15 01:39:00,48.0,Female,Aswan,Electronics,Mouse,4,450,0.0,Wallet,Delivered,2026-04-17 01:39:00,5.0,1800.0,1800.0,2.0,2026-04,1,1
18121,C1374,2026-01-26 02:21:00,59.0,Female,Cairo,Electronics,Keyboard,4,900,0.0,Visa,Pending,,,3600.0,3600.0,,2026-01,0,
13814,C1184,2026-02-22 16:56:00,38.0,Female,Alexandria,Fashion,Shoes,4,1500,0.1,Bank Transfer,Delivered,2026-02-25 16:56:00,3.0,5400.0,5400.0,3.0,2026-02,1,0
19526,C0723,2026-02-12 01:25:00,39.0,Female,Cairo,Sports,Running Shoes,2,1800,0.1,Cash,Delivered,2026-02-14 01:25:00,4.0,3240.0,3240.0,2.0,2026-02,1,1
13242,C0909,2026-01-02 00:21:00,50.0,Male,Alexandria,Fashion,Bag,4,750,0.15,Bank Transfer,Delivered,2026-01-05 00:21:00,4.0,2550.0,2550.0,3.0,2026-01,1,1
19877,C1330,2026-06-02 09:22:00,46.0,Female,Cairo,Electronics,Keyboard,3,900,0.1,Visa,Delivered,2026-06-07 09:22:00,5.0,2430.0,2430.0,5.0,2026-06,1,1
10081,C1161,2026-06-29 20:25:00,58.0,Female,Giza,Sports,Tennis Racket,1,1600,0.15,Mastercard,Delivered,2026-07-02 20:25:00,5.0,1360.0,1360.0,3.0,2026-06,1,1
10206,C0679,2026-06-29 22:24:00,67.0,Female,Mansoura,Beauty,Makeup Kit,1,900,0.0,Mastercard,Delivered,2026-07-02 22:24:00,5.0,900.0,900.0,3.0,2026-06,1,1
12840,C0317,2026-01-15 15:42:00,46.0,Male,Giza,Sports,Football,3,650,0.0,Wallet,Delivered,2026-01-19 15:42:00,4.0,1950.0,1950.0,4.0,2026-01,1,1
10918,C1074,2026-06-03 07:04:00,24.0,Female,Cairo,Home,Chair,2,2500,0.15,Wallet,Delivered,2026-06-07 07:04:00,1.0,4250.0,4250.0,4.0,2026-06,1,0
17557,C0909,2026-06-17 12:45:00,65.0,Female,Cairo,Sports,Yoga Mat,2,600,0.0,Bank Transfer,Delivered,2026-06-21 12:45:00,5.0,1200.0,1200.0,4.0,2026-06,1,1
11440,C0983,2026-01-06 23:56:00,41.0,Female,Mansoura,Home,Bedsheet,1,700,0.15,Mastercard,Delivered,2026-01-10 23:56:00,4.0,595.0,595.0,4.0,2026-01,1,1
13934,C0826,2026-01-20 07:28:00,22.0,Female,Alexandria,Fashion,Jeans,1,900,0.05,Visa,Cancelled,,,855.0,855.0,,2026-01,0,
18467,C1621,2026-02-01 19:46:00,36.0,Female,Cairo,Fashion,Jeans,2,900,0.15,Bank Transfer,Delivered,2026-02-02 19:46:00,3.0,1530.0,1530.0,1.0,2026-02,1,0
11461,C0713,2026-03-04 06:27:00,63.0,Female,Alexandria,Electronics,Mouse,4,450,0.1,Wallet,Cancelled,,,1620.0,1620.0,,2026-03,0,
18925,C0362,2026-03-19 14:48:00,48.0,Male,Cairo,Fashion,Jacket,3,1200,0.2,Bank Transfer,Cancelled,,,2880.0,2880.0,,2026-03,0,
19906,C1189,2026-03-15 17:44:00,30.0,Female,Cairo,Sports,Yoga Mat,4,600,0.1,Mastercard,Delivered,2026-03-18 17:44:00,4.0,2160.0,2160.0,3.0,2026-03,1,1
14896,C0024,2026-03-24 21:38:00,65.0,Male,Giza,Beauty,Hair Dryer,2,1300,0.0,Wallet,Delivered,2026-03-27 21:38:00,4.0,2600.0,2600.0,3.0,2026-03,1,1
16973,C0621,2026-06-08 23:23:00,65.0,Male,Aswan,Sports,Tennis Racket,4,1600,0.05,Mastercard,Delivered,2026-06-10 23:23:00,5.0,6080.0,6080.0,2.0,2026-06,1,1
16093,C0438,2026-05-06 07:43:00,27.0,Female,Mansoura,Home,Bedsheet,1,700,0.0,Cash,Delivered,,3.0,700.0,2800.0,,2026-05,1,0
19597,C1004,2026-01-25 20:30:00,55.0,Male,Alexandria,Home,Blender,2,1200,0.0,Wallet,Delivered,2026-01-29 20:30:00,4.0,2400.0,2400.0,4.0,2026-01,1,1
16695,C1621,2026-04-02 16:48:00,32.0,Female,Giza,Electronics,Mouse,2,450,0.1,Unknown,Pending,,,810.0,810.0,,2026-04,0,
11205,C1750,2026-04-25 00:00:00,54.0,Female,Mansoura,Electronics,Headphones,2,850,0.1,Wallet,Delivered,2026-05-01 20:57:00,3.0,1530.0,1530.0,6.872916666666667,2026-04,1,0
11283,C1813,2026-01-04 02:48:00,47.0,Female,Cairo,Beauty,Hair Dryer,4,1300,0.0,Visa,Delivered,2026-01-07 02:48:00,5.0,5200.0,5200.0,3.0,2026-01,1,1
13419,C1210,2026-01-20 09:25:00,36.0,Female,Mansoura,Sports,Running Shoes,1,1800,0.0,Mastercard,Delivered,2026-01-24 09:25:00,4.0,1800.0,1800.0,4.0,2026-01,1,1
18172,C1572,2026-06-29 11:21:00,48.0,Female,Giza,Beauty,Face Cream,3,450,0.0,Mastercard,Delivered,2026-07-01 11:21:00,4.0,1350.0,1350.0,2.0,2026-06,1,1
18852,C0684,2026-01-11 08:02:00,49.0,Male,Alexandria,Beauty,Perfume,4,1100,0.0,Mastercard,Delivered,2026-01-14 08:02:00,4.0,4400.0,4400.0,3.0,2026-01,1,1
12018,C0859,2026-03-07 08:10:00,37.0,Male,Mansoura,Home,Chair,1,2500,0.05,Wallet,Delivered,2026-03-10 08:10:00,5.0,2375.0,2375.0,3.0,2026-03,1,1
14360,C0395,2026-02-07 17:38:00,38.0,Male,Alexandria,Fashion,T-Shirt,2,500,0.15,Bank Transfer,Delivered,2026-02-11 17:38:00,4.0,850.0,850.0,4.0,2026-02,1,1
19772,C0438,2026-06-24 04:30:00,33.0,Male,Cairo,Fashion,Jeans,3,900,0.0,Cash,Delivered,2026-06-29 04:30:00,5.0,2700.0,2700.0,5.0,2026-06,1,1
10085,C0194,2026-04-23 17:29:00,55.0,Female,Cairo,Electronics,Headphones,2,850,0.0,Cash,Delivered,2026-04-26 17:29:00,4.0,1700.0,1700.0,3.0,2026-04,1,1
10036,C0690,2026-06-12 00:32:00,68.0,Female,Aswan,Electronics,Keyboard,1,900,0.2,Mastercard,Delivered,2026-06-15 00:32:00,3.0,720.0,720.0,3.0,2026-06,1,0
19470,C1157,2026-06-26 05:27:00,32.0,Female,Giza,Home,Blender,2,1200,0.0,Wallet,Delivered,2026-07-02 05:27:00,4.0,2400.0,2400.0,6.0,2026-06,1,1
12238,C1987,2026-03-20 06:02:00,64.0,Female,Cairo,Electronics,Mouse,2,450,0.0,Bank Transfer,Delivered,2026-03-24 06:02:00,4.0,900.0,900.0,4.0,2026-03,1,1
18753,C0477,2026-02-07 00:00:00,21.0,Male,Giza,Electronics,Smart Watch,4,2200,0.0,Wallet,Pending,,,8800.0,8800.0,,2026-02,0,
13813,C0278,2026-05-19 05:58:00,39.0,Male,Mansoura,Sports,Running Shoes,1,1800,0.0,Mastercard,Delivered,2026-05-23 05:58:00,3.0,1800.0,1800.0,4.0,2026-05,1,0
10370,C0852,2026-05-20 22:03:00,40.0,Male,Alexandria,Electronics,Headphones,3,850,0.0,Cash,Delivered,2026-05-23 22:03:00,5.0,2550.0,2550.0,3.0,2026-05,1,1
17355,C1975,2026-05-27 07:32:00,37.0,Male,Tanta,Beauty,Makeup Kit,1,900,0.05,Mastercard,Delivered,2026-05-28 07:32:00,,855.0,855.0,1.0,2026-05,1,
16569,C0337,2026-01-20 14:48:00,63.0,Female,Mansoura,Beauty,Shampoo,1,250,0.1,Bank Transfer,Delivered,2026-01-23 14:48:00,5.0,225.0,225.0,3.0,2026-01,1,1
12561,C1797,2026-05-08 06:28:00,61.0,Female,Cairo,Sports,Dumbbells,1,1400,0.15,Visa,Delivered,2026-05-12 06:28:00,4.0,1190.0,1190.0,4.0,2026-05,1,1
10765,C1836,2026-02-25 23:50:00,49.0,Male,Alexandria,Sports,Tennis Racket,2,1600,0.1,Mastercard,Pending,,,2880.0,2880.0,,2026-02,0,
16634,C1062,2026-01-28 09:23:00,57.0,Male,Tanta,Sports,Yoga Mat,4,600,0.1,Mastercard,Delivered,2026-02-02 09:23:00,3.0,2160.0,2160.0,5.0,2026-01,1,0
18534,C1463,2026-03-20 10:20:00,60.0,Male,Cairo,Home,Coffee Maker,2,1800,0.2,Bank Transfer,Delivered,2026-03-27 10:20:00,5.0,2880.0,2880.0,7.0,2026-03,1,1
12977,C0438,2026-05-19 17:56:00,63.0,Male,Cairo,Sports,Yoga Mat,1,600,0.15,Mastercard,Delivered,2026-05-21 17:56:00,4.0,510.0,510.0,2.0,2026-05,1,1
14561,C1290,2026-01-27 19:35:00,22.0,Female,Cairo,Electronics,Keyboard,4,900,0.15,Visa,Delivered,2026-02-02 19:35:00,5.0,3060.0,3060.0,6.0,2026-01,1,1
13732,C1107,2026-02-19 00:00:00,40.0,Male,Tanta,Home,Chair,1,2500,0.0,Cash,Delivered,2026-02-22 21:02:00,4.0,2500.0,2500.0,3.876388888888889,2026-02,1,1
11151,C1529,2026-02-07 12:57:00,34.0,Female,Aswan,Sports,Running Shoes,4,1800,0.1,Mastercard,Delivered,2026-02-10 12:57:00,4.0,6480.0,6480.0,3.0,2026-02,1,1
14353,C0595,2026-03-26 12:26:00,34.0,Male,Aswan,Fashion,Jacket,1,1200,0.0,Wallet,Delivered,2026-03-31 12:26:00,5.0,1200.0,1200.0,5.0,2026-03,1,1
13135,C0228,2026-04-16 02:57:00,48.0,Female,Cairo,Electronics,Laptop,2,18000,0.15,Visa,Delivered,2026-04-20 02:57:00,4.0,30600.0,30600.0,4.0,2026-04,1,1
19785,C1465,2026-06-03 07:09:00,69.0,Female,Cairo,Fashion,Shoes,3,1500,0.15,Mastercard,Delivered,2026-06-05 07:09:00,4.0,3825.0,3825.0,2.0,2026-06,1,1
11206,C0646,2026-06-26 21:48:00,30.0,Male,Mansoura,Fashion,T-Shirt,2,500,0.0,Bank Transfer,Delivered,2026-06-29 21:48:00,5.0,1000.0,1000.0,3.0,2026-06,1,1
19794,C1083,2026-03-21 00:00:00,44.0,Female,Alexandria,Electronics,Headphones,1,850,0.0,Bank Transfer,Cancelled,,,850.0,850.0,,2026-03,0,
13981,C0211,2026-01-29 02:38:00,21.0,Female,Tanta,Fashion,Bag,2,750,0.0,Mastercard,Delivered,2026-02-01 02:38:00,3.0,1500.0,1500.0,3.0,2026-01,1,0
16771,C1595,2026-04-30 15:47:00,39.0,Male,Mansoura,Home,Lamp,1,300,0.05,Wallet,Delivered,2026-05-03 15:47:00,2.0,285.0,285.0,3.0,2026-04,1,0
14895,C0695,2026-04-22 02:23:00,55.0,Female,Cairo,Fashion,T-Shirt,3,500,0.0,Wallet,Delivered,2026-04-26 02:23:00,4.0,1500.0,1500.0,4.0,2026-04,1,1
10657,C1795,2026-02-12 05:02:00,28.0,Female,Cairo,Fashion,Bag,3,750,0.1,Mastercard,Delivered,2026-02-14 05:02:00,4.0,2025.0,2025.0,2.0,2026-02,1,1
17190,C1392,2026-02-07 05:34:00,37.0,Female,Aswan,Home,Chair,1,2500,0.1,Bank Transfer,Delivered,2026-02-11 05:34:00,5.0,2250.0,2250.0,4.0,2026-02,1,1
17467,C0035,2026-02-28 11:08:00,29.0,Male,Cairo,Home,Blender,1,1200,0.2,Cash,Delivered,2026-03-05 11:08:00,5.0,960.0,960.0,5.0,2026-02,1,1
13752,C1752,2026-02-02 13:27:00,41.0,Female,Cairo,Fashion,Shoes,3,1500,0.05,Mastercard,Delivered,2026-02-05 13:27:00,2.0,4275.0,4275.0,3.0,2026-02,1,0
17452,C0458,2026-03-10 17:42:00,62.0,Female,Cairo,Beauty,Perfume,1,1100,0.2,Cash,Delivered,2026-03-11 17:42:00,4.0,880.0,880.0,1.0,2026-03,1,1
16607,C1591,2026-01-26 03:30:00,22.0,Female,Mansoura,Electronics,Keyboard,1,900,0.0,Cash,Delivered,2026-01-29 03:30:00,5.0,900.0,900.0,3.0,2026-01,1,1
16463,C1832,2026-03-25 16:28:00,22.0,Female,Alexandria,Home,Coffee Maker,1,1800,0.0,Cash,Pending,,,1800.0,2715.0,,2026-03,0,
17341,C0618,2026-01-28 12:14:00,70.0,Male,Giza,Fashion,Shoes,2,1500,0.15,Mastercard,Delivered,2026-01-30 12:14:00,4.0,2550.0,2550.0,2.0,2026-01,1,1
14362,C1952,2026-02-03 20:15:00,55.0,Female,Cairo,Home,Lamp,4,300,0.05,Mastercard,Delivered,2026-02-06 20:15:00,4.0,1140.0,1140.0,3.0,2026-02,1,1
17044,C0523,2026-03-02 11:04:00,67.0,Female,Cairo,Beauty,Face Cream,1,450,0.05,Visa,Cancelled,,,427.5,427.5,,2026-03,0,
11574,C0466,2026-03-12 00:27:00,50.0,Male,Tanta,Beauty,Hair Dryer,2,1300,0.1,Visa,Delivered,2026-03-15 00:27:00,1.0,2340.0,2340.0,3.0,2026-03,1,0
14922,C0651,2026-05-05 09:01:00,49.0,Male,Mansoura,Fashion,T-Shirt,4,500,0.05,Wallet,Delivered,2026-05-09 09:01:00,1.0,1900.0,1900.0,4.0,2026-05,1,0
13910,C1858,2026-06-27 02:41:00,29.0,Male,Giza,Fashion,Shoes,2,1500,0.05,Cash,Delivered,2026-07-01 02:41:00,3.0,2850.0,2850.0,4.0,2026-06,1,0
19100,C1303,2026-02-23 19:41:00,67.0,Female,Cairo,Beauty,Face Cream,1,450,0.2,Bank Transfer,Delivered,2026-02-28 19:41:00,1.0,360.0,360.0,5.0,2026-02,1,0
15901,C1282,2026-04-24 05:49:00,47.0,Male,Alexandria,Fashion,Shoes,2,1500,0.05,Wallet,Delivered,2026-04-25 05:49:00,5.0,2850.0,2850.0,1.0,2026-04,1,1
13997,C0204,2026-04-21 02:03:00,54.0,Male,Aswan,Fashion,T-Shirt,1,500,0.05,Bank Transfer,Delivered,2026-04-25 02:03:00,4.0,475.0,475.0,4.0,2026-04,1,1
19559,C1456,2026-04-12 12:38:00,61.0,Female,Cairo,Beauty,Perfume,1,1100,0.05,Cash,Delivered,2026-04-17 12:38:00,5.0,1045.0,1045.0,5.0,2026-04,1,1
14901,C1780,2026-03-17 09:19:00,35.0,Male,Cairo,Beauty,Makeup Kit,2,900,0.1,Bank Transfer,Delivered,2026-03-20 09:19:00,5.0,1620.0,1620.0,3.0,2026-03,1,1
18336,C1006,2026-02-11 09:43:00,45.0,Female,Giza,Sports,Football,1,650,0.1,Bank Transfer,Delivered,2026-02-17 09:43:00,3.0,585.0,585.0,6.0,2026-02,1,0
14802,C0618,2026-03-27 06:11:00,47.0,Male,Cairo,Electronics,Laptop,2,18000,0.15,Mastercard,Cancelled,,,30600.0,30600.0,,2026-03,0,
10937,C1617,2026-02-02 17:41:00,43.0,Female,Giza,Electronics,Smart Watch,2,2200,0.05,Visa,Pending,,,4180.0,4180.0,,2026-02,0,
17997,C0306,2026-04-30 16:28:00,27.0,Male,Alexandria,Fashion,Bag,4,750,0.1,Mastercard,Delivered,2026-05-03 16:28:00,5.0,2700.0,2700.0,3.0,2026-04,1,1
15842,C0822,2026-06-13 06:44:00,65.0,Female,Giza,Beauty,Hair Dryer,1,1300,0.2,Mastercard,Delivered,2026-06-16 06:44:00,5.0,1040.0,1040.0,3.0,2026-06,1,1
10469,C0694,2026-04-23 04:42:00,56.0,Female,Giza,Home,Bedsheet,1,700,0.15,Cash,Delivered,2026-04-27 04:42:00,2.0,595.0,595.0,4.0,2026-04,1,0
13719,C0071,2026-04-24 12:21:00,28.0,Female,Mansoura,Sports,Football,4,650,0.1,Bank Transfer,Delivered,2026-04-29 12:21:00,3.0,2340.0,2340.0,5.0,2026-04,1,0
19686,C1092,2026-01-29 13:25:00,36.0,Male,Cairo,Home,Coffee Maker,2,1800,0.0,Mastercard,Cancelled,,,3600.0,3600.0,,2026-01,0,
16883,C1660,2026-03-18 01:33:00,59.0,Male,Giza,Electronics,Laptop,1,18000,0.15,Bank Transfer,Delivered,2026-03-21 01:33:00,4.0,15300.0,15300.0,3.0,2026-03,1,1
11939,C0387,2026-03-03 06:03:00,57.0,Male,Cairo,Home,Coffee Maker,1,1800,0.1,Cash,Delivered,2026-03-06 06:03:00,4.0,1620.0,1620.0,3.0,2026-03,1,1
17685,C0027,2026-03-18 10:14:00,47.0,Male,Mansoura,Home,Lamp,2,300,0.15,Bank Transfer,Delivered,2026-03-20 10:14:00,4.0,510.0,510.0,2.0,2026-03,1,1
15623,C1564,2026-02-17 19:48:00,19.0,Female,Giza,Beauty,Perfume,2,1100,0.05,Wallet,Pending,,,2090.0,2090.0,,2026-02,0,
12541,C1413,2026-03-02 07:39:00,38.0,Male,Alexandria,Beauty,Makeup Kit,4,900,0.15,Wallet,Delivered,2026-03-06 07:39:00,4.0,3060.0,3060.0,4.0,2026-03,1,1
14209,C1922,2026-03-03 21:13:00,42.0,Male,Giza,Sports,Tennis Racket,3,1600,0.0,Wallet,Pending,,,4800.0,4080.0,,2026-03,0,
14675,C0417,2026-01-01 18:02:00,56.0,Male,Alexandria,Home,Blender,1,1200,0.1,Cash,Delivered,2026-01-03 18:02:00,5.0,1080.0,1080.0,2.0,2026-01,1,1
16139,C1318,2026-06-04 16:55:00,46.0,Female,Giza,Electronics,Keyboard,4,900,0.1,Bank Transfer,Delivered,2026-06-07 16:55:00,5.0,3240.0,3240.0,3.0,2026-06,1,1
13002,C0930,2026-04-23 22:56:00,22.0,Female,Giza,Electronics,Laptop,1,18000,0.0,Wallet,Delivered,2026-04-26 22:56:00,5.0,18000.0,18000.0,3.0,2026-04,1,1
10272,C1126,2026-02-26 14:30:00,58.0,Male,Cairo,Beauty,Face Cream,1,450,0.0,Wallet,Delivered,2026-02-27 14:30:00,4.0,450.0,450.0,1.0,2026-02,1,1
13117,C0459,2026-05-06 17:45:00,33.0,Female,Mansoura,Fashion,Bag,4,750,0.15,Bank Transfer,Delivered,2026-05-07 17:45:00,5.0,2550.0,2550.0,1.0,2026-05,1,1
18811,C0713,2026-01-22 14:58:00,26.0,Male,Cairo,Home,Coffee Maker,2,1800,0.05,Mastercard,Delivered,2026-01-24 14:58:00,3.0,3420.0,3420.0,2.0,2026-01,1,0
12688,C1869,2026-01-13 08:05:00,23.0,Female,Alexandria,Sports,Tennis Racket,2,1600,0.0,Wallet,Delivered,2026-01-15 08:05:00,4.0,3200.0,3200.0,2.0,2026-01,1,1
16030,C1110,2026-05-19 16:19:00,58.0,Male,Giza,Fashion,Jacket,2,1200,0.1,Mastercard,Delivered,2026-05-23 16:19:00,3.0,2160.0,2160.0,4.0,2026-05,1,0
11731,C0258,2026-05-12 15:53:00,50.0,Female,Cairo,Fashion,Jacket,2,1200,0.0,Wallet,Delivered,2026-05-15 15:53:00,4.0,2400.0,2400.0,3.0,2026-05,1,1
13987,C0817,2026-02-25 15:38:00,62.0,Male,Aswan,Fashion,T-Shirt,2,500,0.1,Visa,Pending,,,900.0,900.0,,2026-02,0,
11336,C0098,2026-01-19 08:25:00,45.0,Male,Cairo,Beauty,Perfume,1,1100,0.2,Mastercard,Delivered,2026-01-23 08:25:00,3.0,880.0,880.0,4.0,2026-01,1,0
18864,C0215,2026-05-27 00:00:00,40.0,Male,Aswan,Beauty,Makeup Kit,3,900,0.2,Wallet,Pending,,,2160.0,2160.0,,2026-05,0,
16970,C0667,2026-05-17 19:26:00,44.0,Female,Mansoura,Home,Chair,2,2500,0.0,Visa,Delivered,2026-05-21 19:26:00,4.0,5000.0,5000.0,4.0,2026-05,1,1
18255,C1109,2026-03-03 01:11:00,31.0,Male,Mansoura,Beauty,Face Cream,2,450,0.0,Bank Transfer,Delivered,2026-03-06 01:11:00,5.0,900.0,900.0,3.0,2026-03,1,1
16258,C0012,2026-04-27 11:43:00,56.0,Male,Alexandria,Sports,Dumbbells,1,1400,0.15,Visa,Delivered,2026-05-01 11:43:00,2.0,1190.0,1190.0,4.0,2026-04,1,0
13499,C1431,2026-04-12 23:21:00,22.0,Female,Cairo,Sports,Running Shoes,1,1800,0.2,Cash,Delivered,2026-04-13 23:21:00,4.0,1440.0,1440.0,1.0,2026-04,1,1
18901,C0463,2026-05-22 05:45:00,67.0,Female,Aswan,Beauty,Hair Dryer,2,1300,0.2,Cash,Pending,,,2080.0,2080.0,,2026-05,0,
18988,C1756,2026-02-21 02:48:00,40.0,Female,Cairo,Home,Lamp,4,300,0.0,Mastercard,Delivered,2026-02-24 02:48:00,2.0,1200.0,1200.0,3.0,2026-02,1,0
18240,C1589,2026-04-09 02:29:00,65.0,Female,Cairo,Beauty,Face Cream,1,450,0.0,Cash,Delivered,2026-04-14 02:29:00,5.0,450.0,450.0,5.0,2026-04,1,1
10507,C0698,2026-03-17 00:00:00,61.0,Male,Giza,Electronics,Laptop,3,18000,0.1,Bank Transfer,Delivered,2026-03-22 01:10:00,4.0,48600.0,48600.0,5.048611111111111,2026-03,1,1
19542,C1870,2026-06-04 22:34:00,44.0,Male,Cairo,Fashion,T-Shirt,2,500,0.15,Cash,Delivered,2026-06-08 22:34:00,4.0,850.0,850.0,4.0,2026-06,1,1
19619,C0582,2026-02-26 05:54:00,56.0,Female,Cairo,Fashion,Bag,2,750,0.15,Wallet,Delivered,2026-02-28 05:54:00,4.0,1275.0,1275.0,2.0,2026-02,1,1
11093,C0512,2026-03-04 23:40:00,51.0,Female,Alexandria,Home,Coffee Maker,2,1800,0.05,Visa,Delivered,2026-03-06 23:40:00,5.0,3420.0,3420.0,2.0,2026-03,1,1
18173,C1213,2026-02-09 04:13:00,48.0,Female,Cairo,Electronics,Keyboard,4,900,0.2,Visa,Delivered,2026-02-14 04:13:00,4.0,2880.0,2880.0,5.0,2026-02,1,1
12168,C1691,2026-02-22 03:16:00,66.0,Male,Aswan,Electronics,Smart Watch,1,2200,0.05,Wallet,Delivered,2026-02-25 03:16:00,4.0,2090.0,2090.0,3.0,2026-02,1,1
19199,C0122,2026-03-11 13:13:00,66.0,Male,Aswan,Electronics,Smart Watch,2,2200,0.1,Visa,Cancelled,,,3960.0,3960.0,,2026-03,0,
10427,C0598,2026-01-19 04:17:00,48.0,Male,Tanta,Sports,Tennis Racket,1,1600,0.05,Bank Transfer,Cancelled,,,1520.0,1520.0,,2026-01,0,
17905,C0687,2026-06-28 08:49:00,18.0,Female,Cairo,Fashion,Shoes,1,1500,0.1,Cash,Delivered,2026-07-02 08:49:00,5.0,1350.0,1350.0,4.0,2026-06,1,1
13264,C0622,2026-03-08 19:22:00,51.0,Male,Mansoura,Beauty,Face Cream,3,450,0.05,Mastercard,Pending,,,1282.5,1282.5,,2026-03,0,
16539,C0995,2026-02-03 22:37:00,22.0,Male,Cairo,Home,Coffee Maker,4,1800,0.05,Wallet,Delivered,2026-02-04 22:37:00,4.0,6840.0,6840.0,1.0,2026-02,1,1
19237,C1771,2026-05-08 10:13:00,34.0,Male,Tanta,Electronics,Laptop,2,18000,0.1,Mastercard,Delivered,2026-05-10 10:13:00,4.0,32400.0,32400.0,2.0,2026-05,1,1
16330,C1203,2026-01-08 06:36:00,54.0,Male,Cairo,Sports,Football,2,650,0.1,Visa,Delivered,2026-01-15 06:36:00,3.0,1170.0,1170.0,7.0,2026-01,1,0
15992,C0479,2026-02-15 21:45:00,50.0,Female,Giza,Beauty,Makeup Kit,4,900,0.15,Wallet,Pending,,,3060.0,3060.0,,2026-02,0,
11374,C1136,2026-05-26 14:40:00,61.0,Female,Mansoura,Electronics,Laptop,2,18000,0.1,Mastercard,Delivered,2026-06-01 14:40:00,2.0,32400.0,32400.0,6.0,2026-05,1,0
17722,C1391,2026-01-20 12:46:00,38.0,Female,Tanta,Beauty,Perfume,3,500,0.0,Bank Transfer,Delivered,2026-01-22 12:46:00,4.0,1500.0,3300.0,2.0,2026-01,1,1
18928,C0646,2026-03-23 04:15:00,28.0,Male,Tanta,Sports,Running Shoes,2,1800,0.1,Bank Transfer,Delivered,2026-03-26 04:15:00,5.0,3240.0,3240.0,3.0,2026-03,1,1
11392,C1967,2026-03-31 09:43:00,55.0,Female,Giza,Home,Blender,1,1200,0.0,Bank Transfer,Pending,,,1200.0,1200.0,,2026-03,0,
16669,C1624,2026-04-25 09:11:00,54.0,Female,Giza,Home,Blender,3,1200,0.1,Wallet,Delivered,2026-04-27 09:11:00,5.0,3240.0,3240.0,2.0,2026-04,1,1
19085,C0697,2026-05-30 17:32:00,44.0,Female,Giza,Home,Coffee Maker,3,1800,0.05,Visa,Delivered,2026-06-01 17:32:00,3.0,5130.0,5130.0,2.0,2026-05,1,0
15336,C1009,2026-01-16 20:44:00,31.0,Male,Giza,Electronics,Laptop,1,18000,0.0,Cash,Pending,,,18000.0,18000.0,,2026-01,0,
13609,C0208,2026-06-17 00:00:00,59.0,Male,Cairo,Home,Lamp,1,300,0.0,Visa,Delivered,2026-06-20 14:42:00,5.0,300.0,300.0,3.6125,2026-06,1,1
11232,C1266,2026-05-11 14:26:00,22.0,Female,Aswan,Sports,Running Shoes,1,1800,0.0,Mastercard,Delivered,2026-05-13 14:26:00,4.0,1800.0,1800.0,2.0,2026-05,1,1
12346,C1224,2026-04-29 04:53:00,65.0,Male,Aswan,Beauty,Makeup Kit,1,900,0.1,Mastercard,Pending,,,810.0,810.0,,2026-04,0,
14403,C0440,2026-01-02 14:50:00,40.0,Male,Giza,Sports,Dumbbells,1,1400,0.2,Mastercard,Pending,,,1120.0,1120.0,,2026-01,0,
11239,C0208,2026-06-07 12:35:00,38.0,Female,Alexandria,Home,Blender,4,1200,0.0,Bank Transfer,Delivered,2026-06-10 12:35:00,5.0,4800.0,4800.0,3.0,2026-06,1,1
12941,C1535,2026-02-10 18:38:00,55.0,Male,Alexandria,Home,Lamp,2,300,0.2,Visa,Delivered,2026-02-15 18:38:00,4.0,480.0,480.0,5.0,2026-02,1,1
15688,C0440,2026-04-12 00:00:00,46.0,Female,Cairo,Home,Lamp,2,300,0.05,Wallet,Delivered,2026-04-16 07:22:00,4.0,570.0,570.0,4.3069444444444445,2026-04,1,1
17303,C1609,2026-05-18 16:09:00,61.0,Female,Tanta,Beauty,Perfume,1,1100,0.0,Cash,Delivered,2026-05-22 16:09:00,5.0,1100.0,1100.0,4.0,2026-05,1,1
11879,C1372,2026-01-22 01:19:00,50.0,Female,Giza,Beauty,Shampoo,1,250,0.15,Cash,Cancelled,,,212.5,212.5,,2026-01,0,
18227,C1792,2026-04-03 09:07:00,57.0,Male,Cairo,Fashion,Jacket,4,1200,0.0,Bank Transfer,Delivered,2026-04-04 09:07:00,3.0,4800.0,4800.0,1.0,2026-04,1,0
14120,C1734,2026-04-15 21:18:00,48.0,Male,Cairo,Electronics,Mouse,1,450,0.1,Bank Transfer,Delivered,2026-04-18 21:18:00,5.0,405.0,405.0,3.0,2026-04,1,1
10582,C0050,2026-06-15 00:00:00,35.0,Female,Alexandria,Fashion,Bag,1,750,0.05,Bank Transfer,Delivered,2026-06-20 09:23:00,4.0,712.5,712.5,5.3909722222222225,2026-06,1,1
19819,C1385,2026-05-07 23:16:00,21.0,Female,Alexandria,Fashion,Jacket,3,1200,0.1,Mastercard,Delivered,2026-05-12 23:16:00,3.0,3240.0,3240.0,5.0,2026-05,1,0
18967,C1754,2026-02-16 12:31:00,62.0,Female,Giza,Home,Chair,4,2500,0.1,Mastercard,Delivered,2026-02-20 12:31:00,5.0,9000.0,9000.0,4.0,2026-02,1,1
14846,C0816,2026-03-10 18:24:00,18.0,Male,Alexandria,Sports,Dumbbells,2,1400,0.1,Cash,Delivered,2026-03-14 18:24:00,4.0,2520.0,2520.0,4.0,2026-03,1,1
18393,C0910,2026-02-17 00:00:00,54.0,Female,Mansoura,Fashion,Jeans,2,900,0.05,Bank Transfer,Delivered,2026-02-20 08:50:00,5.0,1710.0,1710.0,3.3680555555555554,2026-02,1,1
19594,C1716,2026-05-05 16:09:00,30.0,Female,Alexandria,Electronics,Laptop,2,18000,0.1,Mastercard,Delivered,2026-05-07 16:09:00,,32400.0,32400.0,2.0,2026-05,1,
15384,C1066,2026-06-02 02:08:00,49.0,Female,Tanta,Home,Bedsheet,2,700,0.0,Mastercard,Delivered,2026-06-04 02:08:00,4.0,1400.0,1400.0,2.0,2026-06,1,1
12276,C1950,2026-06-20 17:25:00,70.0,Female,Giza,Fashion,Jeans,1,900,0.0,Wallet,Delivered,2026-06-22 17:25:00,4.0,900.0,900.0,2.0,2026-06,1,1
16912,C0926,2026-02-20 14:47:00,37.0,Female,Cairo,Home,Bedsheet,1,700,0.1,Wallet,Delivered,2026-02-23 14:47:00,3.0,630.0,630.0,3.0,2026-02,1,0
13650,C0879,2026-02-23 17:54:00,62.0,Male,Cairo,Home,Blender,2,1200,0.0,Cash,Delivered,2026-02-25 17:54:00,5.0,2400.0,2400.0,2.0,2026-02,1,1
11717,C0010,2026-02-15 06:35:00,54.0,Male,Cairo,Beauty,Face Cream,2,450,0.05,Mastercard,Cancelled,,,855.0,855.0,,2026-02,0,
13431,C0776,2026-03-12 11:51:00,29.0,Female,Giza,Beauty,Makeup Kit,3,900,0.1,Cash,Pending,,,2430.0,2430.0,,2026-03,0,
18579,C1058,2026-04-27 23:09:00,63.0,Male,Aswan,Home,Bedsheet,4,700,0.2,Visa,Delivered,2026-05-02 23:09:00,1.0,2240.0,2240.0,5.0,2026-04,1,0
19238,C0607,2026-01-24 08:26:00,25.0,Male,Mansoura,Sports,Tennis Racket,2,1600,0.0,Cash,Pending,,,3200.0,3200.0,,2026-01,0,
18013,C1567,2026-06-17 12:14:00,50.0,Male,Cairo,Sports,Dumbbells,1,1400,0.05,Mastercard,Delivered,2026-06-20 12:14:00,4.0,1330.0,1330.0,3.0,2026-06,1,1
17852,C0131,2026-04-07 01:56:00,54.0,Male,Giza,Fashion,Shoes,2,1500,0.0,Bank Transfer,Delivered,2026-04-09 01:56:00,4.0,3000.0,3000.0,2.0,2026-04,1,1
15064,C0996,2026-05-21 09:32:00,59.0,Male,Giza,Fashion,Shoes,1,1500,0.05,Visa,Cancelled,,,1425.0,1425.0,,2026-05,0,
11047,C1814,2026-01-16 01:25:00,31.0,Female,Cairo,Fashion,T-Shirt,2,500,0.15,Cash,Pending,,,850.0,850.0,,2026-01,0,
18978,C1413,2026-03-23 01:56:00,30.0,Female,Cairo,Home,Chair,1,2500,0.1,Wallet,Delivered,2026-03-26 01:56:00,4.0,2250.0,2250.0,3.0,2026-03,1,1
14521,C1389,2026-04-06 23:13:00,33.0,Female,Cairo,Beauty,Hair Dryer,1,1300,0.0,Wallet,Delivered,2026-04-09 23:13:00,5.0,1300.0,1300.0,3.0,2026-04,1,1
17901,C0497,2026-01-10 03:36:00,45.0,Female,Giza,Electronics,Mouse,1,450,0.0,Bank Transfer,Delivered,2026-01-13 03:36:00,4.0,450.0,450.0,3.0,2026-01,1,1
15110,C0970,2026-02-22 18:43:00,52.0,Male,Cairo,Electronics,Keyboard,4,900,0.1,Visa,Delivered,2026-02-25 18:43:00,5.0,3240.0,3240.0,3.0,2026-02,1,1
16324,C1366,2026-02-04 00:45:00,70.0,Female,Mansoura,Electronics,Laptop,1,18000,0.05,Mastercard,Delivered,2026-02-07 00:45:00,4.0,17100.0,17100.0,3.0,2026-02,1,1
10816,C1595,2026-02-27 11:47:00,48.0,Male,Cairo,Fashion,Bag,4,750,0.1,Bank Transfer,Delivered,2026-03-03 11:47:00,4.0,2700.0,2700.0,4.0,2026-02,1,1
10614,C0309,2026-05-12 03:04:00,50.0,Female,Cairo,Fashion,T-Shirt,4,500,0.1,Mastercard,Delivered,2026-05-17 03:04:00,5.0,1800.0,1800.0,5.0,2026-05,1,1
11380,C1300,2026-06-02 07:51:00,29.0,Male,Alexandria,Electronics,Smart Watch,4,2200,0.15,Cash,Delivered,2026-06-03 07:51:00,5.0,7480.0,7480.0,1.0,2026-06,1,1
12735,C0427,2026-06-05 07:34:00,68.0,Female,Alexandria,Electronics,Keyboard,3,900,0.0,Wallet,Delivered,2026-06-08 07:34:00,4.0,2700.0,2700.0,3.0,2026-06,1,1
14870,C1994,2026-05-26 18:33:00,32.0,Female,Mansoura,Home,Lamp,3,300,0.2,Mastercard,Delivered,2026-05-27 18:33:00,4.0,720.0,720.0,1.0,2026-05,1,1
15584,C0338,2026-02-12 11:48:00,19.0,Female,Cairo,Sports,Dumbbells,2,1400,0.0,Visa,Delivered,2026-02-16 11:48:00,5.0,2800.0,2800.0,4.0,2026-02,1,1
15576,C1745,2026-05-09 19:04:00,50.0,Female,Alexandria,Fashion,Jeans,3,900,0.0,Bank Transfer,Delivered,2026-05-13 19:04:00,4.0,2700.0,2700.0,4.0,2026-05,1,1
10675,C1862,2026-05-10 01:31:00,59.0,Male,Alexandria,Sports,Football,1,650,0.0,Bank Transfer,Delivered,2026-05-16 01:31:00,4.0,650.0,650.0,6.0,2026-05,1,1
11225,C0728,2026-02-25 16:27:00,18.0,Female,Giza,Beauty,Hair Dryer,1,1300,0.1,Cash,Delivered,2026-03-01 16:27:00,3.0,1170.0,1170.0,4.0,2026-02,1,0
12943,C0081,2026-02-27 21:39:00,66.0,Female,Cairo,Fashion,Jacket,1,1200,0.05,Mastercard,Pending,,,1140.0,1140.0,,2026-02,0,
16713,C1160,2026-03-20 08:12:00,44.0,Male,Giza,Home,Bedsheet,1,700,0.2,Mastercard,Delivered,2026-03-26 08:12:00,4.0,560.0,560.0,6.0,2026-03,1,1
13762,C1193,2026-01-20 18:12:00,44.0,Female,Cairo,Electronics,Headphones,1,850,0.0,Mastercard,Delivered,2026-01-24 18:12:00,5.0,850.0,850.0,4.0,2026-01,1,1
10005,C1956,2026-02-19 07:03:00,19.0,Male,Giza,Fashion,Bag,2,750,0.0,Mastercard,Delivered,2026-02-25 07:03:00,5.0,1500.0,1500.0,6.0,2026-02,1,1
14532,C0228,2026-05-26 12:37:00,42.0,Male,Cairo,Beauty,Face Cream,3,450,0.15,Visa,Delivered,2026-05-30 12:37:00,5.0,1147.5,1147.5,4.0,2026-05,1,1
12558,C0734,2026-04-18 02:27:00,46.0,Male,Giza,Sports,Tennis Racket,1,1600,0.1,Mastercard,Delivered,2026-04-23 02:27:00,4.0,1440.0,1440.0,5.0,2026-04,1,1
16008,C0666,2026-04-11 07:05:00,22.0,Female,Mansoura,Fashion,Jacket,3,1200,0.0,Visa,Delivered,2026-04-16 07:05:00,4.0,3600.0,3600.0,5.0,2026-04,1,1
16108,C1358,2026-03-06 13:20:00,44.0,Male,Giza,Fashion,Bag,3,750,0.0,Mastercard,Pending,,,2250.0,2250.0,,2026-03,0,
16426,C0005,2026-02-19 17:58:00,46.0,Female,Cairo,Beauty,Face Cream,1,450,0.0,Mastercard,Delivered,2026-02-24 17:58:00,3.0,450.0,450.0,5.0,2026-02,1,0
18992,C0862,2026-06-02 18:00:00,55.0,Male,Mansoura,Beauty,Hair Dryer,2,1300,0.2,Wallet,Delivered,2026-06-07 18:00:00,4.0,2080.0,2080.0,5.0,2026-06,1,1
18343,C0778,2026-06-03 01:07:00,18.0,Male,Cairo,Electronics,Keyboard,2,900,0.1,Cash,Pending,,,1620.0,1620.0,,2026-06,0,
11716,C1657,2026-05-29 02:37:00,22.0,Female,Cairo,Home,Coffee Maker,2,1800,0.1,Wallet,Delivered,2026-06-02 02:37:00,4.0,3240.0,3240.0,4.0,2026-05,1,1
12049,C1050,2026-02-02 16:26:00,59.0,Female,Cairo,Sports,Tennis Racket,1,1600,0.05,Wallet,Delivered,2026-02-05 16:26:00,4.0,1520.0,1520.0,3.0,2026-02,1,1
16308,C0777,2026-06-24 16:40:00,30.0,Male,Alexandria,Beauty,Shampoo,1,250,0.1,Mastercard,Cancelled,,,225.0,225.0,,2026-06,0,
18098,C1927,2026-06-20 09:28:00,51.0,Female,Alexandria,Sports,Dumbbells,1,1400,0.0,Mastercard,Delivered,2026-06-26 09:28:00,5.0,1400.0,1400.0,6.0,2026-06,1,1
13059,C0435,2026-04-29 23:41:00,39.0,Male,Giza,Fashion,Shoes,1,1500,0.1,Bank Transfer,Delivered,2026-05-02 23:41:00,4.0,1350.0,1350.0,3.0,2026-04,1,1
17110,C0227,2026-02-28 00:32:00,29.0,Female,Cairo,Electronics,Smart Watch,4,2200,0.1,Visa,Delivered,2026-03-05 00:32:00,4.0,7920.0,7920.0,5.0,2026-02,1,1
11098,C1093,2026-06-28 03:13:00,33.0,Male,Cairo,Sports,Yoga Mat,1,600,0.2,Cash,Delivered,2026-07-03 03:13:00,4.0,480.0,480.0,5.0,2026-06,1,1
19092,C0357,2026-04-28 16:58:00,61.0,Male,Tanta,Home,Lamp,4,300,0.05,Mastercard,Pending,,,1140.0,1140.0,,2026-04,0,
19042,C0192,2026-04-05 00:00:00,25.0,Male,Alexandria,Electronics,Keyboard,2,900,0.05,Bank Transfer,Delivered,2026-04-08 06:26:00,5.0,1710.0,1710.0,3.2680555555555557,2026-04,1,1
15667,C0816,2026-05-06 08:54:00,52.0,Female,Cairo,Sports,Dumbbells,4,1400,0.15,Bank Transfer,Delivered,2026-05-08 08:54:00,5.0,4760.0,4760.0,2.0,2026-05,1,1
11293,C1278,2026-05-23 13:47:00,31.0,Female,Cairo,Sports,Running Shoes,3,1800,0.05,Wallet,Delivered,2026-05-30 13:47:00,5.0,5130.0,5130.0,7.0,2026-05,1,1
17268,C0785,2026-02-21 10:22:00,18.0,Female,Mansoura,Fashion,Bag,3,750,0.05,Cash,Delivered,2026-02-22 10:22:00,3.0,2137.5,2137.5,1.0,2026-02,1,0
16443,C0474,2026-06-15 14:45:00,60.0,Male,Cairo,Electronics,Laptop,1,18000,0.1,Visa,Delivered,2026-06-18 14:45:00,4.0,16200.0,16200.0,3.0,2026-06,1,1
15813,C0640,2026-03-30 10:23:00,43.0,Female,Giza,Home,Bedsheet,1,700,0.1,Mastercard,Cancelled,,,630.0,630.0,,2026-03,0,
14717,C0498,2026-02-05 09:55:00,44.0,Male,Tanta,Electronics,Headphones,2,850,0.05,Wallet,Delivered,2026-02-09 09:55:00,5.0,1615.0,1615.0,4.0,2026-02,1,1
18075,C1750,2026-06-04 13:56:00,30.0,Male,Alexandria,Beauty,Shampoo,1,250,0.0,Wallet,Delivered,2026-06-05 13:56:00,4.0,250.0,250.0,1.0,2026-06,1,1
13511,C0153,2026-01-13 06:14:00,55.0,Male,Alexandria,Electronics,Smart Watch,1,2200,0.15,Bank Transfer,Delivered,2026-01-20 06:14:00,3.0,1870.0,1870.0,7.0,2026-01,1,0
17342,C0939,2026-01-20 16:55:00,61.0,Female,Cairo,Fashion,Jeans,2,900,0.15,Visa,Delivered,2026-01-23 16:55:00,4.0,1530.0,1530.0,3.0,2026-01,1,1
16933,C1517,2026-04-23 05:29:00,19.0,Male,Mansoura,Electronics,Smart Watch,2,2200,0.15,Wallet,Delivered,2026-04-24 05:29:00,5.0,3740.0,3740.0,1.0,2026-04,1,1
18380,C0587,2026-05-24 11:16:00,48.0,Male,Mansoura,Home,Blender,4,1200,0.15,Cash,Delivered,2026-05-29 11:16:00,5.0,4080.0,4080.0,5.0,2026-05,1,1
15757,C0912,2026-03-13 22:27:00,24.0,Male,Giza,Sports,Yoga Mat,3,600,0.0,Mastercard,Delivered,2026-03-15 22:27:00,5.0,1800.0,1800.0,2.0,2026-03,1,1
17232,C0220,2026-03-02 09:13:00,22.0,Male,Alexandria,Sports,Dumbbells,1,1400,0.05,Cash,Delivered,2026-03-06 09:13:00,1.0,1330.0,1330.0,4.0,2026-03,1,0
10523,C1320,2026-06-15 10:18:00,53.0,Male,Cairo,Home,Chair,1,2500,0.1,Cash,Delivered,2026-06-18 10:18:00,4.0,2250.0,2250.0,3.0,2026-06,1,1
10185,C0463,2026-06-29 00:00:00,32.0,Female,Cairo,Home,Coffee Maker,2,1800,0.05,Bank Transfer,Delivered,2026-07-02 17:30:00,4.0,3420.0,3420.0,3.7291666666666665,2026-06,1,1
13200,C1851,2026-05-01 15:16:00,48.0,Male,Alexandria,Beauty,Hair Dryer,1,1300,0.0,Visa,Delivered,2026-05-07 15:16:00,4.0,1300.0,1300.0,6.0,2026-05,1,1
17963,C0514,2026-01-21 15:35:00,52.0,Male,Alexandria,Beauty,Hair Dryer,2,1300,0.0,Visa,Delivered,2026-01-25 15:35:00,4.0,2600.0,2600.0,4.0,2026-01,1,1
11519,C0782,2026-02-03 14:05:00,22.0,Male,Mansoura,Fashion,T-Shirt,2,500,0.05,Bank Transfer,Delivered,2026-02-07 14:05:00,5.0,950.0,950.0,4.0,2026-02,1,1
13235,C0906,2026-05-29 23:25:00,32.0,Female,Tanta,Home,Bedsheet,1,700,0.0,Wallet,Cancelled,,,700.0,595.0,,2026-05,0,
11971,C1296,2026-02-25 01:35:00,36.0,Male,Giza,Home,Lamp,1,300,0.0,Mastercard,Delivered,2026-02-27 01:35:00,4.0,300.0,300.0,2.0,2026-02,1,1
13055,C1145,2026-02-27 18:03:00,56.0,Female,Mansoura,Fashion,Jacket,2,1200,0.0,Visa,Delivered,2026-03-01 18:03:00,3.0,2400.0,2400.0,2.0,2026-02,1,0
10373,C0573,2026-01-05 12:52:00,54.0,Male,Cairo,Fashion,Jacket,2,1200,0.0,Cash,Delivered,2026-01-09 12:52:00,2.0,2400.0,2400.0,4.0,2026-01,1,0
18752,C0313,2026-02-28 02:56:00,26.0,Male,Tanta,Sports,Yoga Mat,1,600,0.1,Visa,Delivered,2026-03-01 02:56:00,5.0,540.0,540.0,1.0,2026-02,1,1
10727,C0912,2026-05-03 01:41:00,61.0,Male,Cairo,Fashion,Bag,2,750,0.0,Cash,Delivered,2026-05-05 01:41:00,5.0,1500.0,1500.0,2.0,2026-05,1,1
19669,C1537,2026-03-03 00:00:00,20.0,Male,Giza,Sports,Yoga Mat,1,600,0.05,Bank Transfer,Pending,,,570.0,570.0,,2026-03,0,
14421,C1588,2026-03-02 21:30:00,44.0,Female,Cairo,Fashion,Shoes,1,1500,0.1,Cash,Delivered,2026-03-07 21:30:00,4.0,1350.0,1350.0,5.0,2026-03,1,1
16329,C1566,2026-01-27 23:41:00,67.0,Female,Mansoura,Beauty,Perfume,1,1100,0.1,Wallet,Cancelled,,,990.0,990.0,,2026-01,0,
14140,C0273,2026-04-24 18:29:00,40.0,Female,Cairo,Home,Blender,2,1200,0.05,Cash,Delivered,2026-04-26 18:29:00,4.0,2280.0,2280.0,2.0,2026-04,1,1
18520,C1807,2026-01-29 11:55:00,61.0,Female,Cairo,Sports,Dumbbells,1,1400,0.15,Bank Transfer,Pending,,,1190.0,1190.0,,2026-01,0,
18882,C1202,2026-03-15 07:54:00,57.0,Male,Tanta,Home,Lamp,1,300,0.1,Bank Transfer,Delivered,2026-03-19 07:54:00,5.0,270.0,270.0,4.0,2026-03,1,1
13968,C0926,2026-02-16 17:49:00,27.0,Female,Giza,Beauty,Perfume,2,1100,0.0,Cash,Delivered,2026-02-21 17:49:00,5.0,2200.0,2200.0,5.0,2026-02,1,1
16149,C1256,2026-06-08 23:06:00,26.0,Male,Mansoura,Sports,Running Shoes,1,1800,0.05,Bank Transfer,Delivered,2026-06-12 23:06:00,4.0,1710.0,1710.0,4.0,2026-06,1,1
17975,C0317,2026-01-15 09:00:00,27.0,Male,Cairo,Electronics,Laptop,1,18000,0.1,Cash,Delivered,2026-01-18 09:00:00,4.0,16200.0,16200.0,3.0,2026-01,1,1
10800,C1908,2026-01-06 10:23:00,46.0,Female,Cairo,Electronics,Headphones,2,850,0.15,Mastercard,Delivered,2026-01-09 10:23:00,5.0,1445.0,1445.0,3.0,2026-01,1,1
11745,C0966,2026-01-06 06:10:00,65.0,Female,Alexandria,Sports,Yoga Mat,2,600,0.05,Bank Transfer,Delivered,2026-01-09 06:10:00,4.0,1140.0,1140.0,3.0,2026-01,1,1
10388,C0030,2026-01-25 01:44:00,65.0,Female,Alexandria,Home,Chair,1,2500,0.0,Mastercard,Delivered,2026-01-30 01:44:00,2.0,2500.0,2500.0,5.0,2026-01,1,0
10399,C1205,2026-02-01 01:58:00,69.0,Male,Giza,Sports,Dumbbells,1,1400,0.05,Bank Transfer,Delivered,2026-02-04 01:58:00,3.0,1330.0,1330.0,3.0,2026-02,1,0
12907,C1650,2026-04-06 05:15:00,20.0,Female,Alexandria,Home,Bedsheet,2,700,0.05,Mastercard,Delivered,2026-04-09 05:15:00,4.0,1330.0,1330.0,3.0,2026-04,1,1
18341,C0530,2026-03-23 03:49:00,37.0,Female,Cairo,Sports,Running Shoes,2,1800,0.0,Cash,Delivered,2026-03-29 03:49:00,3.0,3600.0,3600.0,6.0,2026-03,1,0
12470,C0223,2026-05-26 10:32:00,70.0,Male,Alexandria,Electronics,Laptop,2,18000,0.1,Wallet,Delivered,2026-05-29 10:32:00,5.0,32400.0,32400.0,3.0,2026-05,1,1
18544,C0779,2026-02-08 06:12:00,24.0,Male,Giza,Home,Blender,2,1200,0.0,Cash,Delivered,2026-02-11 06:12:00,4.0,2400.0,2400.0,3.0,2026-02,1,1
10898,C0151,2026-04-07 12:22:00,55.0,Male,Mansoura,Electronics,Keyboard,1,900,0.05,Bank Transfer,Delivered,2026-04-10 12:22:00,5.0,855.0,855.0,3.0,2026-04,1,1
11404,C1790,2026-01-22 22:25:00,31.0,Male,Cairo,Home,Chair,1,2500,0.15,Visa,Delivered,2026-01-28 22:25:00,2.0,2125.0,2125.0,6.0,2026-01,1,0
17064,C1216,2026-05-03 04:42:00,59.0,Male,Cairo,Fashion,T-Shirt,1,500,0.15,Wallet,Pending,,,425.0,425.0,,2026-05,0,
19007,C0651,2026-06-08 22:25:00,39.0,Male,Cairo,Home,Lamp,3,300,0.05,Bank Transfer,Delivered,2026-06-12 22:25:00,5.0,855.0,855.0,4.0,2026-06,1,1
17706,C1597,2026-06-21 22:44:00,36.0,Male,Cairo,Home,Blender,1,1200,0.1,Visa,Delivered,2026-06-26 22:44:00,,1080.0,1080.0,5.0,2026-06,1,
18722,C1176,2026-06-01 01:27:00,32.0,Female,Cairo,Sports,Tennis Racket,4,1600,0.1,Bank Transfer,Delivered,2026-06-02 01:27:00,5.0,5760.0,5760.0,1.0,2026-06,1,1
13357,C0245,2026-02-14 11:07:00,19.0,Female,Cairo,Fashion,Shoes,1,1500,0.0,Wallet,Pending,,,1500.0,1500.0,,2026-02,0,
19733,C0187,2026-04-28 05:04:00,31.0,Male,Giza,Sports,Dumbbells,1,1400,0.15,Visa,Cancelled,,,1190.0,1190.0,,2026-04,0,
17211,C0608,2026-01-23 05:41:00,25.0,Male,Cairo,Home,Blender,1,1200,0.0,Wallet,Delivered,2026-01-27 05:41:00,5.0,1200.0,1200.0,4.0,2026-01,1,1
18913,C1581,2026-04-29 09:24:00,18.0,Female,Cairo,Electronics,Smart Watch,3,2200,0.0,Cash,Delivered,2026-05-06 09:24:00,3.0,6600.0,6600.0,7.0,2026-04,1,0
17366,C0011,2026-03-21 05:33:00,58.0,Male,Aswan,Home,Lamp,1,300,0.0,Bank Transfer,Cancelled,,,300.0,300.0,,2026-03,0,
17147,C0523,2026-06-24 07:30:00,54.0,Female,Alexandria,Home,Chair,1,2500,0.1,Bank Transfer,Delivered,2026-06-27 07:30:00,1.0,2250.0,2250.0,3.0,2026-06,1,0
12184,C1249,2026-04-15 11:31:00,53.0,Male,Mansoura,Beauty,Face Cream,3,450,0.2,Mastercard,Delivered,2026-04-17 11:31:00,4.0,1080.0,1080.0,2.0,2026-04,1,1
12432,C1215,2026-05-31 22:31:00,37.0,Male,Mansoura,Electronics,Keyboard,3,900,0.15,Bank Transfer,Pending,,,2295.0,2295.0,,2026-05,0,
13184,C1960,2026-03-03 15:46:00,26.0,Male,Mansoura,Beauty,Hair Dryer,3,1300,0.15,Cash,Delivered,2026-03-07 15:46:00,3.0,3315.0,3315.0,4.0,2026-03,1,0
12022,C0773,2026-02-11 16:46:00,25.0,Male,Giza,Fashion,Bag,2,750,0.15,Visa,Delivered,2026-02-14 16:46:00,3.0,1275.0,1275.0,3.0,2026-02,1,0
15119,C1205,2026-03-19 12:21:00,60.0,Male,Cairo,Electronics,Keyboard,2,900,0.1,Cash,Cancelled,,,1620.0,810.0,,2026-03,0,
12550,C0451,2026-03-09 18:31:00,41.0,Male,Cairo,Electronics,Keyboard,4,900,0.1,Wallet,Delivered,2026-03-15 18:31:00,2.0,3240.0,3240.0,6.0,2026-03,1,0
12424,C0565,2026-06-10 10:15:00,55.0,Female,Alexandria,Electronics,Headphones,3,850,0.15,Mastercard,Cancelled,,,2167.5,2167.5,,2026-06,0,
14913,C1567,2026-06-28 17:46:00,47.0,Male,Cairo,Sports,Tennis Racket,1,1600,0.0,Wallet,Delivered,2026-07-05 17:46:00,4.0,1600.0,1600.0,7.0,2026-06,1,1
13517,C0959,2026-03-09 22:31:00,30.0,Male,Cairo,Sports,Dumbbells,3,1400,0.0,Wallet,Cancelled,,,4200.0,4200.0,,2026-03,0,
17025,C0324,2026-02-05 13:43:00,20.0,Female,Mansoura,Sports,Tennis Racket,4,1600,0.0,Visa,Delivered,2026-02-07 13:43:00,5.0,6400.0,6400.0,2.0,2026-02,1,1
13007,C0007,2026-06-25 23:53:00,26.0,Male,Alexandria,Electronics,Mouse,4,450,0.0,Cash,Delivered,2026-06-27 23:53:00,2.0,1800.0,1800.0,2.0,2026-06,1,0
10232,C0959,2026-01-29 08:09:00,19.0,Female,Alexandria,Fashion,Bag,3,750,0.1,Visa,Delivered,2026-02-03 08:09:00,5.0,2025.0,2863.0,5.0,2026-01,1,1
11307,C0754,2026-05-18 08:27:00,41.0,Female,Cairo,Sports,Dumbbells,1,1400,0.0,Mastercard,Delivered,2026-05-19 08:27:00,4.0,1400.0,1400.0,1.0,2026-05,1,1
14775,C0674,2026-06-13 14:36:00,27.0,Female,Cairo,Home,Chair,1,2500,0.1,Mastercard,Delivered,2026-06-15 14:36:00,5.0,2250.0,2250.0,2.0,2026-06,1,1
11825,C0892,2026-04-06 16:00:00,50.0,Male,Cairo,Home,Coffee Maker,3,1800,0.0,Visa,Delivered,2026-04-08 16:00:00,4.0,5400.0,5400.0,2.0,2026-04,1,1
10327,C1718,2026-03-05 07:58:00,21.0,Female,Cairo,Home,Lamp,1,300,0.0,Cash,Delivered,2026-03-10 07:58:00,5.0,300.0,300.0,5.0,2026-03,1,1
10244,C0064,2026-04-01 20:33:00,28.0,Male,Giza,Home,Coffee Maker,3,1800,0.0,Cash,Delivered,2026-04-02 20:33:00,5.0,5400.0,5400.0,1.0,2026-04,1,1
19710,C0993,2026-01-24 04:52:00,23.0,Female,Cairo,Beauty,Shampoo,3,250,0.05,Mastercard,Delivered,2026-01-29 04:52:00,3.0,712.5,712.5,5.0,2026-01,1,0
14474,C1324,2026-01-05 10:50:00,32.0,Male,Cairo,Fashion,Bag,3,750,0.05,Mastercard,Delivered,2026-01-09 10:50:00,5.0,2137.5,2137.5,4.0,2026-01,1,1
18979,C1856,2026-06-21 02:31:00,19.0,Female,Cairo,Beauty,Face Cream,4,450,0.05,Visa,Delivered,2026-06-25 02:31:00,2.0,1710.0,1710.0,4.0,2026-06,1,0
16431,C0487,2026-06-01 22:48:00,61.0,Male,Cairo,Fashion,Jeans,4,900,0.15,Bank Transfer,Delivered,2026-06-04 22:48:00,5.0,3060.0,3060.0,3.0,2026-06,1,1
15909,C0674,,44.0,Male,Alexandria,Beauty,Shampoo,1,250,0.0,Cash,Pending,,,250.0,250.0,,,0,
11527,C1876,2026-06-04 23:09:00,57.0,Female,Giza,Electronics,Headphones,3,850,0.15,Mastercard,Cancelled,,,2167.5,2167.5,,2026-06,0,
17867,C0159,2026-02-19 17:42:00,34.0,Male,Aswan,Beauty,Makeup Kit,1,900,0.0,Bank Transfer,Delivered,2026-02-21 17:42:00,4.0,900.0,900.0,2.0,2026-02,1,1
15988,C1044,2026-05-31 22:56:00,67.0,Male,Aswan,Electronics,Smart Watch,2,2200,0.15,Cash,Delivered,2026-06-04 22:56:00,3.0,3740.0,3740.0,4.0,2026-05,1,0
11402,C1323,2026-02-09 05:56:00,47.0,Male,Giza,Fashion,Shoes,2,1500,0.05,Wallet,Delivered,2026-02-13 05:56:00,4.0,2850.0,2850.0,4.0,2026-02,1,1
11629,C0869,2026-03-17 00:00:00,65.0,Female,Alexandria,Fashion,Shoes,4,1500,0.0,Mastercard,Delivered,2026-03-22 14:18:00,4.0,6000.0,6000.0,5.595833333333333,2026-03,1,1
15560,C1236,2026-04-18 04:48:00,38.0,Female,Giza,Home,Chair,4,2500,0.0,Bank Transfer,Pending,,,10000.0,10000.0,,2026-04,0,
19561,C1632,2026-01-10 06:59:00,55.0,Female,Mansoura,Sports,Yoga Mat,3,600,0.15,Mastercard,Delivered,2026-01-13 06:59:00,4.0,1530.0,1530.0,3.0,2026-01,1,1
12153,C0381,2026-04-15 04:07:00,61.0,Male,Alexandria,Sports,Running Shoes,3,1800,0.15,Bank Transfer,Delivered,2026-04-19 04:07:00,2.0,4590.0,4590.0,4.0,2026-04,1,0
17292,C0893,2026-05-02 15:13:00,64.0,Male,Giza,Fashion,Jeans,3,900,0.0,Wallet,Delivered,2026-05-07 15:13:00,4.0,2700.0,2700.0,5.0,2026-05,1,1
18745,C0267,2026-05-30 07:52:00,38.0,Female,Alexandria,Home,Chair,2,2500,0.0,Bank Transfer,Delivered,2026-06-02 07:52:00,4.0,5000.0,5000.0,3.0,2026-05,1,1
16731,C1807,2026-05-19 08:03:00,20.0,Female,Aswan,Electronics,Headphones,1,850,0.15,Cash,Pending,,,722.5,722.5,,2026-05,0,
15265,C1576,2026-01-04 10:45:00,58.0,Male,Alexandria,Electronics,Keyboard,1,900,0.05,Visa,Delivered,2026-01-06 10:45:00,4.0,855.0,855.0,2.0,2026-01,1,1
10321,C0175,2026-06-06 00:00:00,68.0,Female,Tanta,Electronics,Mouse,2,450,0.05,Bank Transfer,Delivered,2026-06-09 17:33:00,5.0,855.0,855.0,3.73125,2026-06,1,1
13869,C0399,2026-05-23 20:47:00,26.0,Female,Giza,Sports,Yoga Mat,3,600,0.0,Cash,Delivered,2026-05-29 20:47:00,5.0,1800.0,1800.0,6.0,2026-05,1,1
14880,C1100,2026-04-22 10:17:00,19.0,Male,Alexandria,Beauty,Hair Dryer,2,1300,0.05,Cash,Cancelled,,,2470.0,2470.0,,2026-04,0,
11118,C1671,2026-06-18 21:00:00,19.0,Male,Cairo,Electronics,Smart Watch,1,2200,0.1,Cash,Delivered,2026-06-19 21:00:00,5.0,1980.0,1980.0,1.0,2026-06,1,1
16761,C0506,2026-05-11 17:01:00,42.0,Female,Cairo,Home,Chair,1,2500,0.1,Wallet,Delivered,2026-05-14 17:01:00,5.0,2250.0,2250.0,3.0,2026-05,1,1
17924,C0998,2026-04-26 10:45:00,58.0,Female,Cairo,Home,Coffee Maker,1,1800,0.05,Wallet,Pending,,,1710.0,2517.0,,2026-04,0,
17225,C1401,2026-03-24 00:16:00,50.0,Male,Cairo,Home,Bedsheet,4,500,0.1,Mastercard,Cancelled,,,1800.0,2520.0,,2026-03,0,
13337,C1413,2026-06-06 03:11:00,39.0,Female,Alexandria,Electronics,Mouse,3,450,0.0,Cash,Delivered,2026-06-10 03:11:00,4.0,1350.0,1350.0,4.0,2026-06,1,1
17325,C0948,2026-05-23 01:11:00,62.0,Female,Alexandria,Sports,Yoga Mat,3,600,0.1,Visa,Delivered,2026-05-28 01:11:00,,1620.0,1620.0,5.0,2026-05,1,
12814,C1663,2026-03-13 23:25:00,65.0,Male,Cairo,Sports,Dumbbells,4,1400,0.0,Wallet,Delivered,2026-03-18 23:25:00,5.0,5600.0,5600.0,5.0,2026-03,1,1
19653,C1528,2026-02-01 06:25:00,35.0,Male,Alexandria,Fashion,Bag,2,750,0.15,Cash,Cancelled,,,1275.0,1275.0,,2026-02,0,
17039,C0557,2026-02-04 00:04:00,52.0,Female,Cairo,Electronics,Smart Watch,1,2200,0.15,Cash,Delivered,2026-02-07 00:04:00,4.0,1870.0,1870.0,3.0,2026-02,1,1
16641,C1351,2026-04-06 01:07:00,32.0,Male,Alexandria,Electronics,Mouse,4,450,0.1,Visa,Delivered,2026-04-09 01:07:00,5.0,1620.0,1620.0,3.0,2026-04,1,1
11966,C0417,2026-02-22 05:51:00,31.0,Female,Tanta,Electronics,Smart Watch,2,2200,0.0,Cash,Delivered,2026-02-26 05:51:00,5.0,4400.0,4400.0,4.0,2026-02,1,1
14182,C0334,2026-04-27 16:44:00,29.0,Female,Giza,Beauty,Hair Dryer,2,1300,0.15,Bank Transfer,Delivered,2026-05-01 16:44:00,5.0,2210.0,2210.0,4.0,2026-04,1,1
17323,C1575,2026-06-16 23:20:00,55.0,Female,Aswan,Electronics,Laptop,1,18000,0.0,Cash,Delivered,2026-06-18 23:20:00,5.0,18000.0,18000.0,2.0,2026-06,1,1
17032,C1765,2026-03-24 21:51:00,34.0,Female,Aswan,Electronics,Headphones,2,850,0.15,Wallet,Delivered,2026-03-30 21:51:00,1.0,1445.0,1445.0,6.0,2026-03,1,0
12239,C0894,2026-03-16 21:19:00,47.0,Female,Giza,Home,Bedsheet,3,700,0.05,Cash,Delivered,2026-03-17 21:19:00,5.0,1995.0,1995.0,1.0,2026-03,1,1
10288,C1988,2026-03-17 05:50:00,53.0,Female,Giza,Home,Blender,4,1200,0.1,Bank Transfer,Delivered,2026-03-22 05:50:00,3.0,4320.0,4320.0,5.0,2026-03,1,0
15871,C0033,2026-06-10 11:35:00,18.0,Male,Cairo,Home,Coffee Maker,2,1800,0.1,Cash,Delivered,2026-06-15 11:35:00,3.0,3240.0,3240.0,5.0,2026-06,1,0
17322,C1147,2026-02-12 19:56:00,35.0,Female,Cairo,Beauty,Face Cream,2,450,0.15,Wallet,Cancelled,,,765.0,765.0,,2026-02,0,
17306,C1221,2026-05-13 07:14:00,30.0,Female,Cairo,Home,Bedsheet,2,700,0.1,Mastercard,Delivered,2026-05-16 07:14:00,4.0,1260.0,1260.0,3.0,2026-05,1,1
19389,C1997,2026-01-02 12:03:00,21.0,Male,Cairo,Sports,Tennis Racket,1,1600,0.0,Wallet,Delivered,2026-01-05 12:03:00,2.0,1600.0,1600.0,3.0,2026-01,1,0
19975,C1161,2026-04-05 05:28:00,62.0,Female,Cairo,Electronics,Headphones,1,850,0.1,Wallet,Delivered,2026-04-09 05:28:00,5.0,765.0,765.0,4.0,2026-04,1,1
16701,C1205,2026-05-19 21:18:00,58.0,Male,Alexandria,Beauty,Perfume,2,0,0.0,Mastercard,Cancelled,,,0.0,2200.0,,2026-05,0,
19876,C1059,2026-01-03 16:38:00,54.0,Male,Cairo,Sports,Tennis Racket,3,1600,0.0,Bank Transfer,Cancelled,,,4800.0,4800.0,,2026-01,0,
18496,C0669,2026-01-31 03:28:00,61.0,Male,Giza,Sports,Running Shoes,4,1800,0.0,Wallet,Delivered,2026-02-07 03:28:00,5.0,7200.0,7200.0,7.0,2026-01,1,1
11560,C1590,2026-02-24 14:25:00,50.0,Female,Tanta,Sports,Dumbbells,4,1400,0.1,Mastercard,Delivered,2026-02-28 14:25:00,5.0,5040.0,5040.0,4.0,2026-02,1,1
13259,C1909,2026-01-12 03:08:00,27.0,Female,Alexandria,Fashion,Shoes,1,1500,0.1,Bank Transfer,Delivered,2026-01-14 03:08:00,5.0,1350.0,1350.0,2.0,2026-01,1,1
18386,C0985,2026-01-15 19:30:00,67.0,Female,Alexandria,Sports,Running Shoes,3,1800,0.05,Visa,Delivered,2026-01-18 19:30:00,3.0,5130.0,5130.0,3.0,2026-01,1,0
17946,C1180,2026-01-24 05:11:00,48.0,Female,Cairo,Home,Coffee Maker,1,1800,0.0,Bank Transfer,Cancelled,,,1800.0,1800.0,,2026-01,0,
13480,C1511,2026-03-04 03:04:00,18.0,Female,Mansoura,Home,Blender,1,1200,0.0,Mastercard,Cancelled,,,1200.0,1200.0,,2026-03,0,
18007,C0883,2026-06-07 03:41:00,59.0,Male,Alexandria,Fashion,Jacket,4,1200,0.0,Bank Transfer,Delivered,2026-06-09 03:41:00,5.0,4800.0,4800.0,2.0,2026-06,1,1
11280,C0309,2026-02-03 12:12:00,25.0,Female,Alexandria,Fashion,Jacket,3,1200,0.0,Wallet,Delivered,2026-02-06 12:12:00,5.0,3600.0,3600.0,3.0,2026-02,1,1
17806,C0073,2026-04-25 22:38:00,40.0,Male,Cairo,Fashion,Jacket,2,1200,0.1,Bank Transfer,Delivered,2026-05-01 22:38:00,4.0,2160.0,2160.0,6.0,2026-04,1,1
13926,C0863,2026-01-09 08:50:00,26.0,Female,Alexandria,Sports,Yoga Mat,1,600,0.0,Bank Transfer,Delivered,2026-01-11 08:50:00,5.0,600.0,600.0,2.0,2026-01,1,1
16011,C1618,2026-01-21 14:31:00,67.0,Female,Cairo,Home,Bedsheet,1,700,0.15,Bank Transfer,Delivered,2026-01-23 14:31:00,5.0,595.0,595.0,2.0,2026-01,1,1
15397,C1329,2026-06-26 06:13:00,54.0,Male,Cairo,Sports,Tennis Racket,2,1600,0.15,Cash,Delivered,2026-07-01 06:13:00,4.0,2720.0,2720.0,5.0,2026-06,1,1
19317,C0113,2026-01-25 06:37:00,37.0,Female,Alexandria,Sports,Yoga Mat,1,600,0.1,Mastercard,Delivered,2026-01-30 06:37:00,4.0,540.0,540.0,5.0,2026-01,1,1
11101,C0245,2026-05-14 08:00:00,29.0,Male,Giza,Electronics,Headphones,3,850,0.15,Cash,Delivered,2026-05-18 08:00:00,4.0,2167.5,2167.5,4.0,2026-05,1,1
18733,C0366,2026-02-12 11:33:00,63.0,Female,Cairo,Fashion,Jacket,1,1200,0.15,Visa,Delivered,2026-02-17 11:33:00,4.0,1020.0,1020.0,5.0,2026-02,1,1
16009,C0319,2026-01-19 17:52:00,50.0,Female,Alexandria,Sports,Dumbbells,1,1400,0.1,Wallet,Delivered,2026-01-21 17:52:00,4.0,1260.0,1260.0,2.0,2026-01,1,1
11620,C0538,2026-03-02 04:29:00,48.0,Female,Mansoura,Fashion,Jeans,2,900,0.0,Mastercard,Delivered,2026-03-05 04:29:00,3.0,1800.0,1800.0,3.0,2026-03,1,0
17106,C1937,2026-02-12 00:00:00,45.0,Female,Giza,Beauty,Perfume,3,1100,0.0,Visa,Delivered,2026-02-15 18:12:00,1.0,3300.0,3300.0,3.7583333333333333,2026-02,1,0
13063,C0922,2026-04-21 16:37:00,67.0,Female,Mansoura,Fashion,T-Shirt,2,500,0.0,Cash,Delivered,2026-04-23 16:37:00,4.0,1000.0,1000.0,2.0,2026-04,1,1
15201,C0512,2026-06-27 16:44:00,32.0,Female,Giza,Beauty,Makeup Kit,1,900,0.15,Wallet,Delivered,2026-07-03 16:44:00,5.0,765.0,765.0,6.0,2026-06,1,1
17765,C1438,2026-02-13 10:54:00,41.0,Female,Tanta,Electronics,Headphones,1,850,0.05,Bank Transfer,Delivered,2026-02-17 10:54:00,4.0,807.5,807.5,4.0,2026-02,1,1
15008,C1594,2026-05-28 01:18:00,26.0,Female,Mansoura,Beauty,Makeup Kit,2,900,0.0,Wallet,Delivered,2026-06-03 01:18:00,4.0,1800.0,1800.0,6.0,2026-05,1,1
19713,C1658,2026-05-12 14:03:00,50.0,Female,Mansoura,Fashion,Shoes,4,1500,0.1,Mastercard,Delivered,2026-05-13 14:03:00,5.0,5400.0,5400.0,1.0,2026-05,1,1
12306,C1780,2026-02-12 08:13:00,20.0,Female,Aswan,Sports,Football,1,650,0.2,Bank Transfer,Delivered,2026-02-16 08:13:00,4.0,520.0,520.0,4.0,2026-02,1,1
17815,C1435,2026-06-09 11:59:00,64.0,Male,Alexandria,Sports,Running Shoes,2,1800,0.0,Bank Transfer,Pending,,,3600.0,3240.0,,2026-06,0,
11880,C0104,2026-03-04 20:39:00,55.0,Female,Cairo,Home,Blender,3,1200,0.0,Bank Transfer,Delivered,2026-03-11 20:39:00,5.0,3600.0,3600.0,7.0,2026-03,1,1
17046,C1938,2026-01-07 13:46:00,40.0,Female,Cairo,Beauty,Hair Dryer,3,1300,0.0,Cash,Delivered,2026-01-10 13:46:00,4.0,3900.0,3900.0,3.0,2026-01,1,1
15097,C1176,2026-03-01 06:17:00,65.0,Female,Cairo,Beauty,Hair Dryer,1,1300,0.15,Wallet,Delivered,2026-03-04 06:17:00,,1105.0,1105.0,3.0,2026-03,1,
17137,C1619,2026-03-15 04:24:00,32.0,Female,Giza,Electronics,Laptop,1,18000,0.0,Visa,Delivered,2026-03-18 04:24:00,,18000.0,18000.0,3.0,2026-03,1,
18057,C1655,2026-02-18 05:16:00,40.0,Female,Giza,Fashion,Jacket,2,1200,0.1,Visa,Delivered,2026-02-23 05:16:00,5.0,2160.0,2160.0,5.0,2026-02,1,1
11868,C1069,2026-03-28 00:00:00,58.0,Female,Tanta,Beauty,Makeup Kit,2,900,0.1,Bank Transfer,Delivered,2026-03-31 12:26:00,5.0,1620.0,1620.0,3.5180555555555557,2026-03,1,1
14653,C0361,2026-06-26 15:33:00,35.0,Male,Giza,Electronics,Smart Watch,4,2200,0.1,Bank Transfer,Delivered,2026-06-27 15:33:00,5.0,7920.0,7920.0,1.0,2026-06,1,1
12036,C1745,2026-06-17 22:15:00,43.0,Male,Mansoura,Beauty,Makeup Kit,1,900,0.1,Visa,Delivered,2026-06-18 22:15:00,4.0,810.0,810.0,1.0,2026-06,1,1
14723,C0158,2026-01-01 14:54:00,70.0,Male,Alexandria,Beauty,Shampoo,2,250,0.15,Cash,Delivered,2026-01-04 14:54:00,4.0,425.0,425.0,3.0,2026-01,1,1
19510,C1690,2026-01-13 20:39:00,41.0,Female,Tanta,Electronics,Smart Watch,4,2200,0.05,Visa,Delivered,2026-01-15 20:39:00,4.0,8360.0,8360.0,2.0,2026-01,1,1
14635,C1987,2026-01-27 06:01:00,27.0,Female,Tanta,Electronics,Headphones,1,850,0.0,Visa,Cancelled,,,850.0,765.0,,2026-01,0,
16414,C1449,2026-02-17 19:52:00,34.0,Male,Giza,Sports,Tennis Racket,2,1600,0.0,Cash,Delivered,2026-02-20 19:52:00,4.0,3200.0,3200.0,3.0,2026-02,1,1
16262,C0588,2026-04-02 12:49:00,35.0,Female,Cairo,Electronics,Keyboard,4,900,0.0,Wallet,Delivered,2026-04-07 12:49:00,3.0,3600.0,3600.0,5.0,2026-04,1,0
11342,C1275,2026-02-09 02:01:00,55.0,Male,Alexandria,Home,Bedsheet,3,700,0.0,Mastercard,Pending,,,2100.0,2100.0,,2026-02,0,
12780,C1396,2026-05-30 20:17:00,49.0,Female,Alexandria,Fashion,Jacket,2,1200,0.05,Cash,Delivered,2026-06-04 20:17:00,5.0,2280.0,2280.0,5.0,2026-05,1,1
12787,C1449,2026-01-05 03:12:00,69.0,Female,Giza,Home,Coffee Maker,3,1800,0.0,Cash,Delivered,2026-01-08 03:12:00,,5400.0,5400.0,3.0,2026-01,1,
18036,C1169,2026-03-02 18:28:00,30.0,Female,Alexandria,Beauty,Makeup Kit,2,900,0.1,Wallet,Delivered,2026-03-09 18:28:00,5.0,1620.0,1620.0,7.0,2026-03,1,1
18113,C0778,2026-03-18 15:49:00,52.0,Female,Cairo,Electronics,Keyboard,2,900,0.2,Mastercard,Delivered,2026-03-20 15:49:00,3.0,1440.0,1440.0,2.0,2026-03,1,0
11133,C1637,2026-05-22 03:19:00,45.0,Male,Giza,Home,Blender,4,1200,0.0,Wallet,Delivered,2026-05-25 03:19:00,4.0,4800.0,4800.0,3.0,2026-05,1,1
18360,C1533,2026-02-15 06:38:00,45.0,Female,Cairo,Home,Coffee Maker,4,1800,0.0,Cash,Delivered,2026-02-19 06:38:00,4.0,7200.0,7200.0,4.0,2026-02,1,1
13159,C1217,2026-04-18 04:31:00,50.0,Male,Mansoura,Electronics,Laptop,1,18000,0.1,Bank Transfer,Pending,,,16200.0,16200.0,,2026-04,0,
18729,C1806,2026-03-01 18:34:00,47.0,Female,Mansoura,Sports,Dumbbells,1,1400,0.1,Wallet,Pending,,,1260.0,1260.0,,2026-03,0,
14027,C1581,2026-05-06 15:18:00,54.0,Female,Cairo,Fashion,T-Shirt,4,500,0.1,Bank Transfer,Delivered,2026-05-12 15:18:00,5.0,1800.0,1800.0,6.0,2026-05,1,1
14331,C1412,2026-03-09 04:14:00,51.0,Female,Mansoura,Home,Lamp,1,300,0.2,Mastercard,Cancelled,,,240.0,240.0,,2026-03,0,
12399,C0067,2026-01-25 22:23:00,26.0,Male,Cairo,Sports,Tennis Racket,1,1600,0.0,Wallet,Cancelled,,,1600.0,1600.0,,2026-01,0,
16254,C0250,2026-01-12 19:18:00,40.0,Male,Giza,Beauty,Makeup Kit,1,900,0.0,Wallet,Pending,,,900.0,900.0,,2026-01,0,
10067,C0548,2026-06-01 05:01:00,37.0,Male,Tanta,Home,Bedsheet,3,700,0.2,Cash,Cancelled,,,1680.0,1680.0,,2026-06,0,
17899,C0230,2026-03-30 22:44:00,55.0,Female,Alexandria,Fashion,Bag,1,750,0.1,Mastercard,Delivered,2026-04-03 22:44:00,4.0,675.0,675.0,4.0,2026-03,1,1
18195,C0703,2026-06-03 00:00:00,24.0,Female,Cairo,Sports,Football,2,650,0.1,Wallet,Delivered,2026-06-05 16:03:00,4.0,1170.0,1170.0,2.66875,2026-06,1,1
19120,C0843,2026-03-31 08:00:00,49.0,Female,Alexandria,Beauty,Hair Dryer,4,1300,0.0,Visa,Delivered,2026-04-03 08:00:00,4.0,5200.0,5200.0,3.0,2026-03,1,1
12193,C1330,2026-05-25 00:00:00,61.0,Female,Mansoura,Electronics,Mouse,3,450,0.05,Visa,Delivered,2026-05-30 01:25:00,2.0,1282.5,1282.5,5.059027777777778,2026-05,1,0
18737,C0451,2026-03-07 12:58:00,41.0,Female,Cairo,Electronics,Mouse,2,450,0.15,Mastercard,Delivered,2026-03-08 12:58:00,5.0,765.0,765.0,1.0,2026-03,1,1
11908,C1329,2026-03-29 06:29:00,58.0,Male,Aswan,Home,Coffee Maker,4,1800,0.0,Bank Transfer,Delivered,2026-04-02 06:29:00,5.0,7200.0,7200.0,4.0,2026-03,1,1
13582,C1168,2026-04-08 23:28:00,70.0,Male,Cairo,Electronics,Laptop,1,18000,0.1,Mastercard,Delivered,2026-04-13 23:28:00,3.0,16200.0,16200.0,5.0,2026-04,1,0
16280,C0022,2026-01-11 06:40:00,54.0,Male,Cairo,Home,Blender,1,1200,0.05,Mastercard,Delivered,2026-01-16 06:40:00,4.0,1140.0,1140.0,5.0,2026-01,1,1
17237,C1155,2026-02-06 19:33:00,69.0,Male,Cairo,Sports,Dumbbells,3,1400,0.0,Cash,Delivered,2026-02-10 19:33:00,4.0,4200.0,4200.0,4.0,2026-02,1,1
15870,C0210,2026-03-01 18:15:00,61.0,Male,Giza,Home,Coffee Maker,3,1800,0.0,Visa,Delivered,2026-03-04 18:15:00,5.0,5400.0,5400.0,3.0,2026-03,1,1
14172,C0902,2026-06-06 22:05:00,39.0,Male,Cairo,Fashion,Jacket,1,1200,0.1,Wallet,Delivered,2026-06-09 22:05:00,3.0,1080.0,1080.0,3.0,2026-06,1,0
12302,C1650,2026-01-17 00:00:00,63.0,Female,Cairo,Home,Lamp,1,300,0.0,Visa,Delivered,2026-01-19 09:55:00,3.0,300.0,300.0,2.4131944444444446,2026-01,1,0
18868,C0950,2026-06-21 20:27:00,39.0,Female,Tanta,Electronics,Smart Watch,4,2200,0.0,Mastercard,Delivered,2026-06-24 20:27:00,4.0,8800.0,8800.0,3.0,2026-06,1,1
19894,C1869,2026-02-15 21:08:00,39.0,Male,Giza,Electronics,Mouse,1,450,0.1,Bank Transfer,Delivered,2026-02-20 21:08:00,4.0,405.0,405.0,5.0,2026-02,1,1
13287,C1257,2026-04-24 05:40:00,67.0,Female,Cairo,Sports,Yoga Mat,2,600,0.15,Mastercard,Delivered,2026-04-26 05:40:00,,1020.0,1020.0,2.0,2026-04,1,
17309,C1656,2026-06-28 15:00:00,38.0,Male,Alexandria,Fashion,Shoes,1,1500,0.0,Wallet,Cancelled,,,1500.0,1500.0,,2026-06,0,
12468,C1976,2026-01-03 17:28:00,61.0,Male,Alexandria,Home,Blender,1,1200,0.1,Mastercard,Delivered,2026-01-07 17:28:00,4.0,1080.0,1080.0,4.0,2026-01,1,1
18877,C0440,2026-06-13 11:57:00,63.0,Female,Aswan,Fashion,Shoes,4,1500,0.0,Mastercard,Delivered,2026-06-17 11:57:00,4.0,6000.0,6000.0,4.0,2026-06,1,1
18232,C0488,2026-05-20 21:00:00,61.0,Male,Giza,Fashion,Bag,1,750,0.0,Mastercard,Delivered,2026-05-27 21:00:00,4.0,750.0,750.0,7.0,2026-05,1,1
12231,C0528,2026-03-05 04:50:00,42.0,Female,Cairo,Fashion,Jeans,2,900,0.1,Mastercard,Delivered,2026-03-08 04:50:00,5.0,1620.0,1620.0,3.0,2026-03,1,1
12986,C0560,2026-02-17 02:43:00,62.0,Female,Cairo,Sports,Football,3,650,0.0,Bank Transfer,Cancelled,,,1950.0,1950.0,,2026-02,0,
15881,C1325,2026-03-29 00:25:00,39.0,Female,Cairo,Sports,Dumbbells,1,1400,0.05,Wallet,Delivered,2026-04-02 00:25:00,3.0,1330.0,1330.0,4.0,2026-03,1,0
19464,C0961,2026-03-10 04:46:00,44.0,Female,Cairo,Beauty,Face Cream,2,450,0.15,Wallet,Delivered,2026-03-14 04:46:00,4.0,765.0,765.0,4.0,2026-03,1,1
10389,C1379,2026-04-26 15:33:00,27.0,Female,Cairo,Sports,Football,2,650,0.15,Visa,Delivered,2026-05-01 15:33:00,5.0,1105.0,1105.0,5.0,2026-04,1,1
10037,C1326,2026-05-10 18:49:00,52.0,Female,Cairo,Fashion,T-Shirt,2,500,0.15,Mastercard,Delivered,2026-05-13 18:49:00,4.0,850.0,850.0,3.0,2026-05,1,1
17277,C0302,2026-04-13 07:47:00,18.0,Female,Cairo,Sports,Yoga Mat,2,600,0.15,Visa,Pending,,,1020.0,1020.0,,2026-04,0,
12287,C0784,2026-06-20 11:15:00,33.0,Male,Alexandria,Electronics,Keyboard,1,900,0.05,Mastercard,Delivered,2026-06-21 11:15:00,3.0,855.0,855.0,1.0,2026-06,1,0
10336,C1574,2026-06-25 19:11:00,60.0,Female,Alexandria,Fashion,Bag,1,750,0.2,Cash,Delivered,2026-06-28 19:11:00,4.0,600.0,600.0,3.0,2026-06,1,1
12037,C0349,2026-05-29 06:51:00,44.0,Male,Alexandria,Home,Chair,1,2500,0.0,Mastercard,Delivered,2026-06-02 06:51:00,4.0,2500.0,2500.0,4.0,2026-05,1,1
18676,C1984,2026-03-13 18:41:00,54.0,Female,Alexandria,Electronics,Headphones,2,850,0.1,Cash,Delivered,2026-03-15 18:41:00,4.0,1530.0,1530.0,2.0,2026-03,1,1
14662,C0054,2026-01-13 23:58:00,21.0,Male,Giza,Home,Bedsheet,2,700,0.05,Bank Transfer,Delivered,2026-01-19 23:58:00,3.0,1330.0,1330.0,6.0,2026-01,1,0
19115,C0916,2026-01-30 16:28:00,62.0,Male,Alexandria,Fashion,Bag,1,750,0.1,Wallet,Delivered,2026-02-04 16:28:00,3.0,675.0,1465.0,5.0,2026-01,1,0
13945,C1183,2026-01-11 03:13:00,52.0,Female,Alexandria,Sports,Yoga Mat,2,600,0.2,Wallet,Delivered,2026-01-13 03:13:00,4.0,960.0,960.0,2.0,2026-01,1,1
19635,C1247,2026-02-09 06:30:00,19.0,Female,Giza,Beauty,Perfume,2,1100,0.05,Bank Transfer,Cancelled,,,2090.0,2090.0,,2026-02,0,
12013,C0146,2026-04-02 02:50:00,32.0,Male,Tanta,Beauty,Face Cream,4,450,0.0,Visa,Pending,,,1800.0,1800.0,,2026-04,0,
17015,C0719,2026-02-25 02:21:00,55.0,Female,Cairo,Home,Lamp,1,300,0.0,Visa,Pending,,,300.0,300.0,,2026-02,0,
13244,C0045,2026-01-20 10:49:00,48.0,Female,Cairo,Beauty,Shampoo,2,250,0.1,Mastercard,Delivered,2026-01-25 10:49:00,5.0,450.0,450.0,5.0,2026-01,1,1
12526,C1842,2026-03-30 23:40:00,37.0,Female,Giza,Beauty,Face Cream,1,450,0.05,Bank Transfer,Pending,,,427.5,427.5,,2026-03,0,
19249,C0963,2026-05-15 22:03:00,37.0,Female,Giza,Electronics,Mouse,1,450,0.05,Cash,Delivered,2026-05-19 22:03:00,4.0,427.5,427.5,4.0,2026-05,1,1
13434,C0636,2026-01-12 23:44:00,70.0,Female,Cairo,Sports,Running Shoes,1,1800,0.0,Cash,Delivered,2026-01-15 23:44:00,4.0,1800.0,1800.0,3.0,2026-01,1,1
10753,C1238,2026-02-19 23:43:00,26.0,Female,Giza,Fashion,Shoes,1,1500,0.05,Visa,Delivered,2026-02-25 23:43:00,5.0,1425.0,1425.0,6.0,2026-02,1,1
12765,C0232,2026-06-11 15:20:00,40.0,Male,Alexandria,Sports,Running Shoes,1,1800,0.05,Wallet,Delivered,2026-06-15 15:20:00,5.0,1710.0,1710.0,4.0,2026-06,1,1
12465,C1913,2026-02-08 18:37:00,40.0,Male,Cairo,Fashion,Jacket,1,1200,0.2,Bank Transfer,Pending,,,960.0,960.0,,2026-02,0,
11363,C0983,2026-03-30 04:26:00,18.0,Female,Alexandria,Fashion,Bag,4,750,0.0,Wallet,Pending,,,3000.0,3000.0,,2026-03,0,
16299,C1507,2026-03-08 19:00:00,50.0,Male,Cairo,Sports,Yoga Mat,2,600,0.1,Bank Transfer,Delivered,2026-03-11 19:00:00,4.0,1080.0,1080.0,3.0,2026-03,1,1
19901,C0563,2026-04-27 19:13:00,29.0,Female,Giza,Sports,Yoga Mat,2,600,0.1,Mastercard,Delivered,2026-05-03 19:13:00,4.0,1080.0,1080.0,6.0,2026-04,1,1
12823,C0988,2026-04-06 21:51:00,47.0,Male,Giza,Beauty,Perfume,2,1100,0.1,Cash,Delivered,2026-04-09 21:51:00,3.0,1980.0,1980.0,3.0,2026-04,1,0
11928,C0389,2026-05-05 22:15:00,25.0,Male,Alexandria,Home,Chair,2,2500,0.05,Wallet,Delivered,2026-05-07 22:15:00,4.0,4750.0,4750.0,2.0,2026-05,1,1
16102,C1942,2026-02-11 10:54:00,51.0,Male,Giza,Sports,Running Shoes,1,1800,0.0,Mastercard,Delivered,2026-02-14 10:54:00,4.0,1800.0,1800.0,3.0,2026-02,1,1
14292,C0489,2026-03-07 22:33:00,44.0,Female,Aswan,Electronics,Keyboard,1,900,0.1,Mastercard,Delivered,2026-03-09 22:33:00,4.0,810.0,810.0,2.0,2026-03,1,1
15486,C0485,2026-06-18 08:13:00,25.0,Female,Cairo,Electronics,Keyboard,1,900,0.1,Wallet,Delivered,2026-06-21 08:13:00,5.0,810.0,810.0,3.0,2026-06,1,1
16611,C1525,2026-06-15 02:03:00,19.0,Female,Aswan,Sports,Tennis Racket,4,1600,0.1,Visa,Pending,,,5760.0,5760.0,,2026-06,0,
18116,C0149,2026-01-12 06:17:00,56.0,Female,Cairo,Fashion,T-Shirt,4,500,0.0,Cash,Delivered,2026-01-15 06:17:00,5.0,2000.0,2000.0,3.0,2026-01,1,1
18684,C1005,2026-03-23 16:41:00,44.0,Male,Alexandria,Electronics,Headphones,1,850,0.15,Visa,Delivered,2026-03-24 16:41:00,4.0,722.5,722.5,1.0,2026-03,1,1
17243,C1203,2026-05-05 12:47:00,48.0,Female,Cairo,Fashion,T-Shirt,1,500,0.15,Bank Transfer,Pending,,,425.0,425.0,,2026-05,0,
17890,C1586,2026-01-27 19:39:00,25.0,Female,Mansoura,Beauty,Hair Dryer,1,1300,0.1,Wallet,Cancelled,,,1170.0,1170.0,,2026-01,0,
12910,C0906,2026-04-05 10:37:00,24.0,Female,Cairo,Home,Blender,1,1200,0.05,Wallet,Delivered,2026-04-10 10:37:00,4.0,1140.0,1140.0,5.0,2026-04,1,1
17270,C0216,2026-06-25 15:12:00,43.0,Female,Giza,Beauty,Hair Dryer,1,1300,0.05,Unknown,Delivered,2026-07-01 15:12:00,2.0,1235.0,1235.0,6.0,2026-06,1,0
17317,C1402,2026-05-25 07:54:00,62.0,Female,Mansoura,Fashion,Jeans,1,900,0.0,Cash,Pending,,,900.0,900.0,,2026-05,0,
12520,C0899,2026-04-02 05:53:00,23.0,Male,Cairo,Beauty,Face Cream,1,450,0.0,Cash,Pending,,,450.0,450.0,,2026-04,0,
17004,C0466,2026-05-20 14:25:00,22.0,Female,Giza,Sports,Yoga Mat,2,600,0.15,Cash,Delivered,2026-05-22 14:25:00,4.0,1020.0,1020.0,2.0,2026-05,1,1
10711,C0539,2026-03-30 17:53:00,18.0,Female,Mansoura,Electronics,Keyboard,4,900,0.0,Bank Transfer,Delivered,2026-04-05 17:53:00,5.0,3600.0,3600.0,6.0,2026-03,1,1
18897,C0701,2026-04-02 20:19:00,41.0,Female,Tanta,Electronics,Mouse,1,450,0.1,Mastercard,Cancelled,,,405.0,405.0,,2026-04,0,
13201,C0470,2026-04-04 06:17:00,38.0,Male,Alexandria,Home,Coffee Maker,1,1800,0.15,Bank Transfer,Delivered,2026-04-08 06:17:00,4.0,1530.0,1530.0,4.0,2026-04,1,1
18672,C0305,2026-03-09 19:48:00,25.0,Male,Cairo,Sports,Yoga Mat,1,600,0.1,Visa,Delivered,2026-03-16 19:48:00,5.0,540.0,540.0,7.0,2026-03,1,1
10264,C1089,2026-04-10 20:59:00,60.0,Female,Alexandria,Beauty,Face Cream,3,450,0.1,Bank Transfer,Delivered,2026-04-15 20:59:00,1.0,1215.0,1215.0,5.0,2026-04,1,0
16525,C1779,2026-01-24 08:42:00,28.0,Male,Alexandria,Electronics,Laptop,1,18000,0.1,Wallet,Pending,,,16200.0,16200.0,,2026-01,0,
12788,C1886,2026-03-07 11:42:00,57.0,Female,Tanta,Fashion,T-Shirt,1,500,0.0,Bank Transfer,Pending,,,500.0,500.0,,2026-03,0,
14306,C0134,2026-06-16 00:00:00,64.0,Male,Giza,Sports,Tennis Racket,1,1600,0.05,Cash,Delivered,2026-06-20 12:15:00,5.0,1520.0,1520.0,4.510416666666667,2026-06,1,1
18085,C1626,2026-03-05 06:55:00,67.0,Female,Tanta,Electronics,Mouse,2,450,0.1,Wallet,Delivered,,5.0,810.0,810.0,,2026-03,1,1
14972,C0004,2026-03-17 18:23:00,18.0,Male,Aswan,Electronics,Headphones,2,850,0.05,Mastercard,Delivered,2026-03-23 18:23:00,4.0,1615.0,1615.0,6.0,2026-03,1,1
10473,C1558,2026-05-06 18:40:00,59.0,Male,Mansoura,Beauty,Perfume,1,1100,0.0,Visa,Delivered,2026-05-10 18:40:00,5.0,1100.0,1100.0,4.0,2026-05,1,1
16309,C1477,2026-03-19 17:58:00,53.0,Female,Cairo,Sports,Dumbbells,1,1400,0.0,Bank Transfer,Delivered,2026-03-25 17:58:00,5.0,1400.0,1400.0,6.0,2026-03,1,1
19181,C1852,2026-01-06 12:05:00,44.0,Female,Giza,Fashion,Jeans,1,900,0.2,Mastercard,Delivered,2026-01-13 12:05:00,3.0,720.0,720.0,7.0,2026-01,1,0
12472,C1815,2026-06-02 13:13:00,43.0,Male,Alexandria,Fashion,Jacket,3,1200,0.0,Mastercard,Delivered,2026-06-04 13:13:00,4.0,3600.0,3600.0,2.0,2026-06,1,1
13591,C0653,2026-06-16 23:46:00,32.0,Female,Alexandria,Sports,Running Shoes,3,1800,0.2,Bank Transfer,Delivered,2026-06-20 23:46:00,4.0,4320.0,4320.0,4.0,2026-06,1,1
12011,C1628,2026-03-26 22:10:00,19.0,Male,Cairo,Sports,Tennis Racket,2,1600,0.15,Cash,Delivered,2026-03-31 22:10:00,2.0,2720.0,2720.0,5.0,2026-03,1,0
12325,C1758,2026-06-17 17:38:00,27.0,Male,Giza,Home,Coffee Maker,3,1800,0.0,Visa,Delivered,2026-06-21 17:38:00,1.0,5400.0,5400.0,4.0,2026-06,1,0
11490,C0173,2026-02-02 09:08:00,66.0,Female,Aswan,Electronics,Smart Watch,2,2200,0.0,Wallet,Delivered,2026-02-08 09:08:00,4.0,4400.0,4400.0,6.0,2026-02,1,1
10028,C0020,2026-03-06 07:45:00,33.0,Male,Tanta,Sports,Yoga Mat,4,600,0.05,Mastercard,Delivered,2026-03-10 07:45:00,,2280.0,2280.0,4.0,2026-03,1,
10806,C1400,2026-06-28 19:34:00,27.0,Male,Giza,Home,Lamp,3,300,0.1,Bank Transfer,Delivered,2026-07-01 19:34:00,5.0,810.0,810.0,3.0,2026-06,1,1
12718,C0125,2026-06-22 03:34:00,28.0,Female,Alexandria,Electronics,Smart Watch,1,2200,0.0,Cash,Delivered,2026-06-27 03:34:00,5.0,2200.0,2200.0,5.0,2026-06,1,1
17104,C0081,2026-03-13 00:28:00,69.0,Female,Cairo,Sports,Yoga Mat,4,600,0.0,Bank Transfer,Delivered,2026-03-18 00:28:00,5.0,2400.0,2400.0,5.0,2026-03,1,1
18505,C1826,2026-04-14 05:50:00,25.0,Female,Alexandria,Home,Blender,1,1200,0.15,Mastercard,Delivered,2026-04-18 05:50:00,4.0,1020.0,1020.0,4.0,2026-04,1,1
17278,C1185,2026-01-23 01:48:00,66.0,Female,Tanta,Electronics,Mouse,4,450,0.15,Wallet,Cancelled,,,1530.0,1530.0,,2026-01,0,
14875,C0546,2026-02-12 04:18:00,66.0,Male,Aswan,Fashion,Bag,1,750,0.15,Mastercard,Delivered,2026-02-15 04:18:00,4.0,637.5,637.5,3.0,2026-02,1,1
13298,C1338,2026-04-19 00:01:00,27.0,Female,Cairo,Home,Blender,4,1200,0.1,Wallet,Pending,,,4320.0,4320.0,,2026-04,0,
15014,C1112,2026-04-17 12:55:00,29.0,Female,Giza,Electronics,Headphones,1,850,0.1,Visa,Delivered,2026-04-20 12:55:00,4.0,765.0,765.0,3.0,2026-04,1,1
15088,C1766,2026-05-07 06:48:00,43.0,Male,Cairo,Home,Lamp,1,300,0.0,Visa,Delivered,2026-05-11 06:48:00,4.0,300.0,300.0,4.0,2026-05,1,1
13489,C1024,2026-05-25 18:08:00,55.0,Female,Alexandria,Beauty,Face Cream,3,450,0.0,Bank Transfer,Delivered,2026-05-30 18:08:00,4.0,1350.0,1350.0,5.0,2026-05,1,1
12310,C1399,2026-03-19 02:50:00,61.0,Female,Cairo,Home,Chair,2,2500,0.15,Cash,Delivered,2026-03-21 02:50:00,5.0,4250.0,4250.0,2.0,2026-03,1,1
16002,C0957,2026-04-15 21:50:00,21.0,Female,Aswan,Fashion,Shoes,4,1500,0.1,Visa,Pending,,,5400.0,5400.0,,2026-04,0,
10256,C1655,2026-06-08 13:33:00,35.0,Male,Alexandria,Home,Lamp,1,300,0.1,Visa,Delivered,2026-06-11 13:33:00,2.0,270.0,270.0,3.0,2026-06,1,0
16005,C1706,2026-04-02 16:12:00,55.0,Male,Giza,Electronics,Smart Watch,3,2200,0.0,Bank Transfer,Delivered,2026-04-05 16:12:00,4.0,6600.0,6600.0,3.0,2026-04,1,1
16969,C1514,2026-06-14 13:17:00,45.0,Male,Cairo,Beauty,Hair Dryer,3,1300,0.15,Cash,Pending,,,3315.0,3315.0,,2026-06,0,
11230,C1964,2026-05-14 04:01:00,29.0,Male,Giza,Home,Blender,1,1200,0.1,Visa,Delivered,2026-05-17 04:01:00,5.0,1080.0,1080.0,3.0,2026-05,1,1
15519,C0856,2026-05-29 18:44:00,45.0,Male,Cairo,Beauty,Face Cream,1,450,0.05,Wallet,Delivered,2026-06-01 18:44:00,2.0,427.5,427.5,3.0,2026-05,1,0
15647,C1696,2026-06-13 14:04:00,32.0,Male,Cairo,Home,Blender,1,1200,0.05,Wallet,Delivered,2026-06-17 14:04:00,5.0,1140.0,1140.0,4.0,2026-06,1,1
12891,C0079,2026-03-12 00:00:00,70.0,Female,Cairo,Beauty,Hair Dryer,1,1300,0.0,Mastercard,Delivered,2026-03-15 13:43:00,5.0,1300.0,1300.0,3.571527777777778,2026-03,1,1
12829,C1868,2026-05-08 13:47:00,22.0,Male,Cairo,Electronics,Smart Watch,2,2200,0.15,Unknown,Delivered,2026-05-13 13:47:00,3.0,3740.0,3740.0,5.0,2026-05,1,0
12604,C1688,2026-05-13 18:37:00,46.0,Male,Cairo,Home,Chair,1,2500,0.0,Mastercard,Delivered,2026-05-16 18:37:00,5.0,2500.0,2500.0,3.0,2026-05,1,1
12803,C1621,2026-05-20 18:42:00,50.0,Female,Tanta,Fashion,Jacket,2,1200,0.1,Bank Transfer,Delivered,2026-05-22 18:42:00,4.0,2160.0,2160.0,2.0,2026-05,1,1
15733,C1982,2026-06-25 02:46:00,42.0,Female,Cairo,Fashion,Shoes,1,1500,0.05,Cash,Delivered,2026-06-26 02:46:00,4.0,1425.0,1425.0,1.0,2026-06,1,1
19179,C0047,2026-01-08 00:00:00,36.0,Female,Alexandria,Fashion,T-Shirt,2,500,0.2,Wallet,Delivered,2026-01-12 00:38:00,4.0,800.0,800.0,4.026388888888889,2026-01,1,1
13437,C0015,2026-04-11 11:03:00,52.0,Female,Alexandria,Electronics,Headphones,2,850,0.15,Mastercard,Delivered,2026-04-13 11:03:00,5.0,1445.0,1445.0,2.0,2026-04,1,1
13348,C0669,2026-01-03 18:35:00,64.0,Female,Alexandria,Electronics,Mouse,2,450,0.0,Wallet,Delivered,2026-01-04 18:35:00,5.0,900.0,900.0,1.0,2026-01,1,1
13075,C1213,2026-05-12 23:21:00,27.0,Female,Giza,Home,Lamp,1,300,0.1,Cash,Delivered,2026-05-15 23:21:00,4.0,270.0,270.0,3.0,2026-05,1,1
17405,C0396,2026-03-31 03:25:00,27.0,Male,Cairo,Electronics,Laptop,3,18000,0.15,Cash,Cancelled,,,45900.0,45900.0,,2026-03,0,
16908,C1583,2026-04-29 03:18:00,52.0,Male,Giza,Sports,Tennis Racket,2,1600,0.0,Mastercard,Pending,,,3200.0,3200.0,,2026-04,0,
19791,C1567,2026-01-02 03:33:00,25.0,Male,Cairo,Sports,Yoga Mat,3,600,0.0,Wallet,Delivered,2026-01-05 03:33:00,4.0,1800.0,1800.0,3.0,2026-01,1,1
10404,C1184,2026-03-30 01:11:00,57.0,Female,Giza,Fashion,Jeans,1,900,0.0,Mastercard,Cancelled,,,900.0,900.0,,2026-03,0,
10205,C1405,2026-06-17 16:01:00,42.0,Male,Giza,Fashion,T-Shirt,2,500,0.05,Wallet,Cancelled,,,950.0,950.0,,2026-06,0,
17817,C0133,2026-03-06 05:38:00,42.0,Female,Mansoura,Beauty,Perfume,1,1100,0.1,Visa,Delivered,2026-03-08 05:38:00,5.0,990.0,990.0,2.0,2026-03,1,1
17818,C0930,2026-03-08 20:38:00,44.0,Male,Mansoura,Beauty,Face Cream,1,450,0.15,Bank Transfer,Delivered,2026-03-11 20:38:00,4.0,382.5,382.5,3.0,2026-03,1,1
18921,C1134,2026-02-14 05:12:00,21.0,Female,Tanta,Electronics,Laptop,2,18000,0.05,Mastercard,Delivered,2026-02-21 05:12:00,5.0,34200.0,34200.0,7.0,2026-02,1,1
10914,C0156,2026-05-31 15:02:00,59.0,Male,Cairo,Fashion,Jacket,2,1200,0.0,Wallet,Delivered,2026-06-03 15:02:00,1.0,2400.0,2400.0,3.0,2026-05,1,0
15857,C0430,2026-05-01 11:19:00,43.0,Male,Cairo,Home,Coffee Maker,1,1800,0.15,Visa,Pending,,,1530.0,1530.0,,2026-05,0,
10098,C0957,2026-01-17 09:56:00,66.0,Female,Cairo,Beauty,Perfume,1,1100,0.1,Bank Transfer,Delivered,2026-01-21 09:56:00,4.0,990.0,990.0,4.0,2026-01,1,1
14158,C0574,2026-06-15 19:26:00,20.0,Female,Giza,Sports,Dumbbells,2,1400,0.1,Cash,Pending,,,2520.0,2520.0,,2026-06,0,
19936,C0807,2026-06-28 09:09:00,55.0,Female,Cairo,Home,Coffee Maker,1,1800,0.0,Bank Transfer,Cancelled,,,1800.0,1800.0,,2026-06,0,
16123,C0653,2026-06-28 00:28:00,30.0,Male,Giza,Beauty,Perfume,2,1100,0.1,Cash,Delivered,2026-07-02 00:28:00,2.0,1980.0,1980.0,4.0,2026-06,1,0
16232,C0994,2026-01-22 20:32:00,33.0,Male,Mansoura,Electronics,Headphones,2,850,0.0,Cash,Delivered,2026-01-25 20:32:00,5.0,1700.0,1700.0,3.0,2026-01,1,1
18965,C1207,2026-02-28 11:47:00,50.0,Female,Alexandria,Sports,Yoga Mat,4,600,0.05,Visa,Delivered,2026-03-03 11:47:00,4.0,2280.0,2280.0,3.0,2026-02,1,1
17598,C0674,2026-02-13 16:39:00,37.0,Male,Giza,Home,Coffee Maker,3,1800,0.1,Visa,Cancelled,,,4860.0,4860.0,,2026-02,0,
15646,C0453,2026-03-20 07:33:00,70.0,Female,Cairo,Fashion,Jeans,1,900,0.1,Visa,Cancelled,,,810.0,810.0,,2026-03,0,
18179,C1846,2026-03-03 14:13:00,28.0,Female,Cairo,Home,Bedsheet,1,700,0.0,Cash,Delivered,2026-03-06 14:13:00,4.0,700.0,700.0,3.0,2026-03,1,1
10003,C1706,2026-01-15 14:50:00,61.0,Female,Aswan,Sports,Tennis Racket,1,1600,0.15,Bank Transfer,Delivered,2026-01-16 14:50:00,5.0,1360.0,1360.0,1.0,2026-01,1,1
12062,C0536,2026-05-21 00:47:00,53.0,Female,Cairo,Electronics,Headphones,3,850,0.0,Visa,Delivered,2026-05-22 00:47:00,4.0,2550.0,2550.0,1.0,2026-05,1,1
18652,C1308,2026-02-09 08:11:00,40.0,Male,Cairo,Fashion,Bag,2,750,0.0,Cash,Delivered,2026-02-13 08:11:00,4.0,1500.0,1500.0,4.0,2026-02,1,1
10664,C0299,2026-06-16 08:05:00,36.0,Male,Giza,Fashion,Shoes,2,1500,0.1,Unknown,Delivered,2026-06-21 08:05:00,4.0,2700.0,2700.0,5.0,2026-06,1,1
12363,C1493,2026-03-10 02:13:00,32.0,Male,Giza,Fashion,Bag,3,750,0.1,Visa,Delivered,2026-03-15 02:13:00,4.0,2025.0,2025.0,5.0,2026-03,1,1
17246,C0833,2026-01-04 21:25:00,37.0,Female,Tanta,Electronics,Keyboard,1,900,0.05,Visa,Delivered,2026-01-06 21:25:00,5.0,855.0,855.0,2.0,2026-01,1,1
17031,C0058,2026-04-19 11:08:00,36.0,Male,Mansoura,Electronics,Mouse,1,450,0.0,Visa,Delivered,2026-04-22 11:08:00,3.0,450.0,450.0,3.0,2026-04,1,0
13939,C1550,2026-04-13 16:29:00,63.0,Female,Giza,Home,Bedsheet,1,700,0.0,Wallet,Cancelled,,,700.0,700.0,,2026-04,0,
17361,C0080,2026-02-20 21:15:00,62.0,Female,Alexandria,Fashion,Jacket,2,1200,0.0,Mastercard,Delivered,2026-02-25 21:15:00,3.0,2400.0,2400.0,5.0,2026-02,1,0
15540,C1804,2026-02-10 11:10:00,36.0,Female,Aswan,Sports,Tennis Racket,4,1600,0.1,Cash,Delivered,2026-02-16 11:10:00,4.0,5760.0,5760.0,6.0,2026-02,1,1
15886,C1221,2026-03-10 15:55:00,57.0,Female,Alexandria,Home,Bedsheet,1,700,0.0,Bank Transfer,Delivered,2026-03-14 15:55:00,5.0,700.0,700.0,4.0,2026-03,1,1
14562,C1156,2026-06-25 15:48:00,70.0,Male,Giza,Sports,Dumbbells,1,1400,0.0,Wallet,Delivered,2026-06-26 15:48:00,4.0,1400.0,1400.0,1.0,2026-06,1,1
14326,C0040,2026-02-25 07:34:00,66.0,Female,Alexandria,Home,Coffee Maker,3,1800,0.1,Visa,Delivered,2026-02-27 07:34:00,5.0,4860.0,4860.0,2.0,2026-02,1,1
11171,C1681,2026-04-12 14:14:00,65.0,Female,Cairo,Beauty,Hair Dryer,4,1300,0.15,Visa,Pending,,,4420.0,4420.0,,2026-04,0,
10032,C1775,2026-02-03 21:47:00,42.0,Male,Tanta,Electronics,Headphones,2,850,0.1,Bank Transfer,Delivered,2026-02-06 21:47:00,3.0,1530.0,1530.0,3.0,2026-02,1,0
10771,C1463,2026-02-26 11:22:00,50.0,Male,Mansoura,Electronics,Laptop,1,18000,0.1,Wallet,Delivered,2026-03-05 11:22:00,3.0,16200.0,16200.0,7.0,2026-02,1,0
10282,C1793,,69.0,Female,Giza,Home,Lamp,1,300,0.0,Mastercard,Pending,,,300.0,300.0,,,0,
20000,C0687,2026-03-15 03:03:00,44.0,Female,Giza,Home,Coffee Maker,4,1800,0.15,Wallet,Delivered,2026-03-19 03:03:00,1.0,6120.0,6120.0,4.0,2026-03,1,0
12844,C1756,2026-06-02 03:33:00,19.0,Female,Alexandria,Home,Bedsheet,2,700,0.2,Mastercard,Delivered,2026-06-04 03:33:00,5.0,1120.0,1120.0,2.0,2026-06,1,1
15385,C1054,2026-03-07 06:29:00,50.0,Male,Alexandria,Fashion,Jacket,2,1200,0.1,Bank Transfer,Delivered,2026-03-10 06:29:00,4.0,2160.0,2160.0,3.0,2026-03,1,1
19456,C0306,2026-02-10 22:08:00,21.0,Female,Mansoura,Electronics,Mouse,2,450,0.0,Wallet,Cancelled,,,900.0,900.0,,2026-02,0,
10285,C0112,2026-04-13 13:27:00,63.0,Female,Cairo,Home,Bedsheet,1,700,0.05,Cash,Delivered,2026-04-18 13:27:00,2.0,665.0,665.0,5.0,2026-04,1,0
17327,C0078,2026-05-27 08:30:00,19.0,Male,Alexandria,Home,Lamp,2,300,0.15,Mastercard,Pending,,,510.0,510.0,,2026-05,0,
12356,C1155,2026-05-07 08:52:00,21.0,Female,Mansoura,Beauty,Perfume,1,1100,0.0,Cash,Delivered,2026-05-09 08:52:00,3.0,1100.0,1100.0,2.0,2026-05,1,0
13744,C1532,2026-04-22 08:14:00,57.0,Male,Cairo,Beauty,Face Cream,3,450,0.15,Bank Transfer,Cancelled,,,1147.5,1147.5,,2026-04,0,
18610,C1307,2026-05-02 10:08:00,28.0,Female,Alexandria,Sports,Yoga Mat,2,600,0.05,Wallet,Delivered,2026-05-06 10:08:00,4.0,1140.0,2068.0,4.0,2026-05,1,1
14062,C1425,2026-02-20 16:08:00,27.0,Female,Giza,Sports,Football,1,650,0.2,Cash,Delivered,2026-02-21 16:08:00,5.0,520.0,520.0,1.0,2026-02,1,1
17400,C1257,2026-01-10 06:59:00,49.0,Male,Giza,Sports,Running Shoes,3,1800,0.0,Cash,Delivered,2026-01-14 06:59:00,3.0,5400.0,5400.0,4.0,2026-01,1,0
19747,C1118,2026-04-29 23:01:00,27.0,Male,Aswan,Home,Coffee Maker,1,1800,0.05,Cash,Cancelled,,,1710.0,1710.0,,2026-04,0,
13786,C1912,2026-05-09 23:09:00,52.0,Male,Aswan,Fashion,Jacket,2,1200,0.05,Mastercard,Delivered,2026-05-12 23:09:00,4.0,2280.0,2280.0,3.0,2026-05,1,1
10750,C0387,2026-01-25 04:54:00,57.0,Female,Cairo,Sports,Football,4,650,0.15,Mastercard,Cancelled,,,2210.0,2210.0,,2026-01,0,
14291,C0204,2026-01-15 04:33:00,69.0,Male,Cairo,Electronics,Mouse,1,0,0.1,Cash,Delivered,2026-01-20 04:33:00,4.0,0.0,883.0,5.0,2026-01,1,1
18254,C0988,2026-02-16 00:03:00,33.0,Female,Giza,Fashion,Jeans,2,900,0.05,Cash,Delivered,2026-02-20 00:03:00,4.0,1710.0,1710.0,4.0,2026-02,1,1
17889,C1164,2026-05-03 09:02:00,25.0,Female,Mansoura,Electronics,Smart Watch,3,2200,0.1,Wallet,Delivered,2026-05-07 09:02:00,2.0,5940.0,5940.0,4.0,2026-05,1,0
19624,C0445,2026-01-31 16:05:00,53.0,Female,Cairo,Sports,Running Shoes,1,1800,0.05,Visa,Delivered,2026-02-05 16:05:00,4.0,1710.0,1710.0,5.0,2026-01,1,1
18066,C1440,2026-05-20 10:38:00,44.0,Female,Cairo,Fashion,T-Shirt,1,500,0.0,Cash,Cancelled,,,500.0,500.0,,2026-05,0,
19266,C1158,2026-05-27 01:18:00,69.0,Male,Giza,Home,Coffee Maker,1,1800,0.0,Mastercard,Delivered,2026-06-03 01:18:00,5.0,1800.0,1800.0,7.0,2026-05,1,1
12766,C0442,2026-06-16 13:53:00,32.0,Male,Tanta,Home,Lamp,1,300,0.05,Cash,Delivered,2026-06-18 13:53:00,4.0,285.0,285.0,2.0,2026-06,1,1
18170,C0690,2026-02-17 06:41:00,55.0,Female,Cairo,Home,Chair,1,2500,0.15,Bank Transfer,Delivered,2026-02-19 06:41:00,4.0,2125.0,2125.0,2.0,2026-02,1,1
17061,C1837,2026-03-13 22:27:00,50.0,Female,Giza,Sports,Tennis Racket,3,1600,0.05,Visa,Delivered,2026-03-17 22:27:00,4.0,4560.0,4560.0,4.0,2026-03,1,1
11390,C1661,2026-04-26 06:39:00,62.0,Female,Cairo,Home,Lamp,1,300,0.05,Visa,Delivered,2026-04-30 06:39:00,3.0,285.0,285.0,4.0,2026-04,1,0
16389,C0930,2026-03-19 09:56:00,37.0,Male,Cairo,Home,Bedsheet,4,700,0.1,Cash,Delivered,2026-03-20 09:56:00,5.0,2520.0,2520.0,1.0,2026-03,1,1
10835,C1080,2026-01-15 02:23:00,50.0,Male,Cairo,Sports,Yoga Mat,2,600,0.15,Visa,Delivered,2026-01-19 02:23:00,5.0,1020.0,1020.0,4.0,2026-01,1,1
17276,C1316,2026-04-07 00:00:00,26.0,Male,Cairo,Electronics,Mouse,2,450,0.1,Visa,Delivered,2026-04-08 16:06:00,4.0,810.0,810.0,1.6708333333333334,2026-04,1,1
13784,C0295,2026-04-29 23:15:00,31.0,Male,Cairo,Sports,Running Shoes,2,1800,0.1,Visa,Delivered,2026-05-02 23:15:00,,3240.0,3240.0,3.0,2026-04,1,
17991,C0820,2026-06-13 02:57:00,24.0,Male,Giza,Electronics,Mouse,1,450,0.05,Wallet,Delivered,2026-06-14 02:57:00,2.0,427.5,427.5,1.0,2026-06,1,0
12804,C0967,2026-06-08 08:17:00,26.0,Female,Alexandria,Electronics,Laptop,3,18000,0.0,Bank Transfer,Delivered,2026-06-13 08:17:00,4.0,54000.0,54000.0,5.0,2026-06,1,1
14800,C0767,2026-01-21 14:42:00,38.0,Female,Cairo,Sports,Dumbbells,2,1400,0.15,Bank Transfer,Delivered,2026-01-28 14:42:00,1.0,2380.0,2380.0,7.0,2026-01,1,0
11782,C1939,2026-04-17 14:56:00,33.0,Female,Cairo,Fashion,Bag,1,750,0.1,Visa,Delivered,2026-04-19 14:56:00,4.0,675.0,675.0,2.0,2026-04,1,1
18106,C1105,2026-05-24 11:29:00,19.0,Male,Giza,Beauty,Face Cream,4,450,0.0,Visa,Delivered,2026-05-27 11:29:00,5.0,1800.0,1800.0,3.0,2026-05,1,1
11597,C1930,2026-06-08 06:09:00,41.0,Female,Cairo,Home,Blender,1,1200,0.0,Cash,Pending,,,1200.0,1200.0,,2026-06,0,
11821,C0858,2026-04-21 00:14:00,28.0,Female,Cairo,Beauty,Hair Dryer,1,1300,0.0,Cash,Delivered,2026-04-24 00:14:00,5.0,1300.0,1300.0,3.0,2026-04,1,1
18823,C1781,2026-04-07 03:10:00,45.0,Female,Giza,Electronics,Mouse,3,500,0.0,Cash,Pending,,,1500.0,1350.0,,2026-04,0,
11061,C0859,2026-04-24 17:24:00,43.0,Male,Cairo,Home,Chair,1,2500,0.0,Mastercard,Delivered,2026-04-26 17:24:00,4.0,2500.0,2500.0,2.0,2026-04,1,1
14188,C0927,2026-01-22 20:37:00,44.0,Male,Cairo,Sports,Dumbbells,3,1400,0.05,Wallet,Pending,,,3990.0,3990.0,,2026-01,0,
19466,C0916,2026-05-04 14:12:00,24.0,Male,Alexandria,Sports,Football,2,650,0.1,Wallet,Delivered,2026-05-08 14:12:00,5.0,1170.0,1170.0,4.0,2026-05,1,1
19174,C1394,2026-04-10 02:53:00,57.0,Female,Giza,Electronics,Mouse,2,450,0.0,Visa,Delivered,2026-04-15 02:53:00,4.0,900.0,900.0,5.0,2026-04,1,1
17507,C0068,2026-04-15 00:25:00,39.0,Male,Giza,Fashion,Jacket,1,1200,0.0,Cash,Pending,,,1200.0,1200.0,,2026-04,0,
14810,C1683,2026-06-05 18:42:00,48.0,Male,Tanta,Home,Chair,1,2500,0.05,Mastercard,Delivered,2026-06-09 18:42:00,,2375.0,2375.0,4.0,2026-06,1,
14304,C1189,2026-01-12 04:20:00,30.0,Female,Alexandria,Home,Coffee Maker,3,1800,0.05,Wallet,Delivered,2026-01-15 04:20:00,5.0,5130.0,5130.0,3.0,2026-01,1,1
17994,C1429,2026-04-05 18:42:00,25.0,Male,Cairo,Beauty,Hair Dryer,3,1300,0.05,Visa,Delivered,2026-04-06 18:42:00,3.0,3705.0,3705.0,1.0,2026-04,1,0
11845,C1605,2026-06-01 16:54:00,24.0,Female,Tanta,Home,Coffee Maker,1,1800,0.15,Mastercard,Delivered,2026-06-04 16:54:00,4.0,1530.0,1530.0,3.0,2026-06,1,1
17930,C0277,2026-02-22 03:28:00,44.0,Male,Cairo,Electronics,Mouse,4,450,0.0,Wallet,Delivered,2026-02-25 03:28:00,5.0,1800.0,1800.0,3.0,2026-02,1,1
12316,C0221,2026-06-28 23:46:00,45.0,Male,Mansoura,Sports,Yoga Mat,1,600,0.05,Wallet,Delivered,2026-07-01 23:46:00,5.0,570.0,570.0,3.0,2026-06,1,1
16648,C0006,2026-02-17 07:03:00,30.0,Female,Alexandria,Beauty,Face Cream,2,450,0.0,Mastercard,Cancelled,,,900.0,900.0,,2026-02,0,
18592,C0706,2026-03-30 08:24:00,62.0,Female,Alexandria,Home,Chair,2,2500,0.0,Cash,Pending,,,5000.0,5000.0,,2026-03,0,
14017,C1406,2026-05-06 01:48:00,49.0,Male,Cairo,Home,Chair,4,2500,0.1,Bank Transfer,Cancelled,,,9000.0,9000.0,,2026-05,0,
19691,C0030,2026-06-18 11:34:00,36.0,Male,Aswan,Home,Coffee Maker,3,1800,0.05,Visa,Delivered,2026-06-21 11:34:00,3.0,5130.0,5130.0,3.0,2026-06,1,0
17603,C0644,2026-06-29 14:57:00,20.0,Female,Cairo,Sports,Tennis Racket,4,1600,0.05,Bank Transfer,Delivered,2026-07-04 14:57:00,4.0,6080.0,6080.0,5.0,2026-06,1,1
12102,C0018,2026-04-14 09:55:00,29.0,Female,Cairo,Beauty,Face Cream,1,450,0.0,Bank Transfer,Delivered,2026-04-17 09:55:00,4.0,450.0,450.0,3.0,2026-04,1,1
19472,C1200,2026-02-17 05:22:00,65.0,Female,Cairo,Fashion,T-Shirt,2,500,0.15,Bank Transfer,Delivered,2026-02-23 05:22:00,4.0,850.0,850.0,6.0,2026-02,1,1
18363,C1951,2026-06-10 23:12:00,51.0,Female,Mansoura,Electronics,Keyboard,1,900,0.0,Cash,Cancelled,,,900.0,900.0,,2026-06,0,
19820,C1011,2026-01-07 00:55:00,39.0,Male,Cairo,Fashion,T-Shirt,1,500,0.0,Mastercard,Pending,,,500.0,500.0,,2026-01,0,
18146,C1309,2026-05-08 11:17:00,26.0,Male,Giza,Home,Chair,2,2500,0.0,Bank Transfer,Delivered,2026-05-11 11:17:00,5.0,5000.0,5000.0,3.0,2026-05,1,1
16689,C0553,2026-05-19 05:50:00,62.0,Female,Cairo,Beauty,Hair Dryer,2,1300,0.0,Bank Transfer,Delivered,2026-05-22 05:50:00,5.0,2600.0,2600.0,3.0,2026-05,1,1
18524,C0678,2026-02-05 09:55:00,50.0,Female,Mansoura,Electronics,Headphones,3,850,0.15,Bank Transfer,Delivered,2026-02-11 09:55:00,5.0,2167.5,2167.5,6.0,2026-02,1,1
15953,C1690,2026-02-01 14:55:00,38.0,Male,Cairo,Fashion,Bag,1,750,0.05,Mastercard,Delivered,2026-02-05 14:55:00,1.0,712.5,712.5,4.0,2026-02,1,0
10250,C1187,2026-01-19 17:07:00,43.0,Female,Cairo,Fashion,Shoes,1,1500,0.1,Visa,Delivered,2026-01-20 17:07:00,1.0,1350.0,1350.0,1.0,2026-01,1,0
17569,C0265,2026-01-25 03:31:00,24.0,Female,Cairo,Beauty,Face Cream,1,450,0.1,Bank Transfer,Delivered,2026-01-28 03:31:00,5.0,405.0,405.0,3.0,2026-01,1,1
17321,C0361,2026-06-12 14:23:00,35.0,Female,Cairo,Home,Lamp,1,300,0.1,Bank Transfer,Delivered,2026-06-16 14:23:00,4.0,270.0,270.0,4.0,2026-06,1,1
10786,C0172,2026-02-24 18:28:00,19.0,Male,Cairo,Home,Bedsheet,4,700,0.0,Cash,Cancelled,,,2800.0,2800.0,,2026-02,0,
12748,C1394,2026-03-19 02:32:00,59.0,Female,Tanta,Sports,Running Shoes,3,1800,0.05,Mastercard,Delivered,2026-03-24 02:32:00,4.0,5130.0,5130.0,5.0,2026-03,1,1
19598,C1344,2026-06-25 20:07:00,64.0,Female,Tanta,Fashion,Jeans,3,900,0.1,Mastercard,Pending,,,2430.0,2430.0,,2026-06,0,
11356,C0704,2026-05-16 19:17:00,44.0,Male,Cairo,Beauty,Face Cream,2,450,0.0,Wallet,Pending,,,900.0,900.0,,2026-05,0,
18899,C1210,2026-01-03 18:21:00,55.0,Female,Cairo,Beauty,Face Cream,1,450,0.1,Wallet,Delivered,2026-01-06 18:21:00,5.0,405.0,405.0,3.0,2026-01,1,1
19215,C1401,2026-02-27 14:28:00,60.0,Male,Cairo,Fashion,Jacket,3,1200,0.1,Cash,Pending,,,3240.0,3240.0,,2026-02,0,
10166,C0948,2026-01-14 08:14:00,38.0,Female,Cairo,Electronics,Mouse,1,450,0.0,Wallet,Delivered,2026-01-20 08:14:00,4.0,450.0,450.0,6.0,2026-01,1,1
17161,C1429,2026-03-18 11:50:00,61.0,Male,Alexandria,Electronics,Laptop,2,18000,0.1,Visa,Delivered,2026-03-21 11:50:00,2.0,32400.0,32400.0,3.0,2026-03,1,0
13627,C0235,2026-05-10 11:40:00,55.0,Male,Giza,Electronics,Laptop,4,18000,0.05,Wallet,Pending,,,68400.0,68400.0,,2026-05,0,
14547,C0094,2026-02-03 22:47:00,34.0,Female,Tanta,Home,Blender,2,1200,0.1,Bank Transfer,Cancelled,,,2160.0,2160.0,,2026-02,0,
14714,C0145,2026-01-14 08:37:00,47.0,Female,Cairo,Sports,Tennis Racket,1,1600,0.15,Wallet,Cancelled,,,1360.0,1360.0,,2026-01,0,
10107,C1684,2026-04-03 21:52:00,68.0,Female,Cairo,Home,Lamp,1,300,0.05,Visa,Delivered,2026-04-08 21:52:00,4.0,285.0,285.0,5.0,2026-04,1,1
19355,C0120,2026-01-19 15:10:00,38.0,Male,Giza,Beauty,Shampoo,2,250,0.0,Mastercard,Delivered,2026-01-22 15:10:00,5.0,500.0,500.0,3.0,2026-01,1,1
15120,C1442,2026-03-17 20:04:00,45.0,Female,Cairo,Electronics,Laptop,3,18000,0.0,Cash,Delivered,2026-03-20 20:04:00,2.0,54000.0,54000.0,3.0,2026-03,1,0
13938,C1688,2026-05-06 10:23:00,53.0,Female,Cairo,Home,Blender,2,1200,0.15,Mastercard,Delivered,2026-05-10 10:23:00,3.0,2040.0,2040.0,4.0,2026-05,1,0
15209,C0789,2026-05-21 01:14:00,64.0,Male,Cairo,Beauty,Hair Dryer,1,1300,0.0,Cash,Delivered,2026-05-24 01:14:00,5.0,1300.0,1300.0,3.0,2026-05,1,1
13426,C0041,2026-06-13 06:22:00,46.0,Male,Cairo,Home,Lamp,1,300,0.0,Wallet,Pending,,,300.0,300.0,,2026-06,0,
13684,C1898,2026-04-29 23:19:00,34.0,Female,Cairo,Electronics,Smart Watch,2,2200,0.15,Mastercard,Delivered,2026-05-03 23:19:00,5.0,3740.0,3740.0,4.0,2026-04,1,1
10738,C1055,2026-04-22 13:32:00,30.0,Male,Alexandria,Fashion,Bag,1,750,0.15,Cash,Delivered,2026-04-23 13:32:00,5.0,637.5,637.5,1.0,2026-04,1,1
10972,C1258,2026-05-21 03:49:00,60.0,Female,Cairo,Home,Chair,1,2500,0.0,Cash,Delivered,2026-05-26 03:49:00,5.0,2500.0,2500.0,5.0,2026-05,1,1
10665,C1361,2026-03-03 07:32:00,19.0,Male,Giza,Beauty,Shampoo,1,250,0.15,Wallet,Delivered,2026-03-07 07:32:00,3.0,212.5,212.5,4.0,2026-03,1,0
17421,C0323,2026-03-02 21:23:00,47.0,Female,Tanta,Electronics,Smart Watch,4,2200,0.0,Mastercard,Cancelled,,,8800.0,8800.0,,2026-03,0,
15456,C0062,2026-05-26 06:06:00,39.0,Male,Cairo,Home,Blender,2,1200,0.0,Cash,Delivered,2026-06-02 06:06:00,5.0,2400.0,2400.0,7.0,2026-05,1,1
14558,C1955,2026-04-12 15:27:00,18.0,Female,Cairo,Sports,Yoga Mat,2,600,0.05,Cash,Delivered,2026-04-08 15:27:00,4.0,1140.0,1140.0,-4.0,2026-04,1,1
19364,C1749,2026-02-08 10:27:00,18.0,Female,Aswan,Home,Blender,1,1200,0.05,Bank Transfer,Delivered,2026-02-12 10:27:00,5.0,1140.0,1140.0,4.0,2026-02,1,1
10108,C1797,2026-02-23 14:22:00,66.0,Female,Tanta,Beauty,Face Cream,2,450,0.0,Cash,Delivered,2026-02-27 14:22:00,3.0,900.0,900.0,4.0,2026-02,1,0
14526,C0877,2026-04-14 02:56:00,28.0,Female,Alexandria,Sports,Tennis Racket,3,1600,0.15,Bank Transfer,Delivered,2026-04-16 02:56:00,5.0,4080.0,4080.0,2.0,2026-04,1,1
18728,C1665,2026-04-16 00:41:00,54.0,Female,Cairo,Fashion,Shoes,2,1500,0.2,Visa,Delivered,2026-04-18 00:41:00,3.0,2400.0,2400.0,2.0,2026-04,1,0
11130,C1825,2026-02-15 19:05:00,19.0,Female,Cairo,Electronics,Headphones,2,850,0.1,Wallet,Delivered,2026-02-18 19:05:00,4.0,1530.0,1530.0,3.0,2026-02,1,1
14037,C0564,2026-04-12 19:12:00,60.0,Female,Cairo,Beauty,Makeup Kit,3,900,0.05,Bank Transfer,Pending,,,2565.0,2565.0,,2026-04,0,
11231,C1655,2026-06-27 19:01:00,53.0,Female,Giza,Home,Coffee Maker,2,1800,0.1,Cash,Delivered,2026-06-29 19:01:00,4.0,3240.0,3240.0,2.0,2026-06,1,1
18440,C0803,2026-02-05 20:49:00,29.0,Male,Cairo,Home,Coffee Maker,4,1800,0.0,Cash,Delivered,2026-02-07 20:49:00,1.0,7200.0,7200.0,2.0,2026-02,1,0
11034,C1934,2026-04-30 23:58:00,56.0,Male,Giza,Fashion,Shoes,2,1500,0.1,Cash,Cancelled,,,2700.0,2700.0,,2026-04,0,
13473,C1969,2026-03-25 21:53:00,27.0,Male,Alexandria,Sports,Yoga Mat,3,600,0.05,Mastercard,Delivered,2026-03-28 21:53:00,4.0,1710.0,1710.0,3.0,2026-03,1,1
18305,C0097,2026-02-11 01:22:00,68.0,Female,Giza,Beauty,Shampoo,1,250,0.1,Visa,Delivered,2026-02-12 01:22:00,3.0,225.0,225.0,1.0,2026-02,1,0
17451,C1269,2026-05-20 16:02:00,27.0,Female,Cairo,Beauty,Shampoo,2,250,0.1,Visa,Delivered,2026-05-24 16:02:00,4.0,450.0,450.0,4.0,2026-05,1,1
15410,C1625,2026-04-19 17:40:00,57.0,Male,Aswan,Beauty,Makeup Kit,1,900,0.15,Mastercard,Delivered,2026-04-24 17:40:00,5.0,765.0,765.0,5.0,2026-04,1,1
13918,C1166,2026-05-20 10:52:00,52.0,Female,Tanta,Beauty,Shampoo,1,250,0.0,Mastercard,Delivered,2026-05-27 10:52:00,5.0,250.0,250.0,7.0,2026-05,1,1
13829,C1599,2026-04-30 05:09:00,66.0,Male,Aswan,Home,Chair,2,2500,0.15,Mastercard,Pending,,,4250.0,4250.0,,2026-04,0,
16422,C1608,2026-05-18 00:16:00,68.0,Male,Cairo,Beauty,Shampoo,3,250,0.0,Visa,Delivered,2026-05-21 00:16:00,4.0,750.0,750.0,3.0,2026-05,1,1
19757,C1432,2026-06-20 23:43:00,57.0,Female,Cairo,Beauty,Perfume,1,1100,0.1,Wallet,Delivered,2026-06-24 23:43:00,5.0,990.0,990.0,4.0,2026-06,1,1
17595,C0128,2026-01-12 20:14:00,20.0,Female,Mansoura,Beauty,Hair Dryer,2,1300,0.15,Cash,Delivered,2026-01-16 20:14:00,3.0,2210.0,2210.0,4.0,2026-01,1,0
10640,C1132,2026-03-03 16:35:00,40.0,Male,Mansoura,Fashion,Jacket,3,1200,0.2,Mastercard,Delivered,2026-03-07 16:35:00,4.0,2880.0,2880.0,4.0,2026-03,1,1
15770,C0203,2026-06-08 01:10:00,41.0,Female,Alexandria,Electronics,Headphones,2,850,0.2,Bank Transfer,Delivered,2026-06-12 01:10:00,4.0,1360.0,1360.0,4.0,2026-06,1,1
13454,C0912,2026-06-22 02:53:00,57.0,Male,Cairo,Home,Lamp,2,300,0.05,Cash,Delivered,2026-06-25 02:53:00,3.0,570.0,570.0,3.0,2026-06,1,0
15995,C0976,2026-03-04 12:54:00,67.0,Female,Aswan,Fashion,Shoes,3,1500,0.0,Wallet,Cancelled,,,4500.0,4500.0,,2026-03,0,
17691,C1944,2026-06-24 13:09:00,55.0,Male,Mansoura,Sports,Yoga Mat,4,600,0.0,Wallet,Delivered,2026-06-26 13:09:00,5.0,2400.0,2583.0,2.0,2026-06,1,1
10084,C1760,2026-05-21 22:50:00,36.0,Male,Cairo,Beauty,Face Cream,2,450,0.05,Cash,Delivered,2026-05-26 22:50:00,4.0,855.0,855.0,5.0,2026-05,1,1
11833,C0288,2026-01-18 12:03:00,40.0,Male,Giza,Sports,Yoga Mat,2,600,0.2,Wallet,Delivered,2026-01-20 12:03:00,5.0,960.0,960.0,2.0,2026-01,1,1
16421,C0900,,67.0,Female,Cairo,Home,Chair,3,2500,0.15,Mastercard,Delivered,2026-06-24 01:39:00,4.0,6375.0,6375.0,,,1,1
17550,C1511,2026-04-05 11:42:00,66.0,Male,Cairo,Beauty,Shampoo,1,250,0.0,Cash,Delivered,2026-04-08 11:42:00,5.0,250.0,250.0,3.0,2026-04,1,1
15061,C1790,2026-04-18 13:34:00,21.0,Female,Tanta,Home,Coffee Maker,3,1800,0.05,Cash,Delivered,2026-04-21 13:34:00,4.0,5130.0,5130.0,3.0,2026-04,1,1
18053,C1727,2026-05-11 06:30:00,27.0,Female,Cairo,Sports,Unknown,4,600,0.0,Mastercard,Delivered,2026-05-14 06:30:00,2.0,2400.0,2400.0,3.0,2026-05,1,0
12297,C1947,2026-02-13 04:51:00,66.0,Male,Tanta,Beauty,Hair Dryer,3,1300,0.15,Cash,Pending,,,3315.0,3315.0,,2026-02,0,
11313,C1019,2026-05-01 19:04:00,37.0,Male,Mansoura,Fashion,T-Shirt,2,500,0.05,Cash,Delivered,2026-05-04 19:04:00,5.0,950.0,950.0,3.0,2026-05,1,1
17534,C0715,2026-05-21 22:39:00,30.0,Male,Mansoura,Home,Blender,3,1200,0.05,Wallet,Pending,,,3420.0,3420.0,,2026-05,0,
16084,C0760,2026-02-15 23:13:00,41.0,Female,Cairo,Sports,Yoga Mat,4,600,0.0,Visa,Delivered,2026-02-19 23:13:00,4.0,2400.0,2400.0,4.0,2026-02,1,1
12203,C1841,2026-06-18 00:00:00,51.0,Female,Aswan,Home,Blender,2,1200,0.1,Wallet,Delivered,2026-06-21 15:54:00,5.0,2160.0,2160.0,3.6625,2026-06,1,1
12160,C1604,2026-05-27 00:47:00,36.0,Female,Giza,Sports,Running Shoes,1,1800,0.15,Bank Transfer,Delivered,2026-05-31 00:47:00,4.0,1530.0,1530.0,4.0,2026-05,1,1
15167,C1122,2026-02-15 19:17:00,65.0,Male,Cairo,Electronics,Keyboard,2,900,0.0,Cash,Delivered,2026-02-16 19:17:00,4.0,1800.0,1800.0,1.0,2026-02,1,1
15286,C1084,2026-01-24 16:00:00,56.0,Male,Cairo,Home,Blender,4,1200,0.2,Bank Transfer,Delivered,2026-01-26 16:00:00,4.0,3840.0,3840.0,2.0,2026-01,1,1
19694,C1977,2026-04-10 13:04:00,34.0,Male,Mansoura,Beauty,Shampoo,1,250,0.05,Bank Transfer,Delivered,2026-04-15 13:04:00,5.0,237.5,237.5,5.0,2026-04,1,1
13670,C0991,2026-06-08 04:55:00,35.0,Male,Giza,Home,Lamp,2,300,0.1,Cash,Delivered,2026-06-15 04:55:00,4.0,540.0,540.0,7.0,2026-06,1,1
13628,C1538,2026-03-21 00:51:00,51.0,Female,Mansoura,Beauty,Makeup Kit,2,900,0.2,Mastercard,Delivered,2026-03-25 00:51:00,5.0,1440.0,1440.0,4.0,2026-03,1,1
16670,C0286,2026-05-30 16:52:00,44.0,Male,Alexandria,Beauty,Face Cream,4,450,0.0,Visa,Pending,,,1800.0,1800.0,,2026-05,0,
12942,C0958,2026-04-14 00:00:00,55.0,Male,Cairo,Sports,Running Shoes,2,1800,0.1,Bank Transfer,Delivered,2026-04-17 10:58:00,5.0,3240.0,3240.0,3.4569444444444444,2026-04,1,1
18461,C1089,2026-03-07 10:34:00,18.0,Male,Cairo,Sports,Yoga Mat,1,600,0.1,Cash,Delivered,2026-03-10 10:34:00,4.0,540.0,540.0,3.0,2026-03,1,1
17956,C0908,2026-06-25 18:06:00,24.0,Female,Alexandria,Home,Unknown,2,700,0.0,Visa,Delivered,2026-06-30 18:06:00,5.0,1400.0,1400.0,5.0,2026-06,1,1
14897,C1995,2026-01-30 19:51:00,32.0,Female,Cairo,Sports,Tennis Racket,1,1600,0.15,Cash,Pending,,,1360.0,1360.0,,2026-01,0,
19365,C1878,2026-01-11 09:45:00,45.0,Female,Alexandria,Sports,Football,1,650,0.0,Mastercard,Pending,,,650.0,552.5,,2026-01,0,
17484,C1708,2026-06-19 02:50:00,41.0,Male,Cairo,Home,Bedsheet,2,700,0.05,Mastercard,Delivered,2026-06-21 02:50:00,4.0,1330.0,1330.0,2.0,2026-06,1,1
11243,C0288,2026-04-05 08:10:00,62.0,Female,Giza,Beauty,Makeup Kit,1,900,0.0,Bank Transfer,Delivered,2026-04-08 08:10:00,5.0,900.0,900.0,3.0,2026-04,1,1
16403,C1001,2026-01-10 10:09:00,47.0,Female,Cairo,Beauty,Hair Dryer,1,1300,0.0,Visa,Delivered,2026-01-15 10:09:00,3.0,1300.0,1300.0,5.0,2026-01,1,0
10529,C0196,2026-01-29 08:03:00,68.0,Male,Alexandria,Beauty,Shampoo,1,250,0.2,Wallet,Delivered,2026-02-03 08:03:00,5.0,200.0,200.0,5.0,2026-01,1,1
16222,C1395,2026-06-25 14:45:00,62.0,Female,Cairo,Fashion,Shoes,1,1500,0.0,Cash,Delivered,2026-06-27 14:45:00,5.0,1500.0,1500.0,2.0,2026-06,1,1
13295,C0171,2026-02-01 17:16:00,52.0,Female,Giza,Home,Blender,1,1200,0.1,Mastercard,Delivered,2026-02-03 17:16:00,4.0,1080.0,1080.0,2.0,2026-02,1,1
17496,C1705,2026-04-11 14:37:00,65.0,Female,Cairo,Fashion,Jeans,2,900,0.1,Visa,Delivered,2026-04-18 14:37:00,3.0,1620.0,1620.0,7.0,2026-04,1,0
14002,C1253,2026-03-28 12:56:00,41.0,Female,Cairo,Beauty,Makeup Kit,3,900,0.2,Mastercard,Pending,,,2160.0,2160.0,,2026-03,0,
14926,C1056,2026-03-28 23:24:00,60.0,Male,Alexandria,Sports,Dumbbells,1,1400,0.15,Visa,Delivered,2026-04-01 23:24:00,3.0,1190.0,1190.0,4.0,2026-03,1,0
10915,C0342,2026-02-04 14:21:00,45.0,Female,Cairo,Home,Chair,2,2500,0.0,Visa,Cancelled,,,5000.0,5000.0,,2026-02,0,
19899,C0114,2026-04-08 00:00:00,34.0,Male,Cairo,Fashion,Jacket,3,1200,0.0,Wallet,Cancelled,,,3600.0,3600.0,,2026-04,0,
14927,C0218,2026-01-12 23:52:00,61.0,Male,Cairo,Sports,Tennis Racket,3,1600,0.1,Mastercard,Delivered,2026-01-14 23:52:00,4.0,4320.0,4320.0,2.0,2026-01,1,1
13729,C1332,2026-02-04 16:57:00,65.0,Female,Alexandria,Electronics,Headphones,1,850,0.1,Cash,Delivered,2026-02-08 16:57:00,4.0,765.0,765.0,4.0,2026-02,1,1
14754,C0727,2026-02-19 19:22:00,62.0,Female,Cairo,Home,Lamp,3,300,0.15,Mastercard,Delivered,2026-02-24 19:22:00,2.0,765.0,765.0,5.0,2026-02,1,0
10012,C1977,2026-05-14 11:43:00,37.0,Male,Tanta,Sports,Yoga Mat,2,600,0.05,Visa,Delivered,2026-05-18 11:43:00,1.0,1140.0,1140.0,4.0,2026-05,1,0
16328,C0658,2026-02-18 14:01:00,22.0,Female,Mansoura,Beauty,Makeup Kit,1,900,0.1,Cash,Delivered,2026-02-21 14:01:00,4.0,810.0,810.0,3.0,2026-02,1,1
13196,C0792,2026-01-31 12:42:00,21.0,Female,Alexandria,Sports,Dumbbells,4,1400,0.15,Bank Transfer,Delivered,2026-02-07 12:42:00,5.0,4760.0,4760.0,7.0,2026-01,1,1
13850,C1772,2026-03-19 08:19:00,33.0,Male,Giza,Electronics,Mouse,1,450,0.0,Cash,Pending,,,450.0,450.0,,2026-03,0,
10965,C0255,2026-05-11 07:37:00,21.0,Male,Mansoura,Sports,Tennis Racket,2,1600,0.0,Mastercard,Delivered,2026-05-15 07:37:00,4.0,3200.0,3200.0,4.0,2026-05,1,1
14845,C0254,2026-03-26 04:08:00,53.0,Male,Giza,Home,Chair,1,2500,0.15,Mastercard,Delivered,2026-03-30 04:08:00,4.0,2125.0,2125.0,4.0,2026-03,1,1
16811,C1227,2026-04-26 06:29:00,56.0,Female,Cairo,Sports,Football,4,650,0.05,Visa,Cancelled,,,2470.0,2470.0,,2026-04,0,
11476,C1981,2026-04-04 15:10:00,39.0,Female,Giza,Home,Chair,3,2500,0.0,Bank Transfer,Delivered,2026-04-10 15:10:00,5.0,7500.0,7500.0,6.0,2026-04,1,1
12994,C0734,2026-02-16 15:09:00,49.0,Female,Cairo,Home,Lamp,4,300,0.05,Visa,Delivered,2026-02-18 15:09:00,4.0,1140.0,1140.0,2.0,2026-02,1,1
19351,C0414,2026-01-14 04:35:00,30.0,Male,Cairo,Sports,Dumbbells,1,1400,0.0,Bank Transfer,Delivered,2026-01-17 04:35:00,5.0,1400.0,1400.0,3.0,2026-01,1,1
17719,C1065,2026-01-10 04:49:00,24.0,Male,Aswan,Fashion,T-Shirt,4,500,0.1,Bank Transfer,Delivered,2026-01-13 04:49:00,5.0,1800.0,1800.0,3.0,2026-01,1,1
17374,C0213,2026-03-19 07:57:00,33.0,Female,Alexandria,Fashion,Shoes,1,1500,0.05,Bank Transfer,Delivered,2026-03-24 07:57:00,3.0,1425.0,1425.0,5.0,2026-03,1,0
14542,C0834,2026-03-31 20:28:00,35.0,Female,Alexandria,Home,Coffee Maker,2,1800,0.15,Mastercard,Pending,,,3060.0,3060.0,,2026-03,0,
13906,C1411,2026-06-12 00:00:00,53.0,Female,Mansoura,Electronics,Smart Watch,1,2200,0.15,Cash,Delivered,2026-06-14 17:35:00,4.0,1870.0,1870.0,2.732638888888889,2026-06,1,1
14793,C1791,2026-06-15 16:24:00,34.0,Female,Aswan,Home,Chair,2,2500,0.05,Visa,Delivered,2026-06-19 16:24:00,1.0,4750.0,4750.0,4.0,2026-06,1,0
12234,C1371,2026-06-03 17:44:00,40.0,Male,Giza,Electronics,Smart Watch,1,2200,0.2,Cash,Delivered,2026-06-06 17:44:00,5.0,1760.0,1760.0,3.0,2026-06,1,1
13841,C1737,2026-02-22 21:51:00,62.0,Female,Cairo,Sports,Yoga Mat,3,600,0.1,Bank Transfer,Delivered,2026-02-26 21:51:00,4.0,1620.0,1620.0,4.0,2026-02,1,1
10667,C0597,2026-05-17 14:14:00,52.0,Female,Alexandria,Sports,Running Shoes,1,1800,0.1,Wallet,Delivered,2026-05-22 14:14:00,4.0,1620.0,1620.0,5.0,2026-05,1,1
16504,C0310,2026-03-27 15:06:00,37.0,Female,Cairo,Electronics,Mouse,1,450,0.0,Bank Transfer,Delivered,2026-03-30 15:06:00,5.0,450.0,450.0,3.0,2026-03,1,1
11718,C1840,2026-06-09 10:16:00,22.0,Male,Alexandria,Electronics,Headphones,3,850,0.0,Visa,Cancelled,,,2550.0,2550.0,,2026-06,0,
15585,C0500,2026-01-18 07:53:00,42.0,Male,Tanta,Sports,Dumbbells,2,1400,0.1,Bank Transfer,Delivered,2026-01-21 07:53:00,5.0,2520.0,2520.0,3.0,2026-01,1,1
12344,C0225,2026-06-12 11:08:00,51.0,Male,Giza,Home,Coffee Maker,2,1800,0.05,Visa,Pending,,,3420.0,3420.0,,2026-06,0,
16847,C1335,2026-02-08 03:01:00,19.0,Male,Alexandria,Beauty,Face Cream,1,450,0.15,Cash,Delivered,2026-02-11 03:01:00,4.0,382.5,382.5,3.0,2026-02,1,1
10371,C1750,2026-04-26 05:14:00,63.0,Male,Alexandria,Sports,Tennis Racket,2,1600,0.1,Mastercard,Delivered,2026-05-02 05:14:00,4.0,2880.0,2880.0,6.0,2026-04,1,1
11511,C1665,2026-05-29 22:56:00,26.0,Male,Cairo,Sports,Running Shoes,3,1800,0.1,Cash,Cancelled,,,4860.0,4860.0,,2026-05,0,
12774,C1107,2026-06-03 17:25:00,24.0,Male,Cairo,Electronics,Headphones,2,850,0.05,Cash,Delivered,2026-06-05 17:25:00,5.0,1615.0,1615.0,2.0,2026-06,1,1
15920,C0867,2026-01-25 09:02:00,39.0,Male,Tanta,Sports,Tennis Racket,1,1600,0.15,Bank Transfer,Delivered,2026-01-27 09:02:00,5.0,1360.0,1360.0,2.0,2026-01,1,1
15376,C0313,2026-06-29 04:01:00,51.0,Male,Cairo,Fashion,Jeans,2,900,0.15,Cash,Delivered,2026-06-30 04:01:00,3.0,1530.0,1530.0,1.0,2026-06,1,0
12678,C1513,2026-05-11 10:07:00,56.0,Female,Giza,Sports,Dumbbells,1,1400,0.0,Cash,Pending,,,1400.0,1400.0,,2026-05,0,
10208,C0877,2026-01-03 17:42:00,57.0,Male,Cairo,Electronics,Headphones,4,850,0.0,Bank Transfer,Delivered,2026-01-08 17:42:00,4.0,3400.0,3400.0,5.0,2026-01,1,1
15506,C0554,2026-02-18 00:00:00,19.0,Female,Giza,Beauty,Perfume,1,1100,0.15,Visa,Pending,,,935.0,935.0,,2026-02,0,
16604,C0575,2026-06-23 00:00:00,44.0,Male,Cairo,Sports,Yoga Mat,2,600,0.0,Wallet,Delivered,2026-06-25 15:21:00,5.0,1200.0,1200.0,2.6395833333333334,2026-06,1,1
11317,C0954,2026-02-11 02:37:00,20.0,Female,Cairo,Beauty,Shampoo,3,250,0.05,Bank Transfer,Delivered,2026-02-14 02:37:00,5.0,712.5,712.5,3.0,2026-02,1,1
10476,C0171,2026-01-17 22:06:00,61.0,Female,Cairo,Home,Bedsheet,1,700,0.05,Wallet,Delivered,2026-01-20 22:06:00,4.0,665.0,665.0,3.0,2026-01,1,1
17365,C0622,2026-01-14 16:13:00,57.0,Female,Alexandria,Beauty,Hair Dryer,1,1300,0.1,Cash,Delivered,2026-01-17 16:13:00,4.0,1170.0,1170.0,3.0,2026-01,1,1
12980,C1860,2026-06-09 21:34:00,65.0,Male,Cairo,Home,Bedsheet,1,700,0.0,Visa,Delivered,2026-06-12 21:34:00,4.0,700.0,700.0,3.0,2026-06,1,1
18344,C0361,2026-03-24 19:48:00,54.0,Male,Cairo,Sports,Running Shoes,1,1800,0.0,Wallet,Delivered,2026-03-28 19:48:00,4.0,1800.0,1800.0,4.0,2026-03,1,1
18862,C1147,2026-03-29 14:03:00,40.0,Male,Cairo,Home,Blender,2,1200,0.1,Visa,Delivered,2026-04-02 14:03:00,3.0,2160.0,2160.0,4.0,2026-03,1,0
13776,C0954,2026-03-23 08:46:00,35.0,Male,Tanta,Home,Blender,4,1200,0.1,Cash,Delivered,2026-03-27 08:46:00,4.0,4320.0,4320.0,4.0,2026-03,1,1
18739,C1332,2026-03-26 06:13:00,61.0,Male,Cairo,Sports,Tennis Racket,1,1600,0.0,Cash,Delivered,2026-03-30 06:13:00,5.0,1600.0,1600.0,4.0,2026-03,1,1
19978,C1926,2026-03-02 17:53:00,49.0,Female,Alexandria,Home,Bedsheet,3,700,0.1,Cash,Delivered,2026-03-05 17:53:00,4.0,1890.0,1260.0,3.0,2026-03,1,1
17289,C0755,2026-03-17 19:56:00,44.0,Female,Cairo,Electronics,Mouse,2,450,0.1,Visa,Delivered,2026-03-22 19:56:00,5.0,810.0,810.0,5.0,2026-03,1,1
11967,C1061,2026-05-22 18:07:00,24.0,Female,Giza,Fashion,Shoes,4,1500,0.2,Mastercard,Delivered,2026-05-27 18:07:00,3.0,4800.0,4800.0,5.0,2026-05,1,0
12191,C0445,2026-02-27 19:03:00,37.0,Male,Mansoura,Home,Lamp,4,300,0.1,Visa,Cancelled,,,1080.0,1080.0,,2026-02,0,
11794,C1855,2026-04-08 00:00:00,35.0,Male,Cairo,Fashion,Jacket,4,1200,0.15,Visa,Delivered,2026-04-12 18:47:00,4.0,4080.0,4080.0,4.782638888888889,2026-04,1,1
19778,C1869,2026-05-17 22:33:00,30.0,Male,Aswan,Fashion,Jacket,1,1200,0.05,Bank Transfer,Delivered,2026-05-24 22:33:00,4.0,1140.0,1140.0,7.0,2026-05,1,1
19432,C1451,2026-02-18 06:46:00,20.0,Male,Giza,Home,Blender,2,1200,0.0,Visa,Delivered,2026-02-24 06:46:00,4.0,2400.0,2400.0,6.0,2026-02,1,1
19190,C0443,2026-02-21 13:16:00,31.0,Female,Alexandria,Electronics,Laptop,1,18000,0.0,Visa,Delivered,2026-02-24 13:16:00,3.0,18000.0,18000.0,3.0,2026-02,1,0
12719,C0458,2026-03-15 03:20:00,31.0,Male,Alexandria,Beauty,Face Cream,1,450,0.1,Mastercard,Delivered,2026-03-16 03:20:00,3.0,405.0,405.0,1.0,2026-03,1,0
12230,C1938,2026-04-05 06:04:00,61.0,Female,Aswan,Electronics,Smart Watch,3,2200,0.0,Mastercard,Delivered,2026-04-07 06:04:00,5.0,6600.0,6600.0,2.0,2026-04,1,1
16899,C0951,2026-02-16 20:16:00,37.0,Female,Cairo,Electronics,Headphones,1,850,0.0,Bank Transfer,Delivered,2026-02-20 20:16:00,4.0,850.0,850.0,4.0,2026-02,1,1
17477,C0268,2026-02-22 18:15:00,34.0,Male,Cairo,Electronics,Mouse,2,450,0.2,Cash,Delivered,2026-02-24 18:15:00,4.0,720.0,720.0,2.0,2026-02,1,1
18763,C0335,2026-02-02 21:29:00,37.0,Male,Alexandria,Electronics,Headphones,3,850,0.0,Visa,Delivered,2026-02-05 21:29:00,4.0,2550.0,2550.0,3.0,2026-02,1,1
14991,C0130,2026-04-16 11:06:00,44.0,Male,Tanta,Sports,Dumbbells,2,1400,0.05,Mastercard,Pending,,,2660.0,2660.0,,2026-04,0,
10791,C1459,2026-03-28 17:19:00,42.0,Male,Cairo,Home,Lamp,2,300,0.0,Visa,Delivered,2026-03-29 17:19:00,5.0,600.0,480.0,1.0,2026-03,1,1
13265,C1505,2026-06-05 23:05:00,25.0,Female,Mansoura,Fashion,T-Shirt,3,500,0.0,Visa,Delivered,2026-06-08 23:05:00,5.0,1500.0,1500.0,3.0,2026-06,1,1
19034,C0806,2026-06-07 12:14:00,36.0,Male,Aswan,Fashion,Bag,1,750,0.1,Visa,Delivered,2026-06-11 12:14:00,5.0,675.0,675.0,4.0,2026-06,1,1
14545,C1165,2026-03-21 18:08:00,65.0,Male,Cairo,Home,Bedsheet,1,700,0.15,Visa,Delivered,2026-03-24 18:08:00,4.0,595.0,595.0,3.0,2026-03,1,1
19320,C0002,2026-01-06 16:50:00,47.0,Male,Mansoura,Sports,Tennis Racket,1,1600,0.0,Visa,Pending,,,1600.0,1520.0,,2026-01,0,
11042,C0924,2026-06-22 07:14:00,23.0,Female,Tanta,Home,Lamp,2,300,0.05,Mastercard,Cancelled,,,570.0,570.0,,2026-06,0,
17245,C0999,2026-02-18 00:50:00,34.0,Female,Tanta,Beauty,Makeup Kit,1,900,0.0,Wallet,Delivered,2026-02-22 00:50:00,5.0,900.0,900.0,4.0,2026-02,1,1
14903,C1363,2026-01-13 16:52:00,25.0,Female,Cairo,Fashion,T-Shirt,1,500,0.1,Wallet,Delivered,2026-01-17 16:52:00,4.0,450.0,450.0,4.0,2026-01,1,1
13239,C0729,2026-03-01 11:42:00,21.0,Female,Aswan,Fashion,Shoes,3,1500,0.0,Cash,Delivered,2026-03-05 11:42:00,5.0,4500.0,4500.0,4.0,2026-03,1,1
16184,C1300,2026-03-07 17:41:00,27.0,Female,Alexandria,Electronics,Mouse,2,450,0.15,Mastercard,Delivered,2026-03-08 17:41:00,5.0,765.0,765.0,1.0,2026-03,1,1
18789,C0199,2026-05-18 17:39:00,50.0,Female,Tanta,Beauty,Shampoo,2,250,0.0,Cash,Delivered,2026-05-20 17:39:00,4.0,500.0,500.0,2.0,2026-05,1,1
10269,C0729,2026-02-14 21:58:00,21.0,Male,Cairo,Fashion,Jeans,2,900,0.0,Wallet,Delivered,2026-02-15 21:58:00,5.0,1800.0,1800.0,1.0,2026-02,1,1
11529,C0465,2026-01-16 22:36:00,69.0,Female,Mansoura,Fashion,Jacket,2,1200,0.0,Visa,Delivered,2026-01-20 22:36:00,4.0,2400.0,2400.0,4.0,2026-01,1,1
17718,C1879,2026-01-24 07:19:00,20.0,Female,Giza,Electronics,Keyboard,1,900,0.1,Cash,Delivered,2026-01-28 07:19:00,4.0,810.0,810.0,4.0,2026-01,1,1
13281,C1130,2026-02-19 15:22:00,47.0,Male,Mansoura,Electronics,Smart Watch,2,2200,0.15,Visa,Delivered,2026-02-22 15:22:00,5.0,3740.0,3740.0,3.0,2026-02,1,1
12528,C1855,2026-01-20 16:04:00,58.0,Male,Alexandria,Electronics,Smart Watch,1,2200,0.15,Mastercard,Delivered,2026-01-22 16:04:00,3.0,1870.0,1870.0,2.0,2026-01,1,0
19687,C0145,2026-01-22 08:05:00,26.0,Male,Mansoura,Fashion,T-Shirt,1,500,0.1,Cash,Delivered,2026-01-25 08:05:00,4.0,450.0,450.0,3.0,2026-01,1,1
14284,C0525,2026-01-18 03:46:00,31.0,Male,Mansoura,Electronics,Headphones,1,850,0.1,Wallet,Cancelled,,,765.0,765.0,,2026-01,0,
14376,C1095,2026-02-28 11:45:00,68.0,Male,Giza,Fashion,Bag,1,750,0.05,Bank Transfer,Cancelled,,,712.5,712.5,,2026-02,0,
13867,C1122,2026-04-29 03:12:00,27.0,Female,Giza,Home,Lamp,1,300,0.0,Bank Transfer,Delivered,2026-05-03 03:12:00,5.0,300.0,300.0,4.0,2026-04,1,1
12918,C0575,2026-06-16 01:38:00,63.0,Female,Giza,Fashion,T-Shirt,2,500,0.0,Wallet,Pending,,,1000.0,1000.0,,2026-06,0,
12337,C1246,2026-04-29 21:25:00,29.0,Male,Alexandria,Home,Coffee Maker,1,1800,0.05,Visa,Delivered,2026-05-02 21:25:00,3.0,1710.0,2081.0,3.0,2026-04,1,0
19599,C0180,2026-05-10 05:00:00,60.0,Male,Giza,Electronics,Laptop,3,18000,0.0,Wallet,Delivered,2026-05-14 05:00:00,4.0,54000.0,54000.0,4.0,2026-05,1,1
18011,C1450,2026-06-05 04:25:00,69.0,Female,Alexandria,Sports,Dumbbells,1,1400,0.0,Cash,Delivered,2026-06-08 04:25:00,5.0,1400.0,1400.0,3.0,2026-06,1,1
15753,C1905,2026-06-16 12:24:00,29.0,Male,Cairo,Home,Bedsheet,2,700,0.0,Visa,Delivered,2026-06-18 12:24:00,4.0,1400.0,1400.0,2.0,2026-06,1,1
14731,C1993,2026-06-20 12:32:00,24.0,Male,Aswan,Beauty,Face Cream,1,450,0.05,Bank Transfer,Delivered,2026-06-24 12:32:00,5.0,427.5,427.5,4.0,2026-06,1,1
19722,C0887,2026-04-10 14:21:00,42.0,Female,Giza,Sports,Yoga Mat,1,600,0.0,Bank Transfer,Delivered,2026-04-12 14:21:00,3.0,600.0,600.0,2.0,2026-04,1,0
18996,C1568,2026-05-16 22:07:00,19.0,Female,Aswan,Sports,Yoga Mat,1,600,0.15,Bank Transfer,Delivered,2026-05-18 22:07:00,3.0,510.0,510.0,2.0,2026-05,1,0
14237,C0846,2026-02-09 21:46:00,65.0,Female,Tanta,Electronics,Mouse,1,450,0.1,Cash,Delivered,2026-02-12 21:46:00,5.0,405.0,405.0,3.0,2026-02,1,1
19296,C0584,2026-06-26 14:59:00,41.0,Female,Mansoura,Sports,Yoga Mat,2,600,0.0,Bank Transfer,Delivered,2026-06-30 14:59:00,5.0,1200.0,1200.0,4.0,2026-06,1,1
10815,C1916,2026-06-05 17:57:00,69.0,Male,Giza,Beauty,Perfume,1,1100,0.2,Visa,Delivered,2026-06-07 17:57:00,4.0,880.0,880.0,2.0,2026-06,1,1
10580,C1888,2026-01-12 07:04:00,59.0,Male,Cairo,Beauty,Face Cream,1,450,0.1,Bank Transfer,Delivered,2026-01-16 07:04:00,2.0,405.0,405.0,4.0,2026-01,1,0
11806,C1182,2026-06-05 22:32:00,21.0,Female,Alexandria,Electronics,Smart Watch,1,2200,0.15,Mastercard,Delivered,2026-06-09 22:32:00,4.0,1870.0,1870.0,4.0,2026-06,1,1
11112,C1920,2026-01-11 00:00:00,52.0,Male,Cairo,Electronics,Laptop,1,18000,0.0,Cash,Delivered,2026-01-13 21:17:00,4.0,18000.0,18000.0,2.8868055555555556,2026-01,1,1
15914,C1164,2026-06-16 02:06:00,40.0,Female,Alexandria,Sports,Tennis Racket,2,1600,0.1,Cash,Delivered,2026-06-20 02:06:00,4.0,2880.0,2880.0,4.0,2026-06,1,1
18926,C0028,2026-06-29 22:07:00,26.0,Female,Cairo,Beauty,Hair Dryer,4,1300,0.1,Wallet,Delivered,2026-07-01 22:07:00,2.0,4680.0,4680.0,2.0,2026-06,1,0
13849,C0211,2026-01-30 06:14:00,63.0,Male,Alexandria,Fashion,Jacket,1,1200,0.05,Cash,Pending,,,1140.0,1140.0,,2026-01,0,
10960,C0241,2026-02-04 13:02:00,30.0,Female,Mansoura,Sports,Football,1,650,0.1,Wallet,Delivered,2026-02-08 13:02:00,5.0,585.0,585.0,4.0,2026-02,1,1
16449,C1032,2026-01-26 16:13:00,58.0,Male,Alexandria,Electronics,Mouse,1,450,0.0,Visa,Delivered,2026-01-29 16:13:00,4.0,450.0,450.0,3.0,2026-01,1,1
19620,C0991,2026-02-19 07:39:00,27.0,Male,Giza,Beauty,Hair Dryer,1,1300,0.1,Wallet,Pending,,,1170.0,1170.0,,2026-02,0,
15592,C1449,2026-01-17 18:19:00,50.0,Female,Cairo,Electronics,Laptop,3,18000,0.0,Wallet,Delivered,2026-01-20 18:19:00,1.0,54000.0,54000.0,3.0,2026-01,1,0
18603,C0608,2026-02-28 19:46:00,28.0,Female,Cairo,Home,Lamp,4,300,0.05,Mastercard,Delivered,2026-03-06 19:46:00,5.0,1140.0,1140.0,6.0,2026-02,1,1
16085,C1449,2026-04-22 09:30:00,52.0,Female,Cairo,Beauty,Makeup Kit,1,900,0.0,Mastercard,Delivered,2026-04-26 09:30:00,,900.0,900.0,4.0,2026-04,1,
18698,C1509,2026-05-21 21:44:00,39.0,Male,Cairo,Beauty,Makeup Kit,2,900,0.15,Cash,Pending,,,1530.0,1530.0,,2026-05,0,
11429,C1256,2026-04-13 18:45:00,32.0,Male,Giza,Electronics,Headphones,3,850,0.0,Wallet,Delivered,2026-04-15 18:45:00,3.0,2550.0,2550.0,2.0,2026-04,1,0
11862,C1706,2026-04-20 15:26:00,25.0,Female,Cairo,Electronics,Mouse,2,450,0.1,Cash,Delivered,2026-04-24 15:26:00,2.0,810.0,1438.0,4.0,2026-04,1,0
12734,C1065,2026-01-15 22:40:00,23.0,Female,Alexandria,Home,Chair,2,2500,0.05,Wallet,Delivered,2026-01-17 22:40:00,5.0,4750.0,4750.0,2.0,2026-01,1,1
18904,C1272,2026-03-03 07:54:00,24.0,Male,Giza,Fashion,Bag,3,750,0.15,Bank Transfer,Cancelled,,,1912.5,1912.5,,2026-03,0,
11371,C1271,2026-04-14 12:28:00,22.0,Male,Cairo,Home,Coffee Maker,1,1800,0.0,Bank Transfer,Delivered,2026-04-20 12:28:00,4.0,1800.0,1800.0,6.0,2026-04,1,1
13379,C0917,2026-06-24 22:58:00,48.0,Male,Cairo,Beauty,Makeup Kit,4,900,0.0,Mastercard,Delivered,2026-06-29 22:58:00,4.0,3600.0,3600.0,5.0,2026-06,1,1
12294,C1332,2026-02-24 04:03:00,29.0,Female,Cairo,Home,Blender,2,1200,0.15,Mastercard,Delivered,2026-02-26 04:03:00,5.0,2040.0,2040.0,2.0,2026-02,1,1
12347,C1782,2026-05-03 07:18:00,49.0,Female,Giza,Fashion,Jeans,2,900,0.1,Visa,Delivered,2026-05-05 07:18:00,5.0,1620.0,1620.0,2.0,2026-05,1,1
15483,C1027,2026-03-15 10:34:00,54.0,Male,Giza,Home,Blender,2,1200,0.1,Wallet,Delivered,2026-03-20 10:34:00,4.0,2160.0,2160.0,5.0,2026-03,1,1
19888,C0152,2026-06-04 21:00:00,48.0,Female,Cairo,Sports,Football,2,650,0.0,Bank Transfer,Delivered,2026-06-08 21:00:00,2.0,1300.0,1300.0,4.0,2026-06,1,0
19395,C1372,2026-02-15 12:15:00,38.0,Male,Giza,Home,Coffee Maker,1,1800,0.05,Cash,Delivered,2026-02-20 12:15:00,4.0,1710.0,1710.0,5.0,2026-02,1,1
19420,C1933,2026-03-26 19:54:00,56.0,Female,Giza,Home,Blender,1,1200,0.05,Mastercard,Pending,,,1140.0,4560.0,,2026-03,0,
17931,C1119,2026-03-21 18:57:00,66.0,Male,Giza,Fashion,Jacket,2,1200,0.0,Wallet,Delivered,2026-03-28 18:57:00,4.0,2400.0,2280.0,7.0,2026-03,1,1
19913,C1785,2026-03-29 04:07:00,64.0,Male,Cairo,Electronics,Mouse,1,450,0.1,Mastercard,Delivered,2026-03-31 04:07:00,4.0,405.0,405.0,2.0,2026-03,1,1
10202,C0954,2026-02-12 08:38:00,39.0,Female,Giza,Fashion,Jacket,3,1200,0.05,Visa,Delivered,2026-02-14 08:38:00,5.0,3420.0,3420.0,2.0,2026-02,1,1
14310,C0649,2026-01-02 13:42:00,19.0,Male,Cairo,Beauty,Makeup Kit,2,900,0.05,Bank Transfer,Pending,,,1710.0,1841.0,,2026-01,0,
17141,C1650,2026-04-07 10:31:00,46.0,Female,Cairo,Home,Blender,2,1200,0.0,Cash,Delivered,2026-04-10 10:31:00,4.0,2400.0,2400.0,3.0,2026-04,1,1
10715,C1034,2026-03-14 00:00:00,31.0,Male,Alexandria,Electronics,Mouse,3,450,0.15,Wallet,Delivered,2026-03-17 02:53:00,2.0,1147.5,1147.5,3.120138888888889,2026-03,1,0
17755,C0197,2026-06-08 12:44:00,44.0,Female,Tanta,Electronics,Smart Watch,3,2200,0.15,Mastercard,Delivered,2026-06-14 12:44:00,3.0,5610.0,5610.0,6.0,2026-06,1,0
11874,C0449,2026-01-26 02:56:00,32.0,Female,Mansoura,Fashion,Bag,3,750,0.0,Mastercard,Delivered,2026-01-23 02:56:00,5.0,2250.0,2250.0,-3.0,2026-01,1,1
15960,C1386,2026-06-12 17:50:00,70.0,Female,Cairo,Beauty,Perfume,2,1100,0.05,Bank Transfer,Delivered,2026-06-15 17:50:00,4.0,2090.0,2090.0,3.0,2026-06,1,1
17074,C1871,2026-06-09 17:46:00,49.0,Male,Cairo,Electronics,Mouse,2,450,0.05,Wallet,Cancelled,,,855.0,855.0,,2026-06,0,
13102,C0882,2026-05-03 16:07:00,38.0,Female,Giza,Fashion,Shoes,1,1500,0.15,Mastercard,Delivered,2026-05-08 16:07:00,4.0,1275.0,1275.0,5.0,2026-05,1,1
11264,C0827,2026-03-24 00:00:00,51.0,Male,Aswan,Fashion,Jacket,2,1200,0.1,Visa,Delivered,2026-03-28 17:59:00,4.0,2160.0,2160.0,4.749305555555556,2026-03,1,1
12997,C1751,2026-01-02 06:20:00,69.0,Male,Cairo,Beauty,Hair Dryer,1,1300,0.05,Wallet,Pending,,,1235.0,1235.0,,2026-01,0,
12667,C0088,2026-02-17 18:32:00,29.0,Female,Giza,Electronics,Laptop,1,18000,0.05,Visa,Delivered,2026-02-22 18:32:00,4.0,17100.0,17100.0,5.0,2026-02,1,1
17253,C1750,2026-03-29 02:13:00,64.0,Male,Cairo,Electronics,Mouse,4,450,0.0,Bank Transfer,Cancelled,,,1800.0,1800.0,,2026-03,0,
13413,C0885,2026-01-09 17:30:00,69.0,Female,Cairo,Beauty,Shampoo,1,250,0.15,Mastercard,Delivered,2026-01-12 17:30:00,5.0,212.5,212.5,3.0,2026-01,1,1
10347,C1809,2026-03-05 00:00:00,46.0,Female,Giza,Electronics,Mouse,1,450,0.05,Mastercard,Delivered,2026-03-08 09:29:00,4.0,427.5,427.5,3.395138888888889,2026-03,1,1
17816,C0137,2026-04-29 18:37:00,57.0,Female,Mansoura,Home,Lamp,1,300,0.0,Visa,Cancelled,,,300.0,300.0,,2026-04,0,
12951,C0644,2026-01-21 00:37:00,29.0,Female,Giza,Sports,Dumbbells,1,1400,0.1,Mastercard,Delivered,2026-01-24 00:37:00,2.0,1260.0,1260.0,3.0,2026-01,1,0
18643,C0587,2026-01-06 00:35:00,38.0,Female,Cairo,Beauty,Shampoo,1,250,0.1,Bank Transfer,Delivered,2026-01-08 00:35:00,1.0,225.0,447.0,2.0,2026-01,1,0
19923,C1511,2026-01-19 13:38:00,70.0,Female,Mansoura,Electronics,Laptop,1,18000,0.1,Visa,Delivered,2026-01-20 13:38:00,5.0,16200.0,16200.0,1.0,2026-01,1,1
19246,C0014,2026-01-10 22:42:00,25.0,Female,Cairo,Home,Lamp,1,300,0.0,Visa,Delivered,2026-01-15 22:42:00,5.0,300.0,300.0,5.0,2026-01,1,1
15568,C1427,2026-02-27 09:08:00,23.0,Female,Tanta,Sports,Football,1,650,0.1,Cash,Pending,,,585.0,585.0,,2026-02,0,
10455,C0183,2026-01-14 16:18:00,55.0,Male,Cairo,Beauty,Makeup Kit,1,900,0.0,Cash,Delivered,2026-01-17 16:18:00,5.0,900.0,900.0,3.0,2026-01,1,1
11255,C0585,2026-05-23 12:19:00,25.0,Male,Cairo,Beauty,Makeup Kit,1,900,0.0,Mastercard,Delivered,2026-05-27 12:19:00,3.0,900.0,900.0,4.0,2026-05,1,0
16383,C0727,2026-02-04 17:10:00,40.0,Female,Cairo,Sports,Dumbbells,1,1400,0.15,Bank Transfer,Cancelled,,,1190.0,1190.0,,2026-02,0,
17715,C1856,2026-03-14 02:42:00,48.0,Female,Mansoura,Electronics,Headphones,3,850,0.2,Mastercard,Delivered,2026-03-15 02:42:00,4.0,2040.0,2040.0,1.0,2026-03,1,1
16094,C0056,2026-05-22 00:00:00,38.0,Male,Cairo,Sports,Tennis Racket,3,1600,0.05,Wallet,Delivered,2026-05-26 11:14:00,5.0,4560.0,4560.0,4.468055555555556,2026-05,1,1
17945,C1508,2026-04-02 15:09:00,51.0,Female,Mansoura,Fashion,T-Shirt,2,500,0.0,Visa,Delivered,2026-04-07 15:09:00,4.0,1000.0,1000.0,5.0,2026-04,1,1
17375,C0235,2026-02-22 08:38:00,61.0,Female,Cairo,Electronics,Keyboard,1,900,0.2,Visa,Delivered,2026-02-25 08:38:00,4.0,720.0,720.0,3.0,2026-02,1,1
15996,C1385,2026-01-30 22:29:00,25.0,Male,Giza,Fashion,Shoes,1,1500,0.05,Mastercard,Delivered,2026-02-02 22:29:00,5.0,1425.0,1425.0,3.0,2026-01,1,1
16098,C0053,2026-02-11 03:39:00,66.0,Male,Cairo,Fashion,Shoes,1,1500,0.1,Cash,Delivered,2026-02-14 03:39:00,5.0,1350.0,1350.0,3.0,2026-02,1,1
12286,C1382,2026-02-14 00:00:00,48.0,Female,Mansoura,Sports,Running Shoes,3,1800,0.0,Mastercard,Delivered,2026-02-16 04:52:00,4.0,5400.0,5400.0,2.202777777777778,2026-02,1,1
18217,C1259,2026-04-15 07:58:00,44.0,Male,Alexandria,Beauty,Perfume,1,1100,0.1,Mastercard,Cancelled,,,990.0,990.0,,2026-04,0,
10363,C0615,2026-06-20 16:32:00,49.0,Male,Alexandria,Sports,Football,4,650,0.15,Mastercard,Delivered,2026-06-24 16:32:00,4.0,2210.0,2210.0,4.0,2026-06,1,1
18194,C0018,2026-06-19 13:22:00,26.0,Female,Cairo,Sports,Football,1,650,0.05,Mastercard,Delivered,2026-06-21 13:22:00,4.0,617.5,617.5,2.0,2026-06,1,1
19843,C0916,2026-01-17 07:54:00,67.0,Male,Alexandria,Sports,Dumbbells,2,1400,0.1,Bank Transfer,Delivered,2026-01-23 07:54:00,4.0,2520.0,2520.0,6.0,2026-01,1,1
12821,C1903,2026-05-06 05:20:00,62.0,Male,Cairo,Sports,Yoga Mat,1,600,0.0,Bank Transfer,Delivered,2026-05-09 05:20:00,5.0,600.0,600.0,3.0,2026-05,1,1
11735,C0175,2026-03-01 09:14:00,34.0,Female,Tanta,Sports,Football,4,650,0.05,Wallet,Delivered,2026-03-03 09:14:00,4.0,2470.0,2470.0,2.0,2026-03,1,1
19878,C0287,2026-06-14 21:13:00,41.0,Female,Tanta,Fashion,Jeans,2,900,0.05,Cash,Pending,,,1710.0,1710.0,,2026-06,0,
17863,C1521,2026-05-19 23:46:00,48.0,Male,Giza,Sports,Dumbbells,1,1400,0.0,Wallet,Delivered,2026-05-20 23:46:00,4.0,1400.0,1400.0,1.0,2026-05,1,1
11203,C1964,2026-02-15 03:12:00,33.0,Male,Cairo,Beauty,Hair Dryer,1,1300,0.0,Mastercard,Delivered,2026-02-20 03:12:00,2.0,1300.0,1300.0,5.0,2026-02,1,0
10352,C0688,2026-01-18 18:11:00,57.0,Female,Tanta,Home,Bedsheet,4,700,0.05,Bank Transfer,Pending,,,2660.0,2660.0,,2026-01,0,
10283,C1302,2026-04-08 23:44:00,58.0,Female,Giza,Home,Lamp,1,300,0.05,Wallet,Delivered,2026-04-11 23:44:00,4.0,285.0,285.0,3.0,2026-04,1,1
10773,C1259,2026-04-17 00:00:00,51.0,Female,Alexandria,Sports,Running Shoes,2,1800,0.15,Wallet,Pending,,,3060.0,3060.0,,2026-04,0,
10111,C1626,2026-05-26 05:36:00,65.0,Female,Tanta,Home,Blender,1,1200,0.0,Bank Transfer,Delivered,2026-05-30 05:36:00,5.0,1200.0,1200.0,4.0,2026-05,1,1
19074,C0509,2026-03-27 12:45:00,70.0,Female,Cairo,Beauty,Face Cream,4,450,0.15,Mastercard,Delivered,2026-04-01 12:45:00,5.0,1530.0,1530.0,5.0,2026-03,1,1
19387,C0648,2026-06-26 22:25:00,26.0,Female,Alexandria,Electronics,Laptop,1,18000,0.0,Cash,Delivered,2026-06-30 22:25:00,5.0,18000.0,18000.0,4.0,2026-06,1,1
14009,C0475,2026-03-22 11:43:00,68.0,Female,Giza,Home,Lamp,1,300,0.0,Visa,Cancelled,,,300.0,300.0,,2026-03,0,
16261,C0245,2026-01-10 04:28:00,24.0,Female,Cairo,Home,Lamp,2,300,0.2,Mastercard,Pending,,,480.0,480.0,,2026-01,0,
13248,C1959,2026-04-15 04:43:00,46.0,Male,Mansoura,Beauty,Shampoo,1,250,0.05,Visa,Pending,,,237.5,237.5,,2026-04,0,
18473,C1199,2026-02-20 18:29:00,33.0,Male,Mansoura,Sports,Dumbbells,1,1400,0.1,Mastercard,Pending,,,1260.0,1260.0,,2026-02,0,
18738,C0472,2026-01-06 22:50:00,27.0,Male,Alexandria,Sports,Yoga Mat,2,600,0.0,Bank Transfer,Pending,,,1200.0,1200.0,,2026-01,0,
19417,C0381,2026-03-08 10:47:00,26.0,Male,Aswan,Home,Bedsheet,1,700,0.0,Mastercard,Delivered,2026-03-11 10:47:00,4.0,700.0,700.0,3.0,2026-03,1,1
13358,C1813,2026-02-15 13:27:00,60.0,Male,Giza,Sports,Running Shoes,3,1800,0.0,Unknown,Pending,,,5400.0,5400.0,,2026-02,0,
14459,C0714,2026-02-09 06:00:00,27.0,Female,Cairo,Sports,Running Shoes,2,1800,0.1,Bank Transfer,Delivered,2026-02-11 06:00:00,5.0,3240.0,3240.0,2.0,2026-02,1,1
15352,C1708,2026-06-06 00:00:00,32.0,Female,Cairo,Beauty,Shampoo,1,250,0.0,Cash,Delivered,2026-06-11 03:17:00,5.0,250.0,250.0,5.136805555555555,2026-06,1,1
13714,C1191,2026-01-27 20:12:00,64.0,Male,Cairo,Beauty,Perfume,4,1100,0.0,Mastercard,Delivered,2026-01-29 20:12:00,4.0,4400.0,4400.0,2.0,2026-01,1,1
11229,C1034,2026-06-14 00:22:00,28.0,Male,Aswan,Beauty,Shampoo,2,250,0.15,Mastercard,Delivered,2026-06-17 00:22:00,4.0,425.0,425.0,3.0,2026-06,1,1
18845,C0434,2026-01-01 19:22:00,68.0,Male,Cairo,Electronics,Keyboard,1,900,0.15,Wallet,Delivered,2026-01-06 19:22:00,4.0,765.0,765.0,5.0,2026-01,1,1
18414,C1057,2026-05-29 00:03:00,58.0,Male,Cairo,Home,Blender,2,1200,0.0,Cash,Delivered,2026-06-01 00:03:00,2.0,2400.0,2400.0,3.0,2026-05,1,0
11538,C1860,2026-01-29 22:06:00,61.0,Female,Giza,Fashion,Jacket,1,1200,0.1,Visa,Delivered,2026-01-31 22:06:00,4.0,1080.0,1080.0,2.0,2026-01,1,1
17023,C1119,2026-02-19 15:01:00,63.0,Female,Giza,Electronics,Smart Watch,1,2200,0.2,Mastercard,Delivered,2026-02-22 15:01:00,4.0,1760.0,1760.0,3.0,2026-02,1,1
18787,C0182,2026-04-09 22:26:00,27.0,Male,Cairo,Fashion,Shoes,2,1500,0.1,Cash,Cancelled,,,2700.0,2700.0,,2026-04,0,
10194,C1529,2026-03-02 09:49:00,20.0,Female,Alexandria,Sports,Running Shoes,2,1800,0.1,Cash,Delivered,2026-03-08 09:49:00,4.0,3240.0,3240.0,6.0,2026-03,1,1
14256,C1894,2026-03-26 00:29:00,35.0,Female,Cairo,Fashion,Shoes,3,1500,0.0,Wallet,Delivered,2026-03-29 00:29:00,2.0,4500.0,4500.0,3.0,2026-03,1,0
15819,C1307,2026-06-18 18:07:00,54.0,Male,Cairo,Sports,Yoga Mat,1,600,0.1,Mastercard,Delivered,2026-06-21 18:07:00,5.0,540.0,540.0,3.0,2026-06,1,1
19075,C1987,2026-02-17 09:55:00,27.0,Male,Alexandria,Beauty,Shampoo,2,250,0.0,Cash,Delivered,2026-02-20 09:55:00,5.0,500.0,500.0,3.0,2026-02,1,1
18189,C1044,2026-04-18 12:43:00,62.0,Female,Mansoura,Sports,Yoga Mat,3,600,0.1,Bank Transfer,Delivered,2026-04-22 12:43:00,4.0,1620.0,1620.0,4.0,2026-04,1,1
13408,C0077,2026-03-22 12:12:00,59.0,Male,Cairo,Fashion,Bag,3,750,0.0,Bank Transfer,Delivered,2026-03-27 12:12:00,5.0,2250.0,2250.0,5.0,2026-03,1,1
17261,C1679,2026-01-16 09:16:00,44.0,Female,Cairo,Fashion,Jeans,1,900,0.1,Visa,Delivered,2026-01-19 09:16:00,5.0,810.0,810.0,3.0,2026-01,1,1
16741,C1127,2026-06-10 11:20:00,40.0,Male,Cairo,Home,Bedsheet,3,700,0.0,Wallet,Delivered,2026-06-12 11:20:00,5.0,2100.0,2100.0,2.0,2026-06,1,1
12113,C1528,2026-03-26 08:06:00,30.0,Female,Giza,Home,Coffee Maker,2,1800,0.0,Unknown,Pending,,,3600.0,3600.0,,2026-03,0,
19185,C1723,2026-03-31 08:20:00,69.0,Male,Alexandria,Fashion,Shoes,3,0,0.0,Visa,Delivered,2026-04-01 08:20:00,4.0,0.0,4500.0,1.0,2026-03,1,1
10077,C1709,2026-05-10 18:50:00,53.0,Male,Alexandria,Electronics,Laptop,2,18000,0.0,Mastercard,Delivered,2026-05-12 18:50:00,4.0,36000.0,36000.0,2.0,2026-05,1,1
15641,C0027,2026-06-09 13:32:00,22.0,Male,Alexandria,Home,Blender,1,1200,0.15,Visa,Pending,,,1020.0,1020.0,,2026-06,0,
11993,C1554,2026-06-12 22:49:00,69.0,Male,Alexandria,Beauty,Hair Dryer,1,1300,0.15,Visa,Cancelled,,,1105.0,1105.0,,2026-06,0,
15033,C1615,2026-05-14 23:54:00,69.0,Female,Alexandria,Sports,Running Shoes,3,1800,0.05,Wallet,Delivered,2026-05-18 23:54:00,4.0,5130.0,5130.0,4.0,2026-05,1,1
14884,C0322,2026-06-18 10:33:00,67.0,Male,Cairo,Electronics,Smart Watch,1,2200,0.05,Mastercard,Delivered,2026-06-21 10:33:00,5.0,2090.0,2090.0,3.0,2026-06,1,1
14517,C0686,2026-05-22 00:00:00,53.0,Female,Cairo,Home,Lamp,4,300,0.0,Wallet,Delivered,2026-05-28 03:45:00,4.0,1200.0,1200.0,6.15625,2026-05,1,1
16397,C0183,2026-03-30 07:11:00,44.0,Female,Aswan,Electronics,Keyboard,2,900,0.0,Bank Transfer,Delivered,2026-04-01 07:11:00,5.0,1800.0,1800.0,2.0,2026-03,1,1
19205,C1484,2026-01-09 10:31:00,32.0,Female,Cairo,Electronics,Laptop,1,18000,0.15,Visa,Delivered,2026-01-12 10:31:00,3.0,15300.0,15300.0,3.0,2026-01,1,0
19254,C0120,2026-02-26 11:55:00,41.0,Female,Aswan,Home,Blender,2,1200,0.0,Visa,Delivered,2026-03-02 11:55:00,,2400.0,2400.0,4.0,2026-02,1,
14433,C1953,2026-05-14 05:54:00,61.0,Male,Giza,Fashion,Jeans,4,900,0.05,Bank Transfer,Delivered,2026-05-17 05:54:00,5.0,3420.0,3420.0,3.0,2026-05,1,1
18198,C1081,2026-03-14 02:05:00,35.0,Male,Giza,Electronics,Headphones,2,850,0.0,Wallet,Pending,,,1700.0,1700.0,,2026-03,0,
17510,C0641,2026-04-30 08:45:00,62.0,Female,Tanta,Fashion,Jeans,3,900,0.05,Visa,Cancelled,,,2565.0,2565.0,,2026-04,0,
17902,C1374,2026-02-21 00:52:00,20.0,Female,Alexandria,Fashion,Jeans,1,900,0.0,Visa,Cancelled,,,900.0,900.0,,2026-02,0,
18701,C0435,2026-03-03 05:11:00,20.0,Male,Alexandria,Home,Lamp,4,300,0.0,Bank Transfer,Delivered,2026-03-06 05:11:00,3.0,1200.0,1458.0,3.0,2026-03,1,0
11814,C0068,2026-04-08 06:49:00,34.0,Female,Giza,Fashion,T-Shirt,2,500,0.15,Visa,Delivered,2026-04-15 06:49:00,5.0,850.0,850.0,7.0,2026-04,1,1
13941,C0022,2026-01-14 05:13:00,51.0,Male,Tanta,Beauty,Perfume,2,1100,0.0,Mastercard,Delivered,2026-01-19 05:13:00,4.0,2200.0,2200.0,5.0,2026-01,1,1
14829,C0295,2026-03-18 15:53:00,31.0,Male,Cairo,Home,Chair,1,2500,0.15,Visa,Delivered,2026-03-20 15:53:00,3.0,2125.0,2125.0,2.0,2026-03,1,0
11082,C0097,2026-04-25 03:19:00,20.0,Male,Alexandria,Fashion,Shoes,1,1500,0.15,Wallet,Cancelled,,,1275.0,1275.0,,2026-04,0,
19941,C1040,2026-04-21 00:39:00,41.0,Female,Giza,Fashion,Shoes,2,1500,0.0,Wallet,Delivered,2026-04-23 00:39:00,2.0,3000.0,3000.0,2.0,2026-04,1,0
16395,C0774,2026-03-19 17:42:00,37.0,Female,Cairo,Beauty,Perfume,1,1100,0.15,Visa,Delivered,2026-03-21 17:42:00,1.0,935.0,935.0,2.0,2026-03,1,0
19004,C1973,2026-05-12 15:50:00,57.0,Male,Cairo,Sports,Running Shoes,3,1800,0.05,Mastercard,Delivered,2026-05-18 15:50:00,5.0,5130.0,5130.0,6.0,2026-05,1,1
17631,C1424,2026-04-30 18:25:00,55.0,Female,Giza,Electronics,Mouse,1,450,0.15,Cash,Delivered,2026-05-05 18:25:00,5.0,382.5,382.5,5.0,2026-04,1,1
18346,C1855,2026-05-10 07:40:00,61.0,Male,Mansoura,Sports,Unknown,2,650,0.15,Mastercard,Delivered,2026-05-12 07:40:00,5.0,1105.0,1105.0,2.0,2026-05,1,1
16949,C1975,2026-02-26 21:58:00,32.0,Female,Cairo,Sports,Tennis Racket,2,1600,0.0,Bank Transfer,Delivered,2026-03-03 21:58:00,5.0,3200.0,3200.0,5.0,2026-02,1,1
16952,C1229,2026-05-14 16:01:00,56.0,Male,Aswan,Fashion,Bag,4,750,0.15,Visa,Pending,,,2550.0,2550.0,,2026-05,0,
17026,C1005,2026-02-27 22:58:00,26.0,Female,Cairo,Fashion,T-Shirt,2,500,0.1,Mastercard,Delivered,2026-03-05 22:58:00,5.0,900.0,900.0,6.0,2026-02,1,1
10364,C1736,2026-06-26 02:50:00,28.0,Male,Cairo,Beauty,Makeup Kit,1,900,0.1,Cash,Delivered,2026-06-30 02:50:00,5.0,810.0,810.0,4.0,2026-06,1,1
16159,C1658,2026-05-19 22:37:00,22.0,Male,Cairo,Home,Bedsheet,2,700,0.0,Visa,Delivered,2026-05-22 22:37:00,4.0,1400.0,1400.0,3.0,2026-05,1,1
15223,C0336,2026-03-07 00:56:00,26.0,Female,Giza,Home,Chair,1,2500,0.0,Wallet,Delivered,2026-03-12 00:56:00,3.0,2500.0,2500.0,5.0,2026-03,1,0
17577,C0514,2026-01-01 14:26:00,36.0,Male,Giza,Fashion,Jeans,3,900,0.0,Bank Transfer,Pending,,,2700.0,2700.0,,2026-01,0,
18231,C0514,2026-06-02 14:05:00,60.0,Male,Alexandria,Fashion,Jeans,3,900,0.05,Cash,Delivered,2026-06-05 14:05:00,2.0,2565.0,2565.0,3.0,2026-06,1,0
13821,C0021,2026-02-24 12:14:00,51.0,Male,Cairo,Sports,Dumbbells,1,1400,0.15,Visa,Delivered,2026-02-26 12:14:00,2.0,1190.0,1190.0,2.0,2026-02,1,0
15012,C1315,2026-06-12 00:42:00,21.0,Male,Alexandria,Home,Lamp,1,300,0.0,Cash,Delivered,2026-06-18 00:42:00,2.0,300.0,300.0,6.0,2026-06,1,0
10732,C0778,2026-03-05 07:14:00,22.0,Male,Giza,Sports,Football,2,650,0.05,Wallet,Delivered,2026-03-09 07:14:00,2.0,1235.0,1235.0,4.0,2026-03,1,0
16486,C0731,2026-05-22 08:08:00,21.0,Female,Giza,Electronics,Mouse,2,450,0.0,Mastercard,Pending,,,900.0,900.0,,2026-05,0,
14400,C0194,2026-04-18 04:57:00,61.0,Male,Giza,Sports,Football,2,650,0.15,Mastercard,Delivered,2026-04-23 04:57:00,5.0,1105.0,1105.0,5.0,2026-04,1,1
12433,C1506,2026-03-30 16:58:00,41.0,Male,Cairo,Electronics,Smart Watch,1,2200,0.15,Mastercard,Delivered,2026-03-31 16:58:00,3.0,1870.0,1870.0,1.0,2026-03,1,0
18569,C1187,2026-01-18 22:29:00,33.0,Female,Cairo,Fashion,Jacket,3,1200,0.15,Visa,Delivered,2026-01-23 22:29:00,2.0,3060.0,3060.0,5.0,2026-01,1,0
16106,C1267,2026-05-23 08:57:00,53.0,Male,Tanta,Home,Coffee Maker,3,1800,0.0,Bank Transfer,Cancelled,,,5400.0,5400.0,,2026-05,0,
10830,C1727,2026-03-10 20:53:00,59.0,Female,Alexandria,Home,Chair,4,2500,0.15,Bank Transfer,Delivered,2026-03-13 20:53:00,4.0,8500.0,8500.0,3.0,2026-03,1,1
13252,C0424,2026-03-06 04:29:00,70.0,Male,Cairo,Sports,Dumbbells,1,1400,0.1,Mastercard,Delivered,2026-03-09 04:29:00,5.0,1260.0,1260.0,3.0,2026-03,1,1
14912,C0460,2026-03-11 05:26:00,36.0,Male,Cairo,Beauty,Face Cream,1,450,0.05,Visa,Delivered,2026-03-17 05:26:00,5.0,427.5,427.5,6.0,2026-03,1,1
19124,C0338,2026-05-08 01:24:00,65.0,Female,Cairo,Beauty,Makeup Kit,1,900,0.1,Wallet,Delivered,2026-05-14 01:24:00,5.0,810.0,810.0,6.0,2026-05,1,1
19905,C1016,2026-02-08 17:27:00,26.0,Male,Tanta,Fashion,Jeans,1,900,0.1,Visa,Delivered,2026-02-11 17:27:00,5.0,810.0,810.0,3.0,2026-02,1,1
10052,C0146,2026-06-26 10:20:00,43.0,Female,Giza,Beauty,Face Cream,2,450,0.0,Visa,Delivered,2026-06-29 10:20:00,2.0,900.0,900.0,3.0,2026-06,1,0
10509,C0639,2026-01-07 07:27:00,49.0,Female,Cairo,Beauty,Perfume,2,1100,0.1,Visa,Delivered,2026-01-11 07:27:00,5.0,1980.0,1980.0,4.0,2026-01,1,1
16319,C0902,2026-06-05 12:19:00,49.0,Female,Cairo,Fashion,Jeans,1,900,0.05,Wallet,Delivered,2026-06-08 12:19:00,3.0,855.0,855.0,3.0,2026-06,1,0
16170,C0605,2026-01-12 17:56:00,60.0,Female,Tanta,Beauty,Perfume,1,1100,0.0,Bank Transfer,Delivered,2026-01-16 17:56:00,5.0,1100.0,1100.0,4.0,2026-01,1,1
12016,C1492,2026-04-15 22:30:00,25.0,Female,Giza,Sports,Tennis Racket,4,1600,0.0,Mastercard,Delivered,2026-04-21 22:30:00,5.0,6400.0,6400.0,6.0,2026-04,1,1
11685,C0865,2026-01-08 00:00:00,53.0,Female,Alexandria,Fashion,Bag,1,750,0.15,Visa,Cancelled,,,637.5,637.5,,2026-01,0,
17847,C0904,2026-06-01 20:43:00,33.0,Female,Mansoura,Home,Blender,2,1200,0.0,Wallet,Delivered,2026-06-05 20:43:00,5.0,2400.0,2400.0,4.0,2026-06,1,1
12640,C1958,2026-04-09 08:42:00,57.0,Male,Alexandria,Beauty,Hair Dryer,4,1300,0.0,Wallet,Delivered,2026-04-12 08:42:00,4.0,5200.0,5200.0,3.0,2026-04,1,1
14578,C0275,2026-03-31 14:17:00,70.0,Male,Cairo,Home,Chair,2,2500,0.0,Visa,Delivered,2026-04-07 14:17:00,5.0,5000.0,5000.0,7.0,2026-03,1,1
12969,C0406,2026-05-01 00:00:00,44.0,Female,Alexandria,Sports,Yoga Mat,4,600,0.15,Cash,Delivered,2026-05-05 10:07:00,2.0,2040.0,2040.0,4.4215277777777775,2026-05,1,0
14338,C1341,2026-03-13 10:44:00,31.0,Female,Aswan,Fashion,T-Shirt,1,500,0.1,Wallet,Delivered,2026-03-15 10:44:00,5.0,450.0,450.0,2.0,2026-03,1,1
13220,C1035,2026-06-24 04:02:00,32.0,Male,Alexandria,Fashion,T-Shirt,3,500,0.0,Visa,Delivered,2026-06-30 04:02:00,1.0,1500.0,1500.0,6.0,2026-06,1,0
17126,C0676,2026-04-29 02:07:00,30.0,Female,Giza,Beauty,Perfume,1,1100,0.0,Visa,Delivered,2026-05-03 02:07:00,4.0,1100.0,1100.0,4.0,2026-04,1,1
17540,C1496,2026-05-13 03:02:00,57.0,Male,Alexandria,Fashion,Jacket,4,1200,0.15,Bank Transfer,Delivered,2026-05-17 03:02:00,4.0,4080.0,4080.0,4.0,2026-05,1,1
19748,C0638,2026-01-06 04:48:00,68.0,Male,Cairo,Fashion,Jeans,1,900,0.0,Wallet,Delivered,2026-01-11 04:48:00,5.0,900.0,1726.0,5.0,2026-01,1,1
12595,C1057,2026-03-23 02:19:00,48.0,Female,Tanta,Home,Bedsheet,1,700,0.0,Wallet,Cancelled,,,700.0,700.0,,2026-03,0,
10066,C1401,2026-02-02 20:21:00,38.0,Male,Cairo,Beauty,Perfume,2,1100,0.15,Visa,Delivered,2026-02-05 20:21:00,4.0,1870.0,1870.0,3.0,2026-02,1,1
19933,C1598,2026-06-22 04:47:00,37.0,Male,Mansoura,Electronics,Laptop,1,18000,0.0,Visa,Delivered,2026-06-25 04:47:00,5.0,18000.0,18000.0,3.0,2026-06,1,1
15491,C1377,2026-03-25 18:18:00,55.0,Male,Cairo,Sports,Running Shoes,2,1800,0.2,Visa,Delivered,2026-03-27 18:18:00,4.0,2880.0,2880.0,2.0,2026-03,1,1
17367,C0479,2026-04-24 10:58:00,30.0,Female,Tanta,Sports,Football,1,650,0.2,Visa,Delivered,2026-04-28 10:58:00,5.0,520.0,520.0,4.0,2026-04,1,1
15220,C0402,2026-06-21 23:25:00,34.0,Male,Cairo,Sports,Football,2,650,0.05,Cash,Delivered,2026-06-26 23:25:00,4.0,1235.0,1235.0,5.0,2026-06,1,1
12488,C0685,2026-02-04 12:19:00,44.0,Female,Cairo,Sports,Tennis Racket,4,1600,0.1,Wallet,Delivered,2026-02-05 12:19:00,4.0,5760.0,5760.0,1.0,2026-02,1,1
17703,C0012,2026-03-29 01:23:00,59.0,Female,Giza,Beauty,Perfume,1,1100,0.1,Visa,Delivered,2026-04-01 01:23:00,4.0,990.0,990.0,3.0,2026-03,1,1
11810,C0246,2026-03-08 10:42:00,33.0,Female,Cairo,Beauty,Makeup Kit,1,900,0.0,Mastercard,Pending,,,900.0,900.0,,2026-03,0,
17508,C1213,2026-06-25 20:38:00,51.0,Male,Aswan,Sports,Running Shoes,4,1800,0.15,Cash,Delivered,2026-06-29 20:38:00,3.0,6120.0,6120.0,4.0,2026-06,1,0
11021,C1321,2026-03-23 18:43:00,48.0,Female,Alexandria,Home,Coffee Maker,2,1800,0.0,Visa,Pending,,,3600.0,3600.0,,2026-03,0,
13187,C0701,2026-04-21 08:52:00,40.0,Female,Aswan,Beauty,Makeup Kit,2,900,0.15,Visa,Delivered,2026-04-24 08:52:00,4.0,1530.0,1530.0,3.0,2026-04,1,1
18735,C1374,2026-05-24 19:34:00,63.0,Female,Aswan,Fashion,Jeans,4,900,0.1,Cash,Delivered,2026-05-26 19:34:00,2.0,3240.0,3240.0,2.0,2026-05,1,0
15921,C0653,2026-02-08 08:24:00,63.0,Female,Giza,Beauty,Perfume,4,1100,0.05,Mastercard,Cancelled,,,4180.0,4180.0,,2026-02,0,
11670,C1876,2026-06-05 14:15:00,50.0,Female,Tanta,Fashion,Shoes,4,1500,0.1,Bank Transfer,Delivered,2026-06-09 14:15:00,4.0,5400.0,5400.0,4.0,2026-06,1,1
19010,C1342,2026-02-11 10:14:00,60.0,Female,Mansoura,Electronics,Headphones,1,850,0.05,Wallet,Delivered,2026-02-15 10:14:00,3.0,807.5,807.5,4.0,2026-02,1,0
16458,C1207,2026-01-05 12:26:00,66.0,Female,Mansoura,Electronics,Smart Watch,1,2200,0.15,Visa,Delivered,2026-01-07 12:26:00,2.0,1870.0,1870.0,2.0,2026-01,1,0
15207,C1443,2026-05-30 06:54:00,55.0,Female,Giza,Beauty,Hair Dryer,1,1300,0.2,Bank Transfer,Delivered,2026-06-03 06:54:00,2.0,1040.0,1040.0,4.0,2026-05,1,0
10749,C0208,2026-05-26 00:00:00,29.0,Male,Aswan,Electronics,Laptop,1,18000,0.15,Visa,Delivered,2026-06-02 00:00:00,3.0,15300.0,15300.0,7.0,2026-05,1,0
14794,C1727,2026-05-19 02:56:00,51.0,Male,Giza,Sports,Football,1,650,0.0,Cash,Cancelled,,,650.0,650.0,,2026-05,0,
17782,C1000,2026-06-23 17:08:00,39.0,Female,Mansoura,Home,Bedsheet,2,700,0.05,Wallet,Delivered,2026-06-25 17:08:00,3.0,1330.0,1330.0,2.0,2026-06,1,0
14491,C1737,2026-02-20 10:05:00,42.0,Female,Aswan,Home,Coffee Maker,1,1800,0.05,Cash,Cancelled,,,1710.0,1710.0,,2026-02,0,
19356,C0028,2026-04-09 00:00:00,25.0,Female,Cairo,Home,Coffee Maker,1,1800,0.15,Bank Transfer,Delivered,2026-04-10 22:14:00,4.0,1530.0,1530.0,1.926388888888889,2026-04,1,1
19879,C0562,2026-06-09 11:05:00,49.0,Male,Mansoura,Beauty,Face Cream,1,450,0.0,Visa,Delivered,2026-06-11 11:05:00,4.0,450.0,450.0,2.0,2026-06,1,1
13073,C1759,2026-04-22 21:58:00,55.0,Male,Cairo,Beauty,Hair Dryer,2,1300,0.0,Cash,Delivered,2026-04-26 21:58:00,3.0,2600.0,2600.0,4.0,2026-04,1,0
18859,C1525,2026-02-08 16:38:00,59.0,Male,Cairo,Electronics,Laptop,4,18000,0.05,Visa,Delivered,2026-02-12 16:38:00,3.0,68400.0,68400.0,4.0,2026-02,1,0
17049,C0861,2026-05-08 07:39:00,28.0,Female,Alexandria,Sports,Yoga Mat,3,600,0.1,Visa,Delivered,2026-05-14 07:39:00,4.0,1620.0,1620.0,6.0,2026-05,1,1
19495,C1477,2026-02-01 15:26:00,29.0,Male,Tanta,Sports,Yoga Mat,3,600,0.0,Mastercard,Delivered,2026-02-07 15:26:00,4.0,1800.0,1800.0,6.0,2026-02,1,1
12710,C0543,2026-04-30 14:10:00,26.0,Male,Alexandria,Beauty,Perfume,2,1100,0.1,Visa,Delivered,2026-05-03 14:10:00,3.0,1980.0,1980.0,3.0,2026-04,1,0
10755,C0768,2026-04-28 03:48:00,26.0,Male,Alexandria,Sports,Dumbbells,1,1400,0.0,Cash,Cancelled,,,1400.0,1400.0,,2026-04,0,
10377,C0529,2026-03-31 12:16:00,55.0,Female,Cairo,Home,Blender,3,1200,0.1,Bank Transfer,Delivered,2026-04-05 12:16:00,5.0,3240.0,3240.0,5.0,2026-03,1,1
14453,Unknown,2026-02-06 00:00:00,32.0,Female,Cairo,Electronics,Smart Watch,1,2200,0.15,Bank Transfer,Delivered,2026-02-12 11:05:00,3.0,1870.0,1870.0,6.461805555555555,2026-02,1,0
17990,C0177,2026-05-13 20:51:00,50.0,Male,Cairo,Sports,Football,1,650,0.15,Mastercard,Delivered,2026-05-17 20:51:00,5.0,552.5,552.5,4.0,2026-05,1,1
15319,C0739,2026-02-18 12:31:00,70.0,Male,Giza,Sports,Dumbbells,1,1400,0.15,Visa,Delivered,2026-02-25 12:31:00,1.0,1190.0,1190.0,7.0,2026-02,1,0
10140,C0119,2026-02-04 05:36:00,70.0,Female,Cairo,Beauty,Face Cream,1,450,0.0,Mastercard,Delivered,2026-02-07 05:36:00,5.0,450.0,450.0,3.0,2026-02,1,1
11216,C0490,2026-03-08 23:25:00,32.0,Female,Giza,Beauty,Makeup Kit,1,900,0.2,Bank Transfer,Pending,,,720.0,720.0,,2026-03,0,
14235,C0185,2026-01-18 00:00:00,63.0,Female,Aswan,Home,Chair,1,2500,0.1,Bank Transfer,Delivered,2026-01-22 07:58:00,4.0,2250.0,2250.0,4.331944444444445,2026-01,1,1
10964,C1849,2026-01-26 05:15:00,53.0,Male,Cairo,Home,Coffee Maker,3,1800,0.15,Cash,Delivered,2026-01-30 05:15:00,1.0,4590.0,4590.0,4.0,2026-01,1,0
11466,C1980,2026-05-20 00:00:00,66.0,Male,Cairo,Sports,Dumbbells,1,1400,0.15,Visa,Cancelled,,,1190.0,1190.0,,2026-05,0,
14111,C1948,2026-02-15 00:00:00,38.0,Male,Cairo,Electronics,Laptop,1,18000,0.0,Mastercard,Cancelled,,,18000.0,18000.0,,2026-02,0,
16700,C1763,2026-02-14 19:26:00,48.0,Female,Alexandria,Electronics,Laptop,4,18000,0.0,Bank Transfer,Delivered,2026-02-18 19:26:00,5.0,72000.0,72000.0,4.0,2026-02,1,1
11812,C1604,2026-01-17 04:20:00,41.0,Female,Giza,Sports,Dumbbells,3,1400,0.0,Visa,Pending,,,4200.0,4200.0,,2026-01,0,
18131,C1364,2026-01-27 17:33:00,52.0,Female,Giza,Electronics,Laptop,4,18000,0.0,Cash,Delivered,2026-01-29 17:33:00,5.0,72000.0,72000.0,2.0,2026-01,1,1
19091,C1337,2026-01-15 11:13:00,19.0,Male,Cairo,Home,Coffee Maker,1,1800,0.15,Cash,Delivered,2026-01-18 11:13:00,2.0,1530.0,1530.0,3.0,2026-01,1,0
18681,C0323,2026-01-09 23:40:00,44.0,Male,Alexandria,Electronics,Smart Watch,2,2200,0.1,Visa,Delivered,2026-01-10 23:40:00,5.0,3960.0,3960.0,1.0,2026-01,1,1
13868,C1578,2026-04-11 19:27:00,38.0,Female,Cairo,Electronics,Laptop,1,18000,0.0,Visa,Delivered,2026-04-15 19:27:00,4.0,18000.0,18000.0,4.0,2026-04,1,1
14167,C1925,2026-05-07 18:34:00,29.0,Female,Cairo,Home,Coffee Maker,1,1800,0.05,Cash,Delivered,2026-05-11 18:34:00,4.0,1710.0,1710.0,4.0,2026-05,1,1
10203,C1081,2026-03-07 09:33:00,33.0,Male,Giza,Fashion,Shoes,3,1500,0.0,Wallet,Delivered,2026-03-14 09:33:00,5.0,4500.0,4500.0,7.0,2026-03,1,1
11955,C0992,2026-01-22 10:11:00,35.0,Male,Cairo,Beauty,Hair Dryer,2,1300,0.0,Bank Transfer,Cancelled,,,2600.0,2600.0,,2026-01,0,
12270,C0254,2026-02-28 18:55:00,32.0,Male,Giza,Electronics,Laptop,1,18000,0.2,Mastercard,Pending,,,14400.0,14400.0,,2026-02,0,
11931,C0705,2026-03-26 12:50:00,43.0,Female,Giza,Sports,Yoga Mat,1,600,0.2,Cash,Delivered,2026-03-29 12:50:00,4.0,480.0,480.0,3.0,2026-03,1,1
12020,C1819,2026-04-10 15:51:00,59.0,Female,Cairo,Fashion,Shoes,3,1500,0.1,Cash,Pending,,,4050.0,4050.0,,2026-04,0,
14371,C1120,2026-05-26 15:37:00,39.0,Male,Cairo,Fashion,Jeans,1,900,0.0,Wallet,Delivered,2026-05-30 15:37:00,1.0,900.0,900.0,4.0,2026-05,1,0
14647,C0776,2026-01-18 18:52:00,44.0,Female,Cairo,Home,Unknown,2,1800,0.0,Cash,Delivered,2026-01-22 18:52:00,5.0,3600.0,3600.0,4.0,2026-01,1,1
18037,C1459,2026-06-13 21:38:00,52.0,Female,Alexandria,Sports,Football,1,650,0.0,Mastercard,Delivered,2026-06-19 21:38:00,4.0,650.0,650.0,6.0,2026-06,1,1
13293,C0504,2026-06-17 12:55:00,48.0,Male,Cairo,Fashion,Bag,1,750,0.0,Cash,Delivered,2026-06-21 12:55:00,5.0,750.0,750.0,4.0,2026-06,1,1
15162,C0711,2026-06-24 00:33:00,41.0,Female,Mansoura,Sports,Dumbbells,2,1400,0.05,Visa,Pending,,,2660.0,2660.0,,2026-06,0,
16074,C1602,2026-04-10 04:55:00,24.0,Male,Giza,Fashion,T-Shirt,2,500,0.0,Wallet,Delivered,2026-04-13 04:55:00,4.0,1000.0,1000.0,3.0,2026-04,1,1
12237,C1628,2026-03-11 19:59:00,53.0,Female,Mansoura,Home,Lamp,2,300,0.05,Bank Transfer,Delivered,2026-03-14 19:59:00,4.0,570.0,570.0,3.0,2026-03,1,1
12281,C0948,2026-05-21 20:47:00,70.0,Male,Alexandria,Fashion,Jeans,1,900,0.1,Wallet,Delivered,2026-05-25 20:47:00,2.0,810.0,810.0,4.0,2026-05,1,0
16385,C1994,2026-03-16 08:04:00,23.0,Female,Cairo,Home,Lamp,2,300,0.05,Mastercard,Cancelled,,,570.0,570.0,,2026-03,0,
11900,C1547,2026-03-22 00:10:00,56.0,Male,Mansoura,Electronics,Smart Watch,2,2200,0.05,Visa,Pending,,,4180.0,4180.0,,2026-03,0,
19397,C1450,2026-02-09 23:48:00,50.0,Female,Giza,Beauty,Shampoo,1,250,0.1,Cash,Pending,,,225.0,225.0,,2026-02,0,
16966,C1783,2026-01-31 18:39:00,24.0,Female,Giza,Beauty,Hair Dryer,1,1300,0.0,Mastercard,Delivered,2026-02-03 18:39:00,4.0,1300.0,1300.0,3.0,2026-01,1,1
13655,C0179,2026-01-01 10:14:00,56.0,Male,Mansoura,Sports,Dumbbells,2,1400,0.0,Cash,Delivered,2026-01-03 10:14:00,3.0,2800.0,2800.0,2.0,2026-01,1,0
13885,C0812,2026-02-09 12:42:00,60.0,Male,Mansoura,Beauty,Makeup Kit,2,900,0.05,Bank Transfer,Pending,,,1710.0,1710.0,,2026-02,0,
16998,C0823,2026-01-12 01:58:00,47.0,Male,Cairo,Beauty,Shampoo,1,250,0.2,Wallet,Delivered,2026-01-18 01:58:00,4.0,200.0,200.0,6.0,2026-01,1,1
13644,C1178,2026-03-23 04:51:00,29.0,Male,Cairo,Beauty,Perfume,2,1100,0.15,Visa,Cancelled,,,1870.0,1870.0,,2026-03,0,
19094,C0328,2026-01-27 11:34:00,41.0,Female,Cairo,Fashion,T-Shirt,4,500,0.0,Wallet,Delivered,2026-01-31 11:34:00,5.0,2000.0,2000.0,4.0,2026-01,1,1
12021,C1027,2026-04-25 21:03:00,44.0,Male,Tanta,Home,Chair,2,2500,0.05,Wallet,Delivered,2026-04-30 21:03:00,4.0,4750.0,4750.0,5.0,2026-04,1,1
18296,C0818,2026-04-22 16:03:00,25.0,Female,Cairo,Sports,Running Shoes,1,1800,0.0,Cash,Pending,,,1800.0,1800.0,,2026-04,0,
19549,C1572,2026-04-07 17:20:00,47.0,Female,Cairo,Beauty,Shampoo,4,250,0.0,Cash,Delivered,2026-04-12 17:20:00,5.0,1000.0,1000.0,5.0,2026-04,1,1
10446,C1265,2026-04-26 23:44:00,52.0,Male,Alexandria,Sports,Tennis Racket,2,1600,0.05,Cash,Delivered,2026-04-29 23:44:00,4.0,3040.0,3040.0,3.0,2026-04,1,1
11548,C1579,2026-03-23 13:58:00,26.0,Female,Aswan,Home,Coffee Maker,2,1800,0.05,Bank Transfer,Delivered,2026-03-27 13:58:00,5.0,3420.0,3420.0,4.0,2026-03,1,1
13488,C0343,2026-03-29 00:23:00,20.0,Female,Cairo,Fashion,Bag,1,750,0.0,Mastercard,Delivered,2026-04-02 00:23:00,4.0,750.0,750.0,4.0,2026-03,1,1
15153,C1273,2026-02-26 20:09:00,52.0,Male,Cairo,Beauty,Hair Dryer,1,1300,0.05,Wallet,Delivered,2026-02-28 20:09:00,5.0,1235.0,1235.0,2.0,2026-02,1,1
12573,C1726,2026-01-16 20:15:00,34.0,Female,Cairo,Sports,Running Shoes,2,1800,0.0,Visa,Cancelled,,,3600.0,3600.0,,2026-01,0,
12463,C1402,2026-03-15 00:08:00,66.0,Male,Alexandria,Fashion,Jeans,3,900,0.05,Bank Transfer,Delivered,2026-03-20 00:08:00,4.0,2565.0,2565.0,5.0,2026-03,1,1
15862,C0844,2026-02-22 01:27:00,38.0,Female,Alexandria,Sports,Dumbbells,1,1400,0.05,Bank Transfer,Delivered,2026-02-24 01:27:00,5.0,1330.0,1330.0,2.0,2026-02,1,1
10634,C1169,2026-01-19 23:55:00,25.0,Male,Giza,Fashion,Jeans,2,900,0.0,Wallet,Delivered,2026-01-21 23:55:00,3.0,1800.0,1800.0,2.0,2026-01,1,0
14645,C0872,2026-06-13 06:54:00,37.0,Male,Tanta,Beauty,Face Cream,2,450,0.1,Cash,Delivered,2026-06-17 06:54:00,4.0,810.0,810.0,4.0,2026-06,1,1
13364,C1039,2026-01-19 06:57:00,63.0,Female,Alexandria,Fashion,Bag,1,750,0.1,Visa,Delivered,2026-01-25 06:57:00,4.0,675.0,675.0,6.0,2026-01,1,1
13218,C0631,2026-01-27 03:45:00,48.0,Female,Cairo,Fashion,Jacket,1,1200,0.05,Mastercard,Delivered,2026-02-01 03:45:00,5.0,1140.0,1140.0,5.0,2026-01,1,1
11248,C0227,2026-02-05 09:35:00,26.0,Male,Tanta,Fashion,Jeans,2,900,0.1,Mastercard,Delivered,2026-02-06 09:35:00,4.0,1620.0,1620.0,1.0,2026-02,1,1
17384,C1810,2026-06-26 17:19:00,56.0,Male,Giza,Beauty,Makeup Kit,4,900,0.1,Visa,Delivered,2026-06-29 17:19:00,4.0,3240.0,3240.0,3.0,2026-06,1,1
10701,C1052,2026-03-06 16:30:00,61.0,Male,Alexandria,Beauty,Shampoo,4,250,0.0,Visa,Pending,,,1000.0,1000.0,,2026-03,0,
16203,C1347,2026-06-29 10:44:00,51.0,Female,Alexandria,Electronics,Keyboard,2,900,0.1,Wallet,Pending,,,1620.0,1620.0,,2026-06,0,
11503,C0164,2026-04-15 08:54:00,38.0,Female,Cairo,Sports,Tennis Racket,2,1600,0.15,Wallet,Cancelled,,,2720.0,2720.0,,2026-04,0,
12209,C0585,2026-06-12 05:34:00,50.0,Male,Mansoura,Sports,Football,1,650,0.15,Wallet,Delivered,2026-06-17 05:34:00,4.0,552.5,552.5,5.0,2026-06,1,1
15567,C0950,2026-02-14 03:48:00,26.0,Male,Mansoura,Electronics,Headphones,1,850,0.0,Mastercard,Cancelled,,,850.0,850.0,,2026-02,0,
12932,C1726,2026-05-13 03:10:00,36.0,Male,Alexandria,Beauty,Shampoo,2,250,0.1,Wallet,Delivered,2026-05-16 03:10:00,4.0,450.0,450.0,3.0,2026-05,1,1
17811,C1852,2026-06-20 04:10:00,63.0,Female,Mansoura,Fashion,Jacket,4,1200,0.1,Visa,Delivered,2026-06-26 04:10:00,4.0,4320.0,4320.0,6.0,2026-06,1,1
11428,C0723,2026-01-31 10:49:00,60.0,Female,Mansoura,Beauty,Makeup Kit,2,900,0.0,Mastercard,Delivered,2026-02-03 10:49:00,5.0,1800.0,1800.0,3.0,2026-01,1,1
15137,C1074,2026-06-24 11:00:00,62.0,Female,Cairo,Fashion,Shoes,1,1500,0.2,Visa,Delivered,2026-06-28 11:00:00,3.0,1200.0,1200.0,4.0,2026-06,1,0
14604,C0364,2026-04-20 17:54:00,49.0,Male,Cairo,Sports,Football,1,650,0.15,Bank Transfer,Delivered,2026-04-25 17:54:00,5.0,552.5,552.5,5.0,2026-04,1,1
12071,C0593,2026-05-22 14:43:00,61.0,Male,Mansoura,Home,Blender,3,1200,0.15,Bank Transfer,Delivered,2026-05-26 14:43:00,5.0,3060.0,3060.0,4.0,2026-05,1,1
18710,C1754,2026-03-23 03:16:00,69.0,Female,Cairo,Electronics,Mouse,2,450,0.05,Wallet,Pending,,,855.0,855.0,,2026-03,0,
15712,C0002,2026-01-11 11:27:00,50.0,Male,Tanta,Beauty,Face Cream,1,450,0.0,Wallet,Delivered,2026-01-15 11:27:00,5.0,450.0,450.0,4.0,2026-01,1,1
15194,C0618,2026-03-18 17:27:00,27.0,Male,Cairo,Beauty,Shampoo,2,250,0.2,Bank Transfer,Pending,,,400.0,400.0,,2026-03,0,
10558,C1963,2026-03-13 22:28:00,22.0,Male,Cairo,Electronics,Smart Watch,1,2200,0.0,Mastercard,Delivered,2026-03-18 22:28:00,5.0,2200.0,2200.0,5.0,2026-03,1,1
17414,C0960,2026-04-18 00:00:00,25.0,Female,Cairo,Sports,Yoga Mat,4,600,0.0,Visa,Delivered,2026-04-20 11:49:00,5.0,2400.0,2400.0,2.4923611111111112,2026-04,1,1
14486,C0899,2026-01-03 00:00:00,60.0,Female,Alexandria,Fashion,Jeans,4,900,0.0,Bank Transfer,Delivered,2026-01-05 03:15:00,5.0,3600.0,3600.0,2.1354166666666665,2026-01,1,1
18958,C1233,2026-05-23 00:00:00,19.0,Female,Cairo,Fashion,Bag,2,750,0.1,Wallet,Delivered,2026-05-27 14:16:00,5.0,1350.0,1350.0,4.594444444444444,2026-05,1,1
18017,C1352,2026-02-18 09:40:00,34.0,Female,Tanta,Beauty,Makeup Kit,1,900,0.2,Bank Transfer,Delivered,2026-02-24 09:40:00,4.0,720.0,720.0,6.0,2026-02,1,1
12207,C0497,2026-03-10 11:46:00,45.0,Male,Cairo,Beauty,Face Cream,4,450,0.0,Visa,Delivered,2026-03-12 11:46:00,5.0,1800.0,1800.0,2.0,2026-03,1,1
11797,C0909,2026-06-22 08:55:00,41.0,Male,Cairo,Beauty,Makeup Kit,3,900,0.1,Bank Transfer,Pending,,,2430.0,2430.0,,2026-06,0,
14544,C0524,2026-06-12 15:04:00,19.0,Female,Cairo,Electronics,Headphones,2,850,0.0,Mastercard,Delivered,2026-06-14 15:04:00,5.0,1700.0,1700.0,2.0,2026-06,1,1
13415,C1077,2026-01-17 17:39:00,41.0,Male,Cairo,Fashion,Jeans,3,900,0.1,Bank Transfer,Delivered,2026-01-19 17:39:00,4.0,2430.0,2666.0,2.0,2026-01,1,1
17881,C0305,2026-06-15 00:02:00,59.0,Female,Alexandria,Sports,Yoga Mat,1,600,0.05,Cash,Delivered,2026-06-19 00:02:00,4.0,570.0,570.0,4.0,2026-06,1,1
15532,C1063,2026-02-02 00:00:00,33.0,Female,Mansoura,Beauty,Makeup Kit,3,900,0.05,Mastercard,Pending,,,2565.0,2565.0,,2026-02,0,
11291,C0816,2026-01-26 12:35:00,41.0,Male,Aswan,Sports,Football,1,650,0.1,Cash,Delivered,2026-01-29 12:35:00,4.0,585.0,585.0,3.0,2026-01,1,1
16387,C1341,2026-02-09 05:18:00,35.0,Male,Alexandria,Beauty,Makeup Kit,1,500,0.1,Visa,Delivered,2026-02-11 05:18:00,5.0,450.0,810.0,2.0,2026-02,1,1
16305,C0375,2026-05-28 11:47:00,27.0,Female,Alexandria,Fashion,Jacket,2,1200,0.15,Mastercard,Delivered,2026-05-30 11:47:00,3.0,2040.0,2040.0,2.0,2026-05,1,0
13082,C0073,2026-02-24 17:29:00,59.0,Male,Aswan,Sports,Football,1,650,0.0,Visa,Delivered,2026-03-01 17:29:00,4.0,650.0,650.0,5.0,2026-02,1,1
12694,C0168,2026-04-03 22:41:00,59.0,Female,Giza,Home,Chair,1,2500,0.1,Bank Transfer,Cancelled,,,2250.0,2250.0,,2026-04,0,
10006,C0270,2026-04-05 15:14:00,25.0,Male,Cairo,Sports,Tennis Racket,3,1600,0.0,Bank Transfer,Delivered,2026-04-10 15:14:00,4.0,4800.0,4800.0,5.0,2026-04,1,1
19794,C1083,2026-03-21 06:07:00,44.0,Female,Alexandria,Electronics,Headphones,1,850,0.0,Bank Transfer,Cancelled,,,850.0,850.0,,2026-03,0,
14201,C0877,2026-02-22 06:07:00,48.0,Female,Giza,Home,Bedsheet,4,700,0.15,Visa,Pending,,,2380.0,2380.0,,2026-02,0,
14468,C1911,2026-01-03 01:15:00,34.0,Female,Mansoura,Electronics,Laptop,2,18000,0.05,Mastercard,Delivered,2026-01-07 01:15:00,5.0,34200.0,34200.0,4.0,2026-01,1,1
18381,C0281,2026-04-06 15:10:00,41.0,Female,Alexandria,Sports,Running Shoes,4,1800,0.0,Bank Transfer,Delivered,2026-04-10 15:10:00,5.0,7200.0,7200.0,4.0,2026-04,1,1
18872,C1303,2026-02-25 11:32:00,52.0,Female,Cairo,Beauty,Perfume,1,1100,0.05,Wallet,Delivered,2026-03-03 11:32:00,2.0,1045.0,1045.0,6.0,2026-02,1,0
15835,C1241,2026-03-25 15:16:00,69.0,Male,Alexandria,Fashion,Jeans,2,900,0.0,Mastercard,Delivered,2026-03-30 15:16:00,4.0,1800.0,1800.0,5.0,2026-03,1,1
17037,C0064,2026-06-13 06:49:00,28.0,Female,Giza,Beauty,Perfume,4,1100,0.0,Bank Transfer,Delivered,2026-06-16 06:49:00,5.0,4400.0,4400.0,3.0,2026-06,1,1
10004,C0014,2026-01-09 20:01:00,37.0,Male,Giza,Fashion,Shoes,2,1500,0.05,Cash,Pending,,,2850.0,2850.0,,2026-01,0,
14985,C0687,2026-05-06 11:49:00,55.0,Female,Cairo,Home,Coffee Maker,1,1800,0.1,Unknown,Delivered,2026-05-07 11:49:00,,1620.0,1620.0,1.0,2026-05,1,
19760,C1195,2026-02-17 01:01:00,28.0,Female,Aswan,Sports,Yoga Mat,2,600,0.0,Mastercard,Delivered,2026-02-20 01:01:00,4.0,1200.0,1200.0,3.0,2026-02,1,1
13672,C0017,2026-04-24 15:01:00,66.0,Male,Cairo,Fashion,Jeans,1,900,0.05,Bank Transfer,Delivered,2026-04-30 15:01:00,5.0,855.0,855.0,6.0,2026-04,1,1
12644,C1031,2026-04-12 05:13:00,47.0,Female,Cairo,Home,Chair,3,2500,0.1,Visa,Pending,,,6750.0,6750.0,,2026-04,0,
11094,C1234,2026-05-07 09:35:00,50.0,Female,Cairo,Electronics,Mouse,1,450,0.1,Visa,Delivered,2026-05-11 09:35:00,2.0,405.0,405.0,4.0,2026-05,1,0
12315,C0961,2026-06-13 01:33:00,34.0,Female,Giza,Electronics,Smart Watch,1,2200,0.2,Mastercard,Delivered,2026-06-16 01:33:00,4.0,1760.0,1760.0,3.0,2026-06,1,1
11848,C1395,2026-04-19 00:00:00,53.0,Male,Giza,Home,Chair,1,2500,0.15,Visa,Delivered,2026-04-22 13:02:00,5.0,2125.0,2125.0,3.5430555555555556,2026-04,1,1
13921,C1680,2026-01-22 04:04:00,62.0,Female,Mansoura,Fashion,Shoes,1,1500,0.15,Bank Transfer,Delivered,2026-01-26 04:04:00,4.0,1275.0,1275.0,4.0,2026-01,1,1
12137,C0304,2026-02-01 23:02:00,44.0,Female,Alexandria,Fashion,Shoes,1,1500,0.05,Bank Transfer,Delivered,2026-02-03 23:02:00,4.0,1425.0,1425.0,2.0,2026-02,1,1
13163,C1584,2026-06-17 17:06:00,48.0,Male,Cairo,Beauty,Hair Dryer,3,1300,0.0,Mastercard,Delivered,2026-06-20 17:06:00,2.0,3900.0,3900.0,3.0,2026-06,1,0
19017,C0186,2026-04-17 10:12:00,37.0,Male,Cairo,Beauty,Shampoo,3,250,0.1,Wallet,Delivered,2026-04-21 10:12:00,3.0,675.0,675.0,4.0,2026-04,1,0
16895,C0413,2026-02-08 17:09:00,64.0,Female,Cairo,Beauty,Shampoo,1,250,0.0,Mastercard,Delivered,2026-02-15 17:09:00,4.0,250.0,250.0,7.0,2026-02,1,1
11596,C0276,2026-02-23 00:44:00,43.0,Male,Cairo,Sports,Yoga Mat,1,600,0.0,Bank Transfer,Delivered,2026-02-25 00:44:00,4.0,600.0,600.0,2.0,2026-02,1,1
16242,C0064,2026-05-27 19:17:00,44.0,Female,Aswan,Home,Blender,2,1200,0.0,Mastercard,Delivered,2026-05-31 19:17:00,3.0,2400.0,2400.0,4.0,2026-05,1,0
16905,C1497,2026-05-26 18:29:00,57.0,Male,Cairo,Sports,Dumbbells,1,1400,0.05,Wallet,Delivered,2026-05-28 18:29:00,2.0,1330.0,1330.0,2.0,2026-05,1,0
14273,C1180,2026-03-01 17:57:00,35.0,Male,Alexandria,Sports,Football,2,650,0.15,Visa,Delivered,2026-03-07 17:57:00,2.0,1105.0,1105.0,6.0,2026-03,1,0
10046,C0456,2026-03-02 08:38:00,18.0,Female,Alexandria,Sports,Tennis Racket,4,1600,0.05,Visa,Cancelled,,,6080.0,6080.0,,2026-03,0,
13297,C0510,2026-05-09 18:35:00,49.0,Male,Cairo,Home,Chair,1,2500,0.15,Cash,Delivered,2026-05-13 18:35:00,4.0,2125.0,2125.0,4.0,2026-05,1,1
15050,C1922,2026-04-13 20:57:00,49.0,Female,Aswan,Sports,Running Shoes,2,1800,0.0,Bank Transfer,Delivered,2026-04-18 20:57:00,,3600.0,3600.0,5.0,2026-04,1,
17128,C0961,2026-04-27 10:00:00,24.0,Female,Giza,Beauty,Hair Dryer,3,1300,0.1,Wallet,Delivered,2026-05-02 10:00:00,5.0,3510.0,3510.0,5.0,2026-04,1,1
11496,C1185,2026-06-09 22:32:00,25.0,Male,Tanta,Fashion,T-Shirt,1,500,0.1,Bank Transfer,Delivered,2026-06-12 22:32:00,4.0,450.0,450.0,3.0,2026-06,1,1
19924,C1683,2026-04-29 01:15:00,56.0,Female,Alexandria,Sports,Yoga Mat,3,600,0.05,Mastercard,Delivered,2026-05-01 01:15:00,3.0,1710.0,1710.0,2.0,2026-04,1,0
11514,C0601,2026-06-10 13:23:00,28.0,Female,Giza,Beauty,Face Cream,2,450,0.05,Wallet,Pending,,,855.0,855.0,,2026-06,0,
17423,C1177,2026-04-15 13:24:00,47.0,Male,Aswan,Electronics,Headphones,4,850,0.1,Cash,Delivered,2026-04-21 13:24:00,4.0,3060.0,3060.0,6.0,2026-04,1,1
14596,C1191,2026-02-06 17:07:00,32.0,Male,Giza,Electronics,Laptop,3,18000,0.0,Visa,Delivered,2026-02-09 17:07:00,5.0,54000.0,54000.0,3.0,2026-02,1,1
18502,C1760,2026-06-05 04:42:00,66.0,Male,Mansoura,Sports,Football,4,650,0.0,Visa,Delivered,,1.0,2600.0,2600.0,,2026-06,1,0
18954,C0339,2026-04-20 00:46:00,58.0,Female,Giza,Fashion,Shoes,1,1500,0.1,Cash,Delivered,2026-04-25 00:46:00,4.0,1350.0,1350.0,5.0,2026-04,1,1
11108,C0757,2026-01-05 17:23:00,64.0,Male,Cairo,Home,Blender,2,1200,0.1,Mastercard,Pending,,,2160.0,2160.0,,2026-01,0,
10301,C1498,2026-06-18 16:26:00,66.0,Male,Cairo,Electronics,Keyboard,1,900,0.05,Cash,Delivered,2026-06-21 16:26:00,5.0,855.0,855.0,3.0,2026-06,1,1
12952,C0816,2026-05-17 21:34:00,61.0,Male,Alexandria,Fashion,Jeans,1,900,0.15,Bank Transfer,Delivered,2026-05-16 21:34:00,5.0,765.0,765.0,-1.0,2026-05,1,1
16010,C1271,2026-05-26 17:01:00,64.0,Female,Cairo,Sports,Yoga Mat,4,600,0.0,Wallet,Pending,,,2400.0,2400.0,,2026-05,0,
18660,C0347,2026-05-30 13:54:00,34.0,Female,Cairo,Fashion,Shoes,1,1500,0.1,Bank Transfer,Pending,,,1350.0,1350.0,,2026-05,0,
16901,C1320,2026-02-11 00:17:00,33.0,Male,Cairo,Fashion,Bag,2,750,0.0,Mastercard,Delivered,2026-02-14 00:17:00,5.0,1500.0,1500.0,3.0,2026-02,1,1
18135,C0831,2026-03-16 05:08:00,60.0,Female,Cairo,Beauty,Face Cream,2,450,0.0,Bank Transfer,Delivered,2026-03-23 05:08:00,4.0,900.0,900.0,7.0,2026-03,1,1
10930,C1360,2026-03-08 12:09:00,67.0,Female,Cairo,Electronics,Laptop,4,18000,0.0,Cash,Delivered,2026-03-11 12:09:00,5.0,72000.0,72000.0,3.0,2026-03,1,1
15215,C1223,2026-05-07 14:45:00,21.0,Male,Mansoura,Sports,Dumbbells,2,1400,0.1,Cash,Delivered,2026-05-08 14:45:00,3.0,2520.0,2520.0,1.0,2026-05,1,0
19833,C0253,2026-04-28 13:22:00,24.0,Male,Cairo,Fashion,Jacket,3,1200,0.1,Visa,Delivered,2026-04-30 13:22:00,5.0,3240.0,3240.0,2.0,2026-04,1,1
11417,C0657,2026-06-25 00:00:00,41.0,Male,Alexandria,Beauty,Shampoo,2,250,0.1,Visa,Pending,,,450.0,450.0,,2026-06,0,
13703,C1551,2026-01-16 21:10:00,44.0,Female,Cairo,Fashion,Jacket,4,1200,0.05,Cash,Cancelled,,,4560.0,4560.0,,2026-01,0,
12592,C1718,2026-05-27 19:10:00,56.0,Female,Tanta,Beauty,Face Cream,1,450,0.15,Bank Transfer,Delivered,2026-05-30 19:10:00,4.0,382.5,382.5,3.0,2026-05,1,1
14448,C1976,2026-02-08 14:24:00,35.0,Male,Cairo,Electronics,Laptop,2,18000,0.05,Visa,Delivered,2026-02-09 14:24:00,5.0,34200.0,34200.0,1.0,2026-02,1,1
17610,C1830,2026-05-07 00:22:00,31.0,Female,Mansoura,Fashion,T-Shirt,3,500,0.0,Wallet,Delivered,2026-05-09 00:22:00,3.0,1500.0,1500.0,2.0,2026-05,1,0
12350,C1143,2026-02-15 19:25:00,49.0,Female,Alexandria,Home,Coffee Maker,1,1800,0.0,Bank Transfer,Delivered,2026-02-18 19:25:00,4.0,1800.0,1800.0,3.0,2026-02,1,1
13288,C1581,2026-01-07 09:17:00,23.0,Female,Mansoura,Home,Bedsheet,2,700,0.0,Cash,Cancelled,,,1400.0,1400.0,,2026-01,0,
13258,C0358,2026-05-09 02:38:00,26.0,Male,Aswan,Home,Blender,1,1200,0.0,Visa,Delivered,2026-05-12 02:38:00,4.0,1200.0,1200.0,3.0,2026-05,1,1
19108,C0784,2026-06-07 12:55:00,45.0,Male,Alexandria,Sports,Running Shoes,4,1800,0.1,Mastercard,Delivered,2026-06-12 12:55:00,4.0,6480.0,6480.0,5.0,2026-06,1,1
16032,C0726,2026-01-05 00:00:00,31.0,Female,Cairo,Home,Blender,1,1200,0.15,Visa,Delivered,2026-01-06 11:36:00,4.0,1020.0,1020.0,1.4833333333333334,2026-01,1,1
12636,C1129,2026-06-14 09:31:00,37.0,Male,Cairo,Sports,Dumbbells,4,1400,0.0,Cash,Delivered,2026-06-19 09:31:00,3.0,5600.0,5600.0,5.0,2026-06,1,0
10832,C1678,2026-04-06 14:05:00,53.0,Male,Cairo,Electronics,Laptop,2,18000,0.0,Visa,Delivered,2026-04-10 14:05:00,2.0,36000.0,36000.0,4.0,2026-04,1,0
19971,C0872,2026-06-27 12:20:00,58.0,Male,Alexandria,Electronics,Keyboard,2,900,0.15,Bank Transfer,Cancelled,,,1530.0,1530.0,,2026-06,0,
16154,C1162,2026-02-18 00:00:00,60.0,Female,Mansoura,Sports,Dumbbells,2,1400,0.1,Mastercard,Delivered,2026-02-20 05:27:00,3.0,2520.0,2520.0,2.2270833333333333,2026-02,1,0
16338,C1430,2026-02-18 22:47:00,65.0,Male,Cairo,Beauty,Perfume,4,1100,0.2,Cash,Pending,,,3520.0,3520.0,,2026-02,0,
12156,C0338,2026-03-04 00:24:00,34.0,Male,Mansoura,Beauty,Face Cream,2,450,0.05,Cash,Delivered,2026-03-07 00:24:00,4.0,855.0,855.0,3.0,2026-03,1,1
12461,C1544,2026-05-15 16:47:00,47.0,Male,Alexandria,Electronics,Smart Watch,1,2200,0.05,Bank Transfer,Pending,,,2090.0,2090.0,,2026-05,0,
15941,C0862,2026-04-04 14:26:00,26.0,Female,Giza,Home,Bedsheet,1,700,0.1,Bank Transfer,Delivered,2026-04-07 14:26:00,4.0,630.0,630.0,3.0,2026-04,1,1
16913,C0802,2026-01-01 00:00:00,57.0,Male,Cairo,Sports,Football,1,650,0.05,Wallet,Delivered,2026-01-06 08:30:00,5.0,617.5,617.5,5.354166666666667,2026-01,1,1
18285,C0770,2026-02-10 23:40:00,55.0,Female,Alexandria,Fashion,Jeans,3,900,0.1,Cash,Delivered,2026-02-13 23:40:00,5.0,2430.0,2430.0,3.0,2026-02,1,1
11364,C0375,2026-04-22 14:27:00,30.0,Male,Cairo,Sports,Running Shoes,3,1800,0.2,Mastercard,Pending,,,4320.0,4320.0,,2026-04,0,
19347,C0694,2026-06-02 05:47:00,46.0,Male,Alexandria,Home,Coffee Maker,1,1800,0.05,Mastercard,Delivered,2026-06-03 05:47:00,4.0,1710.0,1710.0,1.0,2026-06,1,1
18385,C0856,2026-01-08 11:38:00,41.0,Male,Giza,Home,Bedsheet,2,700,0.15,Wallet,Delivered,2026-01-11 11:38:00,4.0,1190.0,1190.0,3.0,2026-01,1,1
13141,C0073,2026-03-13 04:45:00,45.0,Male,Mansoura,Beauty,Face Cream,1,450,0.15,Cash,Delivered,2026-03-15 04:45:00,4.0,382.5,382.5,2.0,2026-03,1,1
11120,C1077,2026-04-01 16:39:00,19.0,Female,Giza,Electronics,Laptop,1,18000,0.15,Mastercard,Delivered,2026-04-03 16:39:00,5.0,15300.0,15300.0,2.0,2026-04,1,1
10505,C0194,2026-06-13 00:46:00,30.0,Male,Giza,Fashion,Bag,1,750,0.1,Cash,Delivered,2026-06-16 00:46:00,3.0,675.0,675.0,3.0,2026-06,1,0
17476,C1787,2026-02-19 02:27:00,56.0,Female,Giza,Home,Lamp,2,300,0.1,Mastercard,Delivered,2026-02-22 02:27:00,4.0,540.0,540.0,3.0,2026-02,1,1
18881,C0872,2026-06-27 22:39:00,56.0,Male,Cairo,Sports,Running Shoes,1,1800,0.15,Cash,Delivered,2026-06-30 22:39:00,4.0,1530.0,1530.0,3.0,2026-06,1,1
16693,C1346,2026-01-10 21:35:00,63.0,Female,Mansoura,Home,Bedsheet,2,700,0.05,Bank Transfer,Delivered,2026-01-11 21:35:00,3.0,1330.0,1330.0,1.0,2026-01,1,0
12508,C0874,2026-03-13 19:09:00,49.0,Male,Alexandria,Beauty,Hair Dryer,4,1300,0.05,Visa,Delivered,2026-03-15 19:09:00,4.0,4940.0,4940.0,2.0,2026-03,1,1
11138,C1060,2026-02-16 21:21:00,49.0,Male,Tanta,Electronics,Headphones,1,850,0.0,Cash,Delivered,2026-02-22 21:21:00,4.0,850.0,850.0,6.0,2026-02,1,1
11077,C0621,2026-02-13 02:05:00,31.0,Male,Cairo,Beauty,Shampoo,2,250,0.1,Wallet,Delivered,2026-02-17 02:05:00,2.0,450.0,450.0,4.0,2026-02,1,0
14666,C1335,2026-03-12 10:26:00,55.0,Male,Mansoura,Sports,Dumbbells,2,1400,0.1,Wallet,Delivered,2026-03-18 10:26:00,1.0,2520.0,2520.0,6.0,2026-03,1,0
17312,C1522,2026-01-10 09:35:00,48.0,Female,Giza,Home,Lamp,1,300,0.05,Cash,Delivered,2026-01-15 09:35:00,5.0,285.0,285.0,5.0,2026-01,1,1
12501,C0525,2026-04-24 05:19:00,41.0,Female,Giza,Sports,Yoga Mat,2,600,0.05,Cash,Delivered,2026-04-30 05:19:00,4.0,1140.0,1140.0,6.0,2026-04,1,1
12898,C1650,2026-01-05 01:27:00,39.0,Female,Alexandria,Home,Chair,1,2500,0.1,Visa,Pending,,,2250.0,2250.0,,2026-01,0,
13562,C0195,2026-06-14 11:46:00,40.0,Female,Alexandria,Beauty,Face Cream,4,450,0.1,Mastercard,Delivered,2026-06-17 11:46:00,3.0,1620.0,1620.0,3.0,2026-06,1,0
17353,C0364,2026-01-23 21:10:00,63.0,Female,Mansoura,Sports,Tennis Racket,1,1600,0.15,Bank Transfer,Delivered,2026-01-25 21:10:00,4.0,1360.0,1360.0,2.0,2026-01,1,1
17269,C1427,2026-04-17 00:37:00,30.0,Female,Giza,Beauty,Face Cream,1,450,0.0,Wallet,Delivered,2026-04-19 00:37:00,5.0,450.0,450.0,2.0,2026-04,1,1
13321,C1916,2026-02-14 00:00:00,37.0,Male,Cairo,Electronics,Mouse,4,450,0.1,Visa,Delivered,2026-02-18 00:15:00,5.0,1620.0,1620.0,4.010416666666667,2026-02,1,1
16021,C1880,2026-04-05 03:43:00,51.0,Male,Cairo,Beauty,Shampoo,1,250,0.15,Mastercard,Delivered,2026-04-08 03:43:00,3.0,212.5,212.5,3.0,2026-04,1,0
16667,C1128,2026-06-21 20:36:00,53.0,Male,Tanta,Home,Blender,1,1200,0.1,Cash,Cancelled,,,1080.0,1080.0,,2026-06,0,
12487,C1249,2026-01-11 02:26:00,70.0,Female,Cairo,Beauty,Shampoo,4,250,0.05,Cash,Pending,,,950.0,950.0,,2026-01,0,
15228,C1280,2026-06-15 08:08:00,42.0,Male,Giza,Sports,Yoga Mat,2,600,0.05,Visa,Delivered,2026-06-16 08:08:00,4.0,1140.0,1140.0,1.0,2026-06,1,1
12175,C1967,2026-04-20 15:35:00,34.0,Male,Cairo,Fashion,Jacket,3,1200,0.15,Visa,Cancelled,,,3060.0,3060.0,,2026-04,0,
15405,C0240,2026-01-19 05:27:00,39.0,Male,Cairo,Electronics,Headphones,1,850,0.0,Cash,Delivered,2026-01-23 05:27:00,3.0,850.0,850.0,4.0,2026-01,1,0
16977,C1799,2026-03-27 04:40:00,46.0,Male,Alexandria,Electronics,Keyboard,1,900,0.0,Visa,Delivered,2026-03-31 04:40:00,4.0,900.0,900.0,4.0,2026-03,1,1
19976,C0262,2026-01-25 07:57:00,42.0,Male,Giza,Home,Chair,2,2500,0.05,Mastercard,Pending,,,4750.0,4750.0,,2026-01,0,
15958,C0008,2026-02-17 19:59:00,33.0,Female,Cairo,Electronics,Mouse,2,450,0.1,Cash,Delivered,2026-02-21 19:59:00,4.0,810.0,810.0,4.0,2026-02,1,1
14555,C0947,2026-05-23 21:12:00,66.0,Male,Giza,Sports,Tennis Racket,3,1600,0.1,Cash,Delivered,2026-05-28 21:12:00,3.0,4320.0,4320.0,5.0,2026-05,1,0
18786,C0690,2026-02-02 04:32:00,19.0,Female,Cairo,Fashion,T-Shirt,2,500,0.05,Cash,Delivered,2026-02-05 04:32:00,5.0,950.0,950.0,3.0,2026-02,1,1
14657,C0974,2026-01-19 20:25:00,33.0,Male,Giza,Electronics,Headphones,1,850,0.0,Cash,Delivered,2026-01-22 20:25:00,4.0,850.0,850.0,3.0,2026-01,1,1
15237,C0594,2026-05-27 06:54:00,47.0,Male,Cairo,Electronics,Keyboard,1,900,0.0,Mastercard,Delivered,2026-06-01 06:54:00,4.0,900.0,900.0,5.0,2026-05,1,1
12273,C0119,2026-04-09 09:03:00,42.0,Female,Giza,Home,Bedsheet,2,700,0.05,Mastercard,Delivered,2026-04-12 09:03:00,4.0,1330.0,1330.0,3.0,2026-04,1,1
17789,C0062,2026-06-24 01:01:00,58.0,Male,Cairo,Sports,Dumbbells,1,1400,0.2,Wallet,Delivered,2026-06-28 01:01:00,5.0,1120.0,1120.0,4.0,2026-06,1,1
10082,C0640,2026-06-20 00:00:00,68.0,Male,Cairo,Fashion,Shoes,2,1500,0.05,Visa,Delivered,2026-06-24 11:58:00,4.0,2850.0,2850.0,4.498611111111111,2026-06,1,1
16492,C1932,2026-01-04 14:59:00,26.0,Male,Alexandria,Fashion,Bag,2,750,0.0,Cash,Cancelled,,,1500.0,1500.0,,2026-01,0,
11711,C0002,2026-05-22 09:49:00,35.0,Male,Tanta,Electronics,Laptop,2,18000,0.1,Wallet,Delivered,2026-05-27 09:49:00,3.0,32400.0,32400.0,5.0,2026-05,1,0
14704,C1776,2026-01-03 23:05:00,57.0,Female,Tanta,Electronics,Laptop,1,18000,0.0,Bank Transfer,Pending,,,18000.0,18000.0,,2026-01,0,
11622,C1557,2026-05-04 21:55:00,69.0,Male,Aswan,Electronics,Smart Watch,4,2200,0.2,Wallet,Delivered,2026-05-07 21:55:00,4.0,7040.0,7040.0,3.0,2026-05,1,1
19309,C1786,2026-05-31 14:32:00,53.0,Male,Alexandria,Home,Coffee Maker,1,1800,0.15,Mastercard,Delivered,2026-06-04 14:32:00,2.0,1530.0,1530.0,4.0,2026-05,1,0
14893,C1851,2026-03-01 15:54:00,47.0,Female,Aswan,Electronics,Mouse,2,450,0.2,Cash,Delivered,2026-03-03 15:54:00,5.0,720.0,720.0,2.0,2026-03,1,1
10895,C0476,2026-04-10 01:07:00,27.0,Male,Giza,Beauty,Shampoo,3,250,0.0,Visa,Delivered,2026-04-16 01:07:00,5.0,750.0,750.0,6.0,2026-04,1,1
13970,C1445,2026-01-03 08:07:00,26.0,Male,Aswan,Fashion,T-Shirt,2,500,0.1,Mastercard,Delivered,2026-01-07 08:07:00,3.0,900.0,900.0,4.0,2026-01,1,0
19486,C1931,2026-02-22 08:15:00,68.0,Female,Cairo,Home,Bedsheet,3,700,0.05,Visa,Delivered,2026-02-28 08:15:00,4.0,1995.0,1995.0,6.0,2026-02,1,1
12026,C1320,2026-03-13 15:57:00,60.0,Male,Cairo,Electronics,Headphones,1,850,0.0,Wallet,Delivered,2026-03-19 15:57:00,5.0,850.0,850.0,6.0,2026-03,1,1
12827,C0612,2026-04-13 19:53:00,20.0,Female,Giza,Beauty,Hair Dryer,4,1300,0.0,Wallet,Delivered,2026-04-15 19:53:00,5.0,5200.0,5200.0,2.0,2026-04,1,1
15614,C1062,2026-03-31 01:57:00,44.0,Female,Giza,Electronics,Mouse,1,450,0.0,Wallet,Delivered,2026-04-07 01:57:00,5.0,450.0,450.0,7.0,2026-03,1,1
19458,C1640,2026-02-28 19:03:00,60.0,Female,Cairo,Beauty,Hair Dryer,2,1300,0.0,Wallet,Pending,,,2600.0,2600.0,,2026-02,0,
10869,C1297,2026-06-09 05:57:00,49.0,Male,Giza,Beauty,Perfume,1,1100,0.05,Mastercard,Delivered,2026-06-12 05:57:00,5.0,1045.0,1045.0,3.0,2026-06,1,1
15371,C1590,2026-03-23 15:12:00,50.0,Female,Giza,Home,Lamp,3,300,0.0,Bank Transfer,Delivered,2026-03-27 15:12:00,5.0,900.0,900.0,4.0,2026-03,1,1
12674,C0490,2026-06-08 18:10:00,46.0,Female,Alexandria,Fashion,T-Shirt,1,500,0.0,Cash,Delivered,2026-06-14 18:10:00,4.0,500.0,500.0,6.0,2026-06,1,1
10254,C0913,2026-06-07 20:12:00,38.0,Female,Cairo,Sports,Tennis Racket,1,1600,0.0,Visa,Delivered,2026-06-12 20:12:00,4.0,1600.0,1600.0,5.0,2026-06,1,1
11482,C1921,2026-05-11 07:27:00,60.0,Female,Giza,Fashion,Jacket,2,1200,0.1,Cash,Delivered,2026-05-16 07:27:00,4.0,2160.0,2160.0,5.0,2026-05,1,1
14609,C0727,2026-06-18 15:07:00,47.0,Male,Cairo,Sports,Football,1,650,0.1,Mastercard,Delivered,2026-06-23 15:07:00,5.0,585.0,585.0,5.0,2026-06,1,1
15839,C0231,2026-03-27 10:17:00,35.0,Female,Cairo,Sports,Yoga Mat,2,600,0.15,Visa,Delivered,2026-03-30 10:17:00,4.0,1020.0,1020.0,3.0,2026-03,1,1
19019,C0867,2026-06-02 07:25:00,36.0,Male,Giza,Home,Bedsheet,2,700,0.0,Visa,Delivered,2026-06-05 07:25:00,4.0,1400.0,1400.0,3.0,2026-06,1,1
15743,C0397,2026-04-06 22:28:00,35.0,Male,Cairo,Fashion,Bag,1,750,0.15,Mastercard,Delivered,2026-04-10 22:28:00,3.0,637.5,637.5,4.0,2026-04,1,0
18891,C0993,2026-05-15 17:26:00,40.0,Female,Giza,Electronics,Smart Watch,1,2200,0.0,Bank Transfer,Delivered,2026-05-19 17:26:00,2.0,2200.0,2200.0,4.0,2026-05,1,0
14724,C0595,2026-01-16 21:20:00,68.0,Female,Cairo,Electronics,Mouse,4,450,0.0,Bank Transfer,Delivered,2026-01-21 21:20:00,4.0,1800.0,1800.0,5.0,2026-01,1,1
16488,C0506,2026-04-07 04:24:00,60.0,Male,Alexandria,Fashion,Bag,3,750,0.05,Mastercard,Pending,,,2137.5,2137.5,,2026-04,0,
14492,C0500,2026-01-30 00:00:00,59.0,Female,Giza,Home,Blender,3,1200,0.0,Visa,Delivered,2026-02-03 11:40:00,5.0,3600.0,3600.0,4.486111111111111,2026-01,1,1
14040,C1224,2026-04-17 00:00:00,37.0,Female,Giza,Home,Blender,2,1200,0.0,Visa,Pending,,,2400.0,2400.0,,2026-04,0,
15341,C0086,2026-04-21 19:19:00,44.0,Female,Mansoura,Sports,Dumbbells,1,1400,0.05,Cash,Delivered,2026-04-22 19:19:00,5.0,1330.0,1330.0,1.0,2026-04,1,1
17581,C0087,2026-06-08 06:19:00,37.0,Female,Cairo,Fashion,Jacket,1,1200,0.05,Mastercard,Delivered,2026-06-14 06:19:00,3.0,1140.0,1140.0,6.0,2026-06,1,0
11493,C1024,2026-05-13 06:21:00,44.0,Female,Cairo,Sports,Tennis Racket,1,1600,0.1,Bank Transfer,Delivered,,3.0,1440.0,1440.0,,2026-05,1,0
16797,C1196,2026-01-11 03:11:00,68.0,Female,Alexandria,Fashion,Bag,1,750,0.0,Visa,Delivered,2026-01-13 03:11:00,3.0,750.0,750.0,2.0,2026-01,1,0
17778,C1498,2026-05-15 01:13:00,48.0,Male,Cairo,Beauty,Face Cream,4,450,0.0,Cash,Delivered,2026-05-18 01:13:00,4.0,1800.0,1800.0,3.0,2026-05,1,1
15849,C0956,2026-04-19 23:57:00,35.0,Female,Cairo,Sports,Football,1,650,0.0,Mastercard,Delivered,2026-04-22 23:57:00,4.0,650.0,650.0,3.0,2026-04,1,1
14093,C0680,2026-06-11 12:52:00,19.0,Female,Tanta,Electronics,Mouse,2,450,0.1,Bank Transfer,Delivered,2026-06-16 12:52:00,5.0,810.0,810.0,5.0,2026-06,1,1
12519,C1632,2026-05-10 12:10:00,42.0,Female,Giza,Electronics,Headphones,1,850,0.0,Mastercard,Delivered,2026-05-16 12:10:00,5.0,850.0,850.0,6.0,2026-05,1,1
17308,C1633,2026-01-28 23:17:00,32.0,Female,Alexandria,Fashion,Jeans,3,900,0.2,Mastercard,Delivered,2026-01-31 23:17:00,5.0,2160.0,2160.0,3.0,2026-01,1,1
17865,C0029,2026-03-20 22:33:00,50.0,Male,Cairo,Electronics,Laptop,1,18000,0.1,Bank Transfer,Pending,,,16200.0,16200.0,,2026-03,0,
19192,C0231,2026-01-13 00:00:00,34.0,Male,Alexandria,Fashion,Jeans,1,900,0.0,Cash,Delivered,2026-01-16 13:24:00,5.0,900.0,900.0,3.558333333333333,2026-01,1,1
12186,C0954,2026-01-28 03:40:00,47.0,Male,Tanta,Sports,Running Shoes,1,1800,0.05,Mastercard,Pending,,,1710.0,1710.0,,2026-01,0,
19727,C0354,2026-05-22 12:23:00,40.0,Male,Giza,Beauty,Perfume,1,1100,0.05,Bank Transfer,Delivered,2026-05-24 12:23:00,5.0,1045.0,1045.0,2.0,2026-05,1,1
11536,C0804,2026-05-13 06:05:00,39.0,Male,Giza,Home,Chair,3,2500,0.05,Cash,Delivered,2026-05-19 06:05:00,5.0,7125.0,7125.0,6.0,2026-05,1,1
11298,C0225,2026-03-09 05:22:00,62.0,Female,Tanta,Home,Blender,4,1200,0.05,Unknown,Delivered,2026-03-13 05:22:00,5.0,4560.0,4560.0,4.0,2026-03,1,1
13031,C1586,2026-06-03 16:49:00,63.0,Male,Aswan,Beauty,Shampoo,1,250,0.1,Wallet,Delivered,2026-06-07 16:49:00,5.0,225.0,225.0,4.0,2026-06,1,1
16729,C1838,2026-03-28 16:20:00,70.0,Male,Cairo,Beauty,Shampoo,1,250,0.1,Wallet,Cancelled,,,225.0,225.0,,2026-03,0,
12236,C0858,2026-01-03 01:04:00,37.0,Male,Giza,Electronics,Laptop,3,18000,0.1,Bank Transfer,Delivered,2026-01-07 01:04:00,5.0,48600.0,48600.0,4.0,2026-01,1,1
12656,C1730,2026-03-12 13:03:00,54.0,Female,Mansoura,Beauty,Hair Dryer,2,1300,0.1,Mastercard,Delivered,2026-03-16 13:03:00,4.0,2340.0,2340.0,4.0,2026-03,1,1
19498,C0155,2026-01-15 22:20:00,63.0,Female,Aswan,Beauty,Face Cream,2,450,0.0,Visa,Delivered,2026-01-19 22:20:00,5.0,900.0,900.0,4.0,2026-01,1,1
12807,C1600,2026-02-10 01:43:00,42.0,Male,Giza,Electronics,Smart Watch,1,2200,0.0,Visa,Delivered,2026-02-15 01:43:00,4.0,2200.0,2200.0,5.0,2026-02,1,1
18644,C0702,2026-06-08 03:39:00,61.0,Male,Giza,Electronics,Laptop,1,18000,0.0,Visa,Delivered,2026-06-09 03:39:00,5.0,18000.0,18000.0,1.0,2026-06,1,1
14429,C0739,2026-04-16 15:32:00,70.0,Female,Cairo,Beauty,Shampoo,2,250,0.0,Cash,Delivered,2026-04-20 15:32:00,4.0,500.0,500.0,4.0,2026-04,1,1
19825,C0702,2026-03-19 07:38:00,37.0,Male,Mansoura,Home,Coffee Maker,2,1800,0.1,Mastercard,Cancelled,,,3240.0,3240.0,,2026-03,0,
16201,C0032,2026-06-23 12:30:00,62.0,Female,Cairo,Home,Bedsheet,2,700,0.05,Cash,Delivered,2026-06-28 12:30:00,4.0,1330.0,1330.0,5.0,2026-06,1,1
16268,C1831,2026-02-26 12:06:00,68.0,Female,Alexandria,Home,Coffee Maker,2,1800,0.0,Wallet,Delivered,2026-03-02 12:06:00,3.0,3600.0,3600.0,4.0,2026-02,1,0
10556,C0031,2026-04-03 15:08:00,32.0,Male,Alexandria,Sports,Running Shoes,2,1800,0.0,Bank Transfer,Delivered,2026-04-07 15:08:00,5.0,3600.0,3600.0,4.0,2026-04,1,1
13347,C1521,2026-06-07 07:32:00,68.0,Male,Alexandria,Sports,Football,4,650,0.0,Mastercard,Delivered,2026-06-09 07:32:00,2.0,2600.0,2600.0,2.0,2026-06,1,0
17357,C0008,2026-05-16 05:07:00,34.0,Female,Cairo,Electronics,Keyboard,1,900,0.0,Bank Transfer,Delivered,2026-05-20 05:07:00,4.0,900.0,900.0,4.0,2026-05,1,1
13421,C0146,2026-01-02 13:43:00,37.0,Male,Mansoura,Fashion,T-Shirt,4,500,0.0,Bank Transfer,Delivered,2026-01-04 13:43:00,5.0,2000.0,2000.0,2.0,2026-01,1,1
19139,C0050,2026-06-07 15:46:00,24.0,Male,Giza,Fashion,Shoes,2,1500,0.0,Visa,Delivered,2026-06-13 15:46:00,4.0,3000.0,3000.0,6.0,2026-06,1,1
18623,C0615,2026-05-26 17:01:00,54.0,Male,Alexandria,Fashion,Jacket,1,1200,0.1,Bank Transfer,Delivered,2026-06-01 17:01:00,5.0,1080.0,1080.0,6.0,2026-05,1,1
13544,C1254,2026-04-01 19:56:00,21.0,Male,Mansoura,Home,Coffee Maker,2,1800,0.0,Cash,Delivered,2026-04-03 19:56:00,1.0,3600.0,3600.0,2.0,2026-04,1,0
11469,C1145,2026-03-05 17:20:00,58.0,Male,Giza,Sports,Running Shoes,2,1800,0.05,Visa,Cancelled,,,3420.0,3420.0,,2026-03,0,
12510,C0955,2026-04-03 21:55:00,59.0,Female,Cairo,Sports,Yoga Mat,1,600,0.0,Bank Transfer,Delivered,2026-04-05 21:55:00,5.0,600.0,600.0,2.0,2026-04,1,1
10649,C0821,2026-05-25 21:24:00,19.0,Female,Alexandria,Electronics,Smart Watch,2,2200,0.15,Bank Transfer,Delivered,2026-05-28 21:24:00,4.0,3740.0,3740.0,3.0,2026-05,1,1
15183,C0964,2026-06-22 16:39:00,52.0,Female,Giza,Electronics,Mouse,1,450,0.05,Unknown,Cancelled,,,427.5,427.5,,2026-06,0,
19360,C1358,2026-01-13 17:32:00,38.0,Female,Aswan,Sports,Dumbbells,1,1400,0.15,Wallet,Delivered,2026-01-17 17:32:00,5.0,1190.0,1190.0,4.0,2026-01,1,1
12767,C1789,2026-03-13 16:07:00,54.0,Male,Tanta,Home,Blender,3,1200,0.1,Visa,Cancelled,,,3240.0,3240.0,,2026-03,0,
18220,C0824,2026-03-06 01:38:00,29.0,Male,Cairo,Sports,Tennis Racket,1,1600,0.05,Wallet,Delivered,2026-03-08 01:38:00,4.0,1520.0,1520.0,2.0,2026-03,1,1
18171,C1249,2026-04-02 05:57:00,68.0,Female,Cairo,Home,Bedsheet,3,700,0.15,Bank Transfer,Pending,,,1785.0,1785.0,,2026-04,0,
17167,C0250,2026-05-12 00:00:00,64.0,Male,Cairo,Beauty,Face Cream,2,450,0.05,Bank Transfer,Delivered,2026-05-14 14:38:00,5.0,855.0,855.0,2.609722222222222,2026-05,1,1
19401,C1870,2026-01-20 02:07:00,19.0,Male,Cairo,Electronics,Mouse,2,450,0.05,Visa,Delivered,2026-01-22 02:07:00,4.0,855.0,855.0,2.0,2026-01,1,1
12782,C1721,2026-02-12 15:18:00,60.0,Female,Tanta,Beauty,Face Cream,2,450,0.15,Cash,Delivered,2026-02-13 15:18:00,3.0,765.0,765.0,1.0,2026-02,1,0
14426,C0655,2026-02-11 20:31:00,26.0,Male,Cairo,Home,Blender,2,1200,0.1,Visa,Delivered,2026-02-12 20:31:00,4.0,2160.0,2160.0,1.0,2026-02,1,1
13363,C1337,2026-05-28 06:56:00,58.0,Female,Alexandria,Home,Coffee Maker,2,1800,0.0,Visa,Cancelled,,,3600.0,3420.0,,2026-05,0,
19383,C1023,2026-05-30 16:17:00,32.0,Male,Tanta,Fashion,Shoes,1,1500,0.05,Wallet,Delivered,2026-05-31 16:17:00,4.0,1425.0,1425.0,1.0,2026-05,1,1
16757,C0937,2026-04-10 04:48:00,24.0,Male,Tanta,Electronics,Headphones,3,850,0.05,Bank Transfer,Delivered,2026-04-12 04:48:00,1.0,2422.5,2422.5,2.0,2026-04,1,0
11115,C1566,2026-02-08 14:12:00,33.0,Male,Alexandria,Sports,Yoga Mat,4,600,0.15,Bank Transfer,Delivered,2026-02-12 14:12:00,5.0,2040.0,2040.0,4.0,2026-02,1,1
12690,C0094,2026-02-18 13:30:00,62.0,Male,Alexandria,Beauty,Perfume,2,1100,0.1,Visa,Delivered,2026-02-23 13:30:00,5.0,1980.0,1980.0,5.0,2026-02,1,1
13950,C0832,2026-02-23 16:13:00,67.0,Female,Mansoura,Home,Lamp,4,300,0.15,Cash,Delivered,2026-02-28 16:13:00,4.0,1020.0,1020.0,5.0,2026-02,1,1
18642,C0382,2026-03-15 05:14:00,41.0,Male,Mansoura,Electronics,Laptop,2,18000,0.0,Mastercard,Pending,,,36000.0,36000.0,,2026-03,0,
17379,C0145,2026-03-23 03:56:00,65.0,Male,Mansoura,Home,Lamp,1,300,0.0,Wallet,Delivered,2026-03-28 03:56:00,5.0,300.0,300.0,5.0,2026-03,1,1
10472,C1958,2026-03-13 00:53:00,5.0,Female,Cairo,Home,Bedsheet,4,700,0.0,Visa,Delivered,2026-03-16 00:53:00,4.0,2800.0,2800.0,3.0,2026-03,1,1
17409,C1757,2026-03-18 23:21:00,39.0,Male,Giza,Sports,Dumbbells,2,1400,0.05,Bank Transfer,Delivered,2026-03-22 23:21:00,4.0,2660.0,2660.0,4.0,2026-03,1,1
13545,C1926,2026-04-17 17:59:00,52.0,Female,Alexandria,Fashion,Jacket,2,1200,0.0,Cash,Pending,,,2400.0,2400.0,,2026-04,0,
14308,C0717,2026-03-26 11:54:00,68.0,Male,Alexandria,Sports,Football,1,650,0.1,Cash,Delivered,2026-03-29 11:54:00,4.0,585.0,1048.0,3.0,2026-03,1,1
18068,C0960,2026-02-25 23:21:00,44.0,Female,Giza,Fashion,T-Shirt,3,500,0.05,Wallet,Pending,,,1425.0,1425.0,,2026-02,0,
18031,C0797,2026-02-05 05:48:00,18.0,Female,Cairo,Home,Coffee Maker,3,1800,0.1,Wallet,Delivered,2026-02-09 05:48:00,5.0,4860.0,5346.0,4.0,2026-02,1,1
10438,C0367,2026-03-23 00:00:00,62.0,Male,Cairo,Home,Coffee Maker,4,1800,0.05,Visa,Delivered,2026-03-28 01:09:00,4.0,6840.0,6840.0,5.047916666666667,2026-03,1,1
17936,C0643,2026-05-15 02:42:00,61.0,Female,Giza,Fashion,Jacket,2,1200,0.1,Mastercard,Delivered,2026-05-22 02:42:00,5.0,2160.0,2160.0,7.0,2026-05,1,1
19090,C1263,2026-06-05 02:35:00,65.0,Female,Alexandria,Fashion,T-Shirt,3,500,0.15,Visa,Delivered,2026-06-08 02:35:00,3.0,1275.0,1275.0,3.0,2026-06,1,0
18090,C0150,2026-02-14 07:48:00,51.0,Female,Cairo,Fashion,Shoes,1,1500,0.0,Cash,Delivered,2026-02-16 07:48:00,5.0,1500.0,1500.0,2.0,2026-02,1,1
19252,C0735,2026-06-11 18:40:00,25.0,Female,Mansoura,Sports,Football,2,650,0.15,Visa,Delivered,2026-06-14 18:40:00,3.0,1105.0,1105.0,3.0,2026-06,1,0
12572,C0346,2026-01-07 12:53:00,30.0,Male,Cairo,Fashion,Bag,1,750,0.15,Bank Transfer,Delivered,2026-01-13 12:53:00,4.0,637.5,637.5,6.0,2026-01,1,1
10618,C1640,2026-03-15 03:50:00,36.0,Female,Tanta,Home,Bedsheet,3,700,0.0,Mastercard,Delivered,2026-03-18 03:50:00,3.0,2100.0,2100.0,3.0,2026-03,1,0
11119,C1672,2026-06-23 20:22:00,49.0,Male,Giza,Beauty,Perfume,1,1100,0.0,Visa,Delivered,2026-06-27 20:22:00,4.0,1100.0,1100.0,4.0,2026-06,1,1
16402,C0798,2026-03-31 06:59:00,56.0,Male,Cairo,Electronics,Headphones,2,850,0.0,Visa,Delivered,2026-04-02 06:59:00,4.0,1700.0,1700.0,2.0,2026-03,1,1
18230,C0220,2026-01-25 06:22:00,60.0,Female,Giza,Beauty,Hair Dryer,2,1300,0.0,Mastercard,Delivered,2026-01-30 06:22:00,5.0,2600.0,2340.0,5.0,2026-01,1,1
15621,C0306,2026-03-28 07:12:00,23.0,Female,Alexandria,Electronics,Laptop,1,18000,0.05,Visa,Delivered,2026-04-01 07:12:00,5.0,17100.0,17100.0,4.0,2026-03,1,1
19481,C0340,2026-02-11 12:38:00,19.0,Male,Giza,Fashion,Jacket,1,1200,0.0,Cash,Delivered,2026-02-15 12:38:00,3.0,1200.0,1200.0,4.0,2026-02,1,0
17831,C0631,2026-05-17 00:50:00,34.0,Female,Giza,Beauty,Face Cream,2,450,0.0,Wallet,Delivered,2026-05-22 00:50:00,5.0,900.0,900.0,5.0,2026-05,1,1
10688,C1270,2026-02-02 11:14:00,35.0,Female,Giza,Sports,Yoga Mat,3,600,0.15,Bank Transfer,Delivered,2026-02-05 11:14:00,3.0,1530.0,1530.0,3.0,2026-02,1,0
12875,C0147,2026-01-26 11:37:00,33.0,Male,Tanta,Sports,Dumbbells,1,1400,0.0,Bank Transfer,Delivered,2026-02-02 11:37:00,4.0,1400.0,1400.0,7.0,2026-01,1,1
17345,C1285,2026-01-04 23:40:00,60.0,Male,Mansoura,Beauty,Shampoo,2,250,0.0,Cash,Delivered,2026-01-06 23:40:00,4.0,500.0,500.0,2.0,2026-01,1,1
18614,C1443,2026-01-21 08:07:00,46.0,Male,Mansoura,Electronics,Smart Watch,1,2200,0.05,Wallet,Delivered,2026-01-26 08:07:00,,2090.0,2090.0,5.0,2026-01,1,
19968,C0316,2026-05-19 01:31:00,70.0,Female,Mansoura,Electronics,Smart Watch,3,2200,0.05,Visa,Pending,,,6270.0,6270.0,,2026-05,0,
19414,C1079,2026-03-27 06:52:00,41.0,Female,Giza,Sports,Running Shoes,2,1800,0.05,Bank Transfer,Delivered,2026-03-28 06:52:00,5.0,3420.0,3420.0,1.0,2026-03,1,1
19553,C0324,2026-06-28 00:00:00,40.0,Male,Cairo,Sports,Running Shoes,2,1800,0.0,Bank Transfer,Pending,,,3600.0,3600.0,,2026-06,0,
13532,C0261,2026-01-17 23:07:00,47.0,Male,Cairo,Sports,Dumbbells,1,1400,0.0,Wallet,Delivered,2026-01-21 23:07:00,5.0,1400.0,1400.0,4.0,2026-01,1,1
11014,C1819,2026-05-15 11:41:00,46.0,Female,Giza,Electronics,Smart Watch,1,2200,0.0,Visa,Delivered,2026-05-20 11:41:00,5.0,2200.0,2200.0,5.0,2026-05,1,1
16799,C0909,2026-05-04 01:19:00,64.0,Male,Aswan,Beauty,Hair Dryer,4,1300,0.0,Mastercard,Delivered,2026-05-08 01:19:00,4.0,5200.0,5200.0,4.0,2026-05,1,1
18340,C0971,2026-03-06 00:11:00,27.0,Female,Alexandria,Home,Lamp,2,300,0.2,Visa,Delivered,2026-03-07 00:11:00,4.0,480.0,480.0,1.0,2026-03,1,1
11072,C1178,2026-04-12 03:40:00,62.0,Female,Cairo,Beauty,Makeup Kit,3,900,0.0,Cash,Pending,,,2700.0,2700.0,,2026-04,0,
12504,C1977,2026-02-15 07:43:00,56.0,Male,Giza,Electronics,Smart Watch,2,2200,0.0,Wallet,Delivered,2026-02-16 07:43:00,4.0,4400.0,4400.0,1.0,2026-02,1,1
16989,C1615,2026-04-24 16:51:00,30.0,Male,Mansoura,Fashion,Jacket,3,1200,0.0,Wallet,Cancelled,,,3600.0,3600.0,,2026-04,0,
12559,C0945,2026-01-24 00:00:00,34.0,Male,Cairo,Beauty,Face Cream,2,450,0.0,Visa,Delivered,2026-01-28 03:42:00,4.0,900.0,900.0,4.154166666666667,2026-01,1,1
16386,C1390,2026-02-17 00:00:00,41.0,Male,Mansoura,Beauty,Face Cream,1,450,0.0,Bank Transfer,Delivered,2026-02-21 16:25:00,3.0,450.0,427.5,4.684027777777778,2026-02,1,0
13356,C0819,2026-01-21 14:55:00,51.0,Female,Tanta,Beauty,Hair Dryer,2,1300,0.0,Wallet,Delivered,2026-01-23 14:55:00,1.0,2600.0,2600.0,2.0,2026-01,1,0
13018,C1603,2026-05-04 09:04:00,60.0,Female,Giza,Home,Coffee Maker,1,1800,0.0,Wallet,Cancelled,,,1800.0,1800.0,,2026-05,0,
16625,C0011,,37.0,Female,Mansoura,Beauty,Perfume,1,1100,0.1,Bank Transfer,Pending,,,990.0,990.0,,,0,
15096,C0883,2026-01-12 20:33:00,25.0,Male,Mansoura,Electronics,Headphones,1,850,0.0,Wallet,Delivered,2026-01-14 20:33:00,5.0,850.0,850.0,2.0,2026-01,1,1
15934,C1529,2026-02-25 18:12:00,48.0,Female,Cairo,Sports,Tennis Racket,1,1600,0.1,Mastercard,Delivered,2026-03-01 18:12:00,5.0,1440.0,1440.0,4.0,2026-02,1,1
14384,C0575,2026-06-26 01:53:00,46.0,Male,Alexandria,Fashion,T-Shirt,1,500,0.15,Mastercard,Delivered,2026-07-02 01:53:00,2.0,425.0,593.0,6.0,2026-06,1,0
14317,C1178,2026-01-23 16:21:00,37.0,Male,Alexandria,Electronics,Keyboard,2,900,0.0,Bank Transfer,Cancelled,,,1800.0,1800.0,,2026-01,0,
19692,C0433,2026-03-28 00:13:00,36.0,Male,Cairo,Fashion,Jacket,1,1200,0.2,Cash,Pending,,,960.0,960.0,,2026-03,0,
12098,C0514,2026-03-02 03:51:00,58.0,Male,Mansoura,Sports,Tennis Racket,1,1600,0.0,Cash,Delivered,2026-03-03 03:51:00,4.0,1600.0,1600.0,1.0,2026-03,1,1
10477,C0002,2026-01-10 17:16:00,54.0,Male,Mansoura,Fashion,Jeans,2,900,0.1,Bank Transfer,Delivered,2026-01-15 17:16:00,3.0,1620.0,1620.0,5.0,2026-01,1,0
17976,C0970,2026-05-12 11:04:00,40.0,Female,Cairo,Beauty,Makeup Kit,4,900,0.0,Wallet,Delivered,2026-05-18 11:04:00,4.0,3600.0,3600.0,6.0,2026-05,1,1
17499,C1887,2026-03-02 00:57:00,44.0,Male,Mansoura,Sports,Dumbbells,1,1400,0.05,Wallet,Delivered,2026-03-06 00:57:00,4.0,1330.0,1330.0,4.0,2026-03,1,1
16111,C0766,2026-06-14 13:57:00,44.0,Male,Cairo,Sports,Running Shoes,1,1800,0.1,Wallet,Cancelled,,,1620.0,1620.0,,2026-06,0,
15533,C0826,2026-06-21 14:31:00,56.0,Male,Cairo,Sports,Yoga Mat,2,600,0.15,Mastercard,Delivered,2026-06-23 14:31:00,4.0,1020.0,1020.0,2.0,2026-06,1,1
11968,C1359,2026-06-06 17:48:00,63.0,Male,Cairo,Fashion,Jacket,2,1200,0.05,Bank Transfer,Delivered,2026-06-09 17:48:00,4.0,2280.0,2280.0,3.0,2026-06,1,1
17874,C1463,2026-06-26 12:07:00,28.0,Female,Aswan,Fashion,Jeans,1,900,0.05,Bank Transfer,Delivered,2026-06-29 12:07:00,3.0,855.0,855.0,3.0,2026-06,1,0
15243,C1090,2026-01-18 14:15:00,29.0,Male,Aswan,Sports,Running Shoes,2,1800,0.0,Cash,Delivered,2026-01-22 14:15:00,5.0,3600.0,3600.0,4.0,2026-01,1,1
18653,C0171,2026-05-06 20:39:00,40.0,Female,Giza,Fashion,Jacket,1,1200,0.1,Wallet,Delivered,2026-05-08 20:39:00,2.0,1080.0,1080.0,2.0,2026-05,1,0
13084,C1247,2026-04-14 05:19:00,56.0,Female,Mansoura,Sports,Running Shoes,4,1800,0.0,Bank Transfer,Delivered,2026-04-17 05:19:00,5.0,7200.0,7200.0,3.0,2026-04,1,1
12311,C1253,2026-03-13 18:25:00,21.0,Female,Giza,Home,Chair,3,2500,0.0,Mastercard,Delivered,2026-03-17 18:25:00,3.0,7500.0,7500.0,4.0,2026-03,1,0
16202,C0738,2026-06-26 00:58:00,21.0,Female,Tanta,Beauty,Perfume,2,1100,0.05,Cash,Delivered,2026-07-01 00:58:00,5.0,2090.0,2090.0,5.0,2026-06,1,1
19411,C1022,2026-01-13 04:33:00,36.0,Female,Cairo,Home,Coffee Maker,3,1800,0.0,Bank Transfer,Delivered,2026-01-17 04:33:00,5.0,5400.0,5400.0,4.0,2026-01,1,1
13846,C0784,2026-01-24 23:29:00,27.0,Female,Cairo,Electronics,Keyboard,3,900,0.15,Bank Transfer,Delivered,2026-01-31 23:29:00,2.0,2295.0,2295.0,7.0,2026-01,1,0
15896,C0866,2026-04-03 22:04:00,67.0,Male,Mansoura,Fashion,Shoes,1,1500,0.0,Wallet,Delivered,2026-04-04 22:04:00,5.0,1500.0,1500.0,1.0,2026-04,1,1
12031,C0504,2026-02-15 10:08:00,24.0,Female,Alexandria,Beauty,Face Cream,1,450,0.15,Wallet,Delivered,2026-02-18 10:08:00,2.0,382.5,382.5,3.0,2026-02,1,0
14085,C0554,2026-05-11 06:38:00,69.0,Female,Cairo,Electronics,Keyboard,1,900,0.0,Wallet,Delivered,2026-05-15 06:38:00,3.0,900.0,900.0,4.0,2026-05,1,0
17707,C0323,2026-01-01 00:51:00,63.0,Male,Cairo,Home,Bedsheet,1,700,0.0,Visa,Delivered,2026-01-04 00:51:00,4.0,700.0,700.0,3.0,2026-01,1,1
10772,C0018,2026-02-13 02:25:00,56.0,Female,Alexandria,Beauty,Shampoo,1,250,0.05,Bank Transfer,Delivered,2026-02-17 02:25:00,5.0,237.5,237.5,4.0,2026-02,1,1
18054,C1569,2026-03-01 11:02:00,47.0,Male,Aswan,Fashion,Jacket,1,1200,0.0,Cash,Delivered,2026-03-06 11:02:00,4.0,1200.0,1200.0,5.0,2026-03,1,1
14257,C0659,2026-03-13 13:25:00,65.0,Female,Alexandria,Sports,Tennis Racket,1,1600,0.15,Cash,Delivered,2026-03-15 13:25:00,3.0,1360.0,1360.0,2.0,2026-03,1,0
16369,C0612,2026-01-04 12:58:00,20.0,Female,Giza,Fashion,Shoes,1,1500,0.1,Visa,Delivered,2026-01-06 12:58:00,5.0,1350.0,1350.0,2.0,2026-01,1,1
17608,C0579,2026-04-14 12:39:00,57.0,Male,Cairo,Electronics,Laptop,2,18000,0.1,Wallet,Delivered,2026-04-18 12:39:00,4.0,32400.0,32400.0,4.0,2026-04,1,1
11478,C1617,2026-05-06 04:57:00,56.0,Female,Giza,Sports,Tennis Racket,2,1600,0.1,Bank Transfer,Cancelled,,,2880.0,2880.0,,2026-05,0,
11887,C1997,2026-05-31 00:00:00,54.0,Male,Cairo,Electronics,Headphones,2,850,0.15,Bank Transfer,Delivered,2026-06-02 19:03:00,4.0,1445.0,1445.0,2.79375,2026-05,1,1
17045,C1361,2026-06-21 06:58:00,49.0,Male,Alexandria,Beauty,Perfume,1,1100,0.15,Bank Transfer,Delivered,2026-06-24 06:58:00,3.0,935.0,935.0,3.0,2026-06,1,0
17051,C0475,2026-01-13 04:09:00,26.0,Female,Giza,Electronics,Smart Watch,3,2200,0.05,Bank Transfer,Delivered,2026-01-15 04:09:00,5.0,6270.0,6270.0,2.0,2026-01,1,1
18548,C1688,2026-04-30 06:17:00,19.0,Male,Alexandria,Home,Blender,1,1200,0.0,Visa,Cancelled,,,1200.0,1200.0,,2026-04,0,
18658,C1980,2026-02-07 00:00:00,48.0,Male,Cairo,Sports,Tennis Racket,2,1600,0.1,Bank Transfer,Delivered,2026-02-10 05:33:00,4.0,2880.0,2880.0,3.23125,2026-02,1,1
16167,C0662,2026-05-07 03:11:00,26.0,Male,Cairo,Beauty,Perfume,1,1100,0.2,Cash,Delivered,2026-05-08 03:11:00,5.0,880.0,880.0,1.0,2026-05,1,1
10787,C0208,2026-04-05 06:29:00,60.0,Male,Mansoura,Electronics,Smart Watch,2,2200,0.0,Wallet,Pending,,,4400.0,4400.0,,2026-04,0,
10590,C1740,2026-02-15 21:22:00,47.0,Female,Cairo,Home,Lamp,2,300,0.0,Visa,Delivered,2026-02-22 21:22:00,4.0,600.0,600.0,7.0,2026-02,1,1
14620,C0684,2026-05-09 18:53:00,41.0,Male,Giza,Beauty,Hair Dryer,2,1300,0.1,Visa,Delivered,2026-05-12 18:53:00,4.0,2340.0,2340.0,3.0,2026-05,1,1
12531,C0901,2026-02-09 00:00:00,50.0,Female,Cairo,Beauty,Shampoo,3,250,0.1,Bank Transfer,Delivered,2026-02-12 18:17:00,5.0,675.0,675.0,3.7618055555555556,2026-02,1,1
12002,C1583,2026-06-01 06:58:00,51.0,Male,Mansoura,Fashion,Bag,1,750,0.2,Cash,Delivered,2026-06-05 06:58:00,5.0,600.0,600.0,4.0,2026-06,1,1
18475,C1890,2026-03-05 16:38:00,40.0,Male,Cairo,Beauty,Shampoo,2,250,0.0,Wallet,Pending,,,500.0,500.0,,2026-03,0,
13840,C1603,2026-04-27 13:13:00,20.0,Male,Giza,Fashion,Jeans,2,900,0.0,Wallet,Delivered,2026-05-04 13:13:00,4.0,1800.0,1800.0,7.0,2026-04,1,1
16454,C0153,2026-01-12 15:36:00,35.0,Male,Giza,Home,Chair,3,2500,0.1,Bank Transfer,Pending,,,6750.0,6750.0,,2026-01,0,
19706,C1094,2026-03-14 19:03:00,37.0,Female,Giza,Electronics,Laptop,2,18000,0.05,Bank Transfer,Delivered,2026-03-18 19:03:00,5.0,34200.0,34200.0,4.0,2026-03,1,1
13502,C1218,2026-01-04 15:11:00,34.0,Male,Mansoura,Fashion,Shoes,4,1500,0.1,Visa,Pending,,,5400.0,5400.0,,2026-01,0,
10642,C1905,2026-05-20 12:09:00,24.0,Male,Cairo,Beauty,Face Cream,2,450,0.05,Wallet,Delivered,2026-05-21 12:09:00,3.0,855.0,855.0,1.0,2026-05,1,0
11534,C0113,2026-06-15 07:09:00,42.0,Female,Giza,Beauty,Shampoo,1,250,0.0,Wallet,Delivered,2026-06-16 07:09:00,5.0,250.0,250.0,1.0,2026-06,1,1
19612,C1408,2026-03-28 11:25:00,24.0,Female,Cairo,Sports,Yoga Mat,2,600,0.1,Wallet,Delivered,2026-04-04 11:25:00,5.0,1080.0,2000.0,7.0,2026-03,1,1
13674,C0376,2026-04-12 18:13:00,45.0,Female,Alexandria,Sports,Football,1,650,0.2,Visa,Delivered,2026-04-19 18:13:00,3.0,520.0,520.0,7.0,2026-04,1,0
10567,C0671,2026-03-14 13:48:00,54.0,Male,Alexandria,Home,Chair,3,2500,0.2,Cash,Delivered,2026-03-16 13:48:00,5.0,6000.0,6000.0,2.0,2026-03,1,1
19425,C1502,2026-03-21 08:14:00,56.0,Female,Giza,Home,Bedsheet,2,700,0.1,Cash,Delivered,2026-03-23 08:14:00,3.0,1260.0,1260.0,2.0,2026-03,1,0
14015,C1064,2026-04-12 16:45:00,38.0,Male,Mansoura,Electronics,Smart Watch,3,2200,0.1,Cash,Pending,,,5940.0,5940.0,,2026-04,0,
10887,C0981,2026-05-17 22:47:00,55.0,Male,Cairo,Beauty,Face Cream,2,450,0.1,Visa,Delivered,2026-05-20 22:47:00,3.0,810.0,810.0,3.0,2026-05,1,0
18673,C0991,2026-04-19 14:51:00,56.0,Male,Giza,Beauty,Hair Dryer,2,1300,0.15,Mastercard,Pending,,,2210.0,2210.0,,2026-04,0,
12698,C1847,2026-04-24 22:04:00,64.0,Male,Cairo,Sports,Football,1,650,0.15,Visa,Pending,,,552.5,552.5,,2026-04,0,
10102,C1551,2026-04-30 16:03:00,46.0,Male,Cairo,Beauty,Shampoo,1,250,0.15,Mastercard,Cancelled,,,212.5,212.5,,2026-04,0,
15902,C1160,2026-05-29 00:00:00,68.0,Female,Cairo,Beauty,Hair Dryer,1,1300,0.0,Visa,Cancelled,,,1300.0,1300.0,,2026-05,0,
19186,C0919,2026-06-22 16:46:00,44.0,Male,Cairo,Fashion,Bag,1,750,0.2,Mastercard,Delivered,2026-06-27 16:46:00,4.0,600.0,600.0,5.0,2026-06,1,1
17732,C0461,2026-06-04 23:27:00,20.0,Male,Alexandria,Beauty,Perfume,1,1100,0.1,Visa,Delivered,2026-06-08 23:27:00,3.0,990.0,990.0,4.0,2026-06,1,0
18092,C0753,2026-04-19 06:21:00,21.0,Male,Giza,Sports,Dumbbells,1,1400,0.0,Mastercard,Cancelled,,,1400.0,1400.0,,2026-04,0,
11278,C1047,2026-02-13 19:45:00,36.0,Male,Giza,Beauty,Hair Dryer,1,1300,0.05,Wallet,Delivered,2026-02-17 19:45:00,5.0,1235.0,1235.0,4.0,2026-02,1,1
15446,C1474,2026-05-27 03:13:00,24.0,Female,Cairo,Home,Lamp,3,300,0.05,Visa,Delivered,2026-05-29 03:13:00,4.0,855.0,855.0,2.0,2026-05,1,1
17784,C1797,2026-05-30 08:28:00,66.0,Female,Giza,Electronics,Laptop,1,18000,0.15,Visa,Delivered,2026-06-01 08:28:00,4.0,15300.0,15300.0,2.0,2026-05,1,1
10381,C1152,2026-05-22 04:47:00,32.0,Female,Cairo,Fashion,T-Shirt,1,500,0.0,Wallet,Delivered,2026-05-24 04:47:00,5.0,500.0,500.0,2.0,2026-05,1,1
10866,C1183,2026-05-01 19:25:00,60.0,Male,Cairo,Electronics,Laptop,2,18000,0.0,Visa,Delivered,2026-05-03 19:25:00,4.0,36000.0,36000.0,2.0,2026-05,1,1
12425,C0486,2026-04-15 13:53:00,57.0,Male,Giza,Beauty,Shampoo,2,250,0.1,Visa,Delivered,2026-04-19 13:53:00,1.0,450.0,450.0,4.0,2026-04,1,0
19299,C1711,2026-03-07 12:30:00,67.0,Female,Tanta,Sports,Tennis Racket,2,1600,0.2,Wallet,Delivered,2026-03-13 12:30:00,5.0,2560.0,2560.0,6.0,2026-03,1,1
17993,C1479,2026-02-09 05:43:00,57.0,Male,Mansoura,Fashion,Shoes,1,1500,0.0,Cash,Delivered,2026-02-13 05:43:00,3.0,1500.0,1500.0,4.0,2026-02,1,0
12507,C0662,2026-03-02 11:11:00,43.0,Male,Cairo,Home,Coffee Maker,1,1800,0.15,Wallet,Pending,,,1530.0,1530.0,,2026-03,0,
11756,C1935,2026-04-15 13:22:00,25.0,Male,Cairo,Beauty,Hair Dryer,3,1300,0.1,Mastercard,Delivered,2026-04-20 13:22:00,4.0,3510.0,3510.0,5.0,2026-04,1,1
16764,C1638,2026-05-11 14:02:00,30.0,Female,Tanta,Sports,Yoga Mat,4,600,0.1,Unknown,Delivered,2026-05-16 14:02:00,5.0,2160.0,2160.0,5.0,2026-05,1,1
19424,C1467,2026-06-18 17:29:00,38.0,Female,Cairo,Electronics,Smart Watch,2,2200,0.0,Visa,Delivered,2026-06-21 17:29:00,2.0,4400.0,4400.0,3.0,2026-06,1,0
11535,C0145,2026-02-22 17:14:00,36.0,Male,Giza,Home,Bedsheet,4,700,0.1,Visa,Delivered,2026-02-24 17:14:00,3.0,2520.0,2520.0,2.0,2026-02,1,0
18977,C0065,2026-04-04 00:00:00,21.0,Male,Cairo,Fashion,Jeans,1,900,0.0,Bank Transfer,Cancelled,,,900.0,900.0,,2026-04,0,
15482,C0954,2026-06-21 04:04:00,54.0,Female,Cairo,Beauty,Makeup Kit,1,900,0.1,Wallet,Pending,,,810.0,810.0,,2026-06,0,
11633,C1004,2026-05-26 06:43:00,50.0,Male,Giza,Beauty,Shampoo,4,250,0.05,Cash,Delivered,2026-05-28 06:43:00,4.0,950.0,950.0,2.0,2026-05,1,1
12408,C1698,2026-06-29 06:16:00,39.0,Female,Giza,Sports,Dumbbells,1,1400,0.15,Cash,Cancelled,,,1190.0,1190.0,,2026-06,0,
11748,C1825,2026-06-10 13:37:00,55.0,Male,Cairo,Beauty,Shampoo,1,250,0.05,Visa,Pending,,,237.5,237.5,,2026-06,0,
14625,C0849,2026-02-24 07:36:00,41.0,Male,Cairo,Sports,Dumbbells,3,1400,0.1,Bank Transfer,Delivered,2026-03-01 07:36:00,4.0,3780.0,3780.0,5.0,2026-02,1,1
14315,C0098,2026-05-25 20:47:00,44.0,Male,Giza,Beauty,Makeup Kit,1,900,0.0,Visa,Pending,,,900.0,900.0,,2026-05,0,
13619,C1994,2026-05-30 14:54:00,28.0,Female,Tanta,Beauty,Hair Dryer,2,1300,0.05,Mastercard,Pending,,,2470.0,2470.0,,2026-05,0,
14197,C0508,2026-02-05 00:00:00,59.0,Male,Cairo,Beauty,Hair Dryer,1,1300,0.0,Cash,Delivered,2026-02-12 09:19:00,5.0,1300.0,1300.0,7.388194444444444,2026-02,1,1
13403,C0382,2026-01-30 02:15:00,51.0,Male,Alexandria,Home,Coffee Maker,1,1800,0.15,Bank Transfer,Delivered,2026-02-02 02:15:00,4.0,1530.0,1530.0,3.0,2026-01,1,1
11037,C1097,2026-03-13 06:39:00,20.0,Female,Aswan,Fashion,T-Shirt,1,500,0.0,Cash,Delivered,2026-03-17 06:39:00,5.0,500.0,500.0,4.0,2026-03,1,1
12004,C0684,2026-04-24 22:37:00,37.0,Female,Cairo,Fashion,T-Shirt,2,500,0.15,Wallet,Delivered,2026-04-26 22:37:00,2.0,850.0,850.0,2.0,2026-04,1,0
15115,C0413,2026-06-09 04:33:00,63.0,Female,Giza,Home,Blender,2,1200,0.05,Wallet,Delivered,2026-06-13 04:33:00,5.0,2280.0,2280.0,4.0,2026-06,1,1
13689,C0201,2026-04-16 22:03:00,47.0,Male,Cairo,Sports,Tennis Racket,2,1600,0.15,Bank Transfer,Delivered,2026-04-20 22:03:00,5.0,2720.0,2720.0,4.0,2026-04,1,1
10697,C0281,2026-03-13 04:04:00,58.0,Female,Giza,Fashion,Jeans,3,900,0.05,Visa,Delivered,2026-03-17 04:04:00,4.0,2565.0,2565.0,4.0,2026-03,1,1
19454,C1357,2026-06-17 11:15:00,31.0,Male,Mansoura,Beauty,Face Cream,1,450,0.0,Unknown,Pending,,,450.0,450.0,,2026-06,0,
13406,C0185,2026-04-25 13:00:00,56.0,Female,Giza,Fashion,Bag,1,750,0.05,Visa,Delivered,2026-04-29 13:00:00,4.0,712.5,712.5,4.0,2026-04,1,1
15113,C1957,2026-02-14 12:37:00,63.0,Female,Cairo,Sports,Dumbbells,1,1400,0.1,Cash,Delivered,2026-02-18 12:37:00,2.0,1260.0,1260.0,4.0,2026-02,1,0
14225,C1229,2026-06-05 21:56:00,36.0,Female,Giza,Sports,Dumbbells,1,1400,0.15,Visa,Pending,,,1190.0,1190.0,,2026-06,0,
16350,C1528,2026-02-15 23:16:00,33.0,Male,Cairo,Electronics,Smart Watch,4,2200,0.0,Visa,Delivered,2026-02-20 23:16:00,5.0,8800.0,8800.0,5.0,2026-02,1,1
18585,C1584,2026-05-14 10:36:00,56.0,Female,Alexandria,Fashion,Shoes,1,1500,0.0,Mastercard,Pending,,,1500.0,1500.0,,2026-05,0,
11276,C0602,2026-03-05 07:21:00,69.0,Female,Giza,Fashion,Jeans,1,900,0.05,Visa,Cancelled,,,855.0,855.0,,2026-03,0,
17199,C1361,2026-05-29 02:26:00,49.0,Male,Alexandria,Fashion,Jeans,1,900,0.0,Mastercard,Delivered,2026-06-03 02:26:00,3.0,900.0,900.0,5.0,2026-05,1,0
10593,C1537,2026-02-20 04:12:00,36.0,Male,Alexandria,Sports,Tennis Racket,1,1600,0.1,Bank Transfer,Delivered,2026-02-23 04:12:00,2.0,1440.0,1440.0,3.0,2026-02,1,0
14281,C0782,2026-04-13 07:45:00,61.0,Female,Cairo,Electronics,Headphones,1,850,0.0,Visa,Delivered,2026-04-16 07:45:00,2.0,850.0,850.0,3.0,2026-04,1,0
14789,C1516,2026-03-24 00:32:00,28.0,Male,Cairo,Sports,Running Shoes,1,1800,0.0,Cash,Delivered,2026-03-31 00:32:00,3.0,1800.0,1800.0,7.0,2026-03,1,0
17978,C0352,2026-04-30 09:35:00,42.0,Female,Aswan,Beauty,Makeup Kit,1,900,0.0,Cash,Delivered,2026-05-03 09:35:00,1.0,900.0,900.0,3.0,2026-04,1,0
16646,C0879,2026-06-15 15:48:00,41.0,Male,Alexandria,Home,Coffee Maker,1,1800,0.15,Bank Transfer,Delivered,2026-06-20 15:48:00,4.0,1530.0,1530.0,5.0,2026-06,1,1
16366,C0563,2026-05-06 13:07:00,46.0,Female,Cairo,Home,Bedsheet,4,700,0.15,Wallet,Delivered,2026-05-11 13:07:00,4.0,2380.0,2380.0,5.0,2026-05,1,1
11851,C1822,2026-06-12 17:18:00,63.0,Female,Tanta,Home,Coffee Maker,1,1800,0.15,Visa,Delivered,2026-06-14 17:18:00,5.0,1530.0,1530.0,2.0,2026-06,1,1
18621,C1509,2026-02-14 02:36:00,18.0,Female,Cairo,Sports,Football,1,650,0.05,Cash,Pending,,,617.5,617.5,,2026-02,0,
15103,C1574,2026-04-05 00:46:00,60.0,Female,Mansoura,Electronics,Smart Watch,4,2200,0.05,Visa,Pending,,,8360.0,8360.0,,2026-04,0,
19455,C0754,2026-01-02 11:36:00,63.0,Male,Cairo,Home,Blender,1,1200,0.2,Visa,Cancelled,,,960.0,1438.0,,2026-01,0,
17213,C1193,2026-04-27 06:44:00,50.0,Male,Cairo,Home,Chair,3,2500,0.0,Cash,Delivered,2026-04-29 06:44:00,3.0,7500.0,7500.0,2.0,2026-04,1,0
16956,C0519,2026-06-17 12:13:00,20.0,Male,Aswan,Electronics,Mouse,3,450,0.1,Visa,Delivered,2026-06-19 12:13:00,1.0,1215.0,1215.0,2.0,2026-06,1,0
19677,C0684,2026-02-18 10:09:00,56.0,Female,Alexandria,Home,Coffee Maker,2,1800,0.0,Wallet,Delivered,2026-02-22 10:09:00,3.0,3600.0,3600.0,4.0,2026-02,1,0
14573,C0712,2026-03-19 19:56:00,52.0,Female,Cairo,Home,Bedsheet,2,700,0.0,Cash,Pending,,,1400.0,1400.0,,2026-03,0,
19922,C0271,2026-05-26 02:59:00,27.0,Female,Alexandria,Fashion,Bag,2,750,0.2,Visa,Cancelled,,,1200.0,1200.0,,2026-05,0,
15591,C0268,2026-05-01 02:15:00,21.0,Male,Cairo,Electronics,Laptop,1,18000,0.0,Bank Transfer,Cancelled,,,18000.0,18000.0,,2026-05,0,
14990,C1698,2026-01-06 02:31:00,59.0,Female,Cairo,Beauty,Perfume,1,1100,0.05,Mastercard,Delivered,2026-01-09 02:31:00,5.0,1045.0,1045.0,3.0,2026-01,1,1
15496,C1301,2026-05-20 16:38:00,64.0,Female,Cairo,Fashion,Jacket,1,1200,0.1,Cash,Pending,,,1080.0,1080.0,,2026-05,0,
12475,C0761,2026-04-11 12:43:00,40.0,Female,Cairo,Fashion,Bag,1,750,0.0,Visa,Cancelled,,,750.0,750.0,,2026-04,0,
10809,C1292,2026-06-10 23:06:00,34.0,Female,Cairo,Fashion,Bag,4,750,0.15,Visa,Delivered,2026-06-12 23:06:00,3.0,2550.0,2550.0,2.0,2026-06,1,0
10358,C0276,,50.0,Female,Cairo,Beauty,Face Cream,1,450,0.0,Cash,Delivered,2026-03-25 21:35:00,3.0,450.0,450.0,,,1,0
11726,C1939,2026-02-01 18:23:00,41.0,Male,Alexandria,Sports,Dumbbells,1,1400,0.05,Mastercard,Cancelled,,,1330.0,1330.0,,2026-02,0,
19412,C1981,2026-05-02 20:47:00,18.0,Female,Giza,Home,Chair,2,2500,0.0,Wallet,Delivered,2026-04-28 20:47:00,5.0,5000.0,5000.0,-4.0,2026-05,1,1
10792,C0514,2026-03-29 01:56:00,31.0,Male,Mansoura,Electronics,Smart Watch,1,2200,0.05,Mastercard,Cancelled,,,2090.0,2090.0,,2026-03,0,
19037,C1493,2026-01-30 12:26:00,30.0,Female,Cairo,Home,Blender,4,1200,0.05,Mastercard,Cancelled,,,4560.0,4560.0,,2026-01,0,
18769,C1590,2026-04-19 13:15:00,39.0,Female,Cairo,Sports,Football,1,650,0.0,Cash,Delivered,2026-04-22 13:15:00,5.0,650.0,650.0,3.0,2026-04,1,1
14171,C0132,2026-02-17 10:28:00,62.0,Female,Cairo,Fashion,Shoes,2,1500,0.1,Cash,Delivered,2026-02-21 10:28:00,2.0,2700.0,2700.0,4.0,2026-02,1,0
19715,C1792,2026-05-25 00:41:00,40.0,Male,Cairo,Fashion,Jacket,2,1200,0.1,Cash,Delivered,2026-05-29 00:41:00,4.0,2160.0,2160.0,4.0,2026-05,1,1
13476,C1307,2026-04-21 07:27:00,44.0,Female,Giza,Home,Lamp,2,300,0.0,Visa,Delivered,2026-04-24 07:27:00,4.0,600.0,600.0,3.0,2026-04,1,1
12332,C0776,2026-01-28 19:21:00,66.0,Male,Mansoura,Electronics,Laptop,3,18000,0.1,Bank Transfer,Delivered,2026-02-03 19:21:00,5.0,48600.0,48600.0,6.0,2026-01,1,1
15685,C0024,2026-04-27 05:20:00,18.0,Male,Cairo,Electronics,Mouse,3,450,0.05,Visa,Delivered,2026-04-30 05:20:00,4.0,1282.5,1282.5,3.0,2026-04,1,1
13504,C0484,2026-05-11 15:13:00,27.0,Male,Alexandria,Sports,Dumbbells,1,1400,0.1,Cash,Delivered,2026-05-13 15:13:00,4.0,1260.0,1260.0,2.0,2026-05,1,1
12793,C0913,2026-04-17 23:01:00,42.0,Female,Giza,Sports,Tennis Racket,4,1600,0.0,Mastercard,Delivered,2026-04-19 23:01:00,1.0,6400.0,6400.0,2.0,2026-04,1,0
15017,C1841,2026-03-18 19:48:00,5.0,Female,Cairo,Home,Lamp,1,300,0.0,Cash,Cancelled,,,300.0,300.0,,2026-03,0,
19293,C0889,2026-01-18 00:12:00,50.0,Female,Mansoura,Electronics,Mouse,2,450,0.1,Bank Transfer,Pending,,,810.0,810.0,,2026-01,0,
13778,C0492,2026-01-21 19:56:00,21.0,Female,Giza,Sports,Football,1,650,0.15,Visa,Delivered,2026-01-26 19:56:00,4.0,552.5,552.5,5.0,2026-01,1,1
12264,C1449,2026-03-09 09:34:00,70.0,Female,Aswan,Beauty,Perfume,1,1100,0.1,Bank Transfer,Cancelled,,,990.0,990.0,,2026-03,0,
13467,C0456,2026-01-20 14:23:00,68.0,Male,Cairo,Beauty,Makeup Kit,1,900,0.0,Mastercard,Pending,,,900.0,900.0,,2026-01,0,
15673,C0842,2026-04-11 00:25:00,60.0,Female,Cairo,Sports,Yoga Mat,2,600,0.05,Visa,Delivered,2026-04-12 00:25:00,5.0,1140.0,1140.0,1.0,2026-04,1,1
18842,C0613,2026-06-19 01:53:00,50.0,Male,Aswan,Fashion,Shoes,2,1500,0.0,Cash,Delivered,2026-06-21 01:53:00,4.0,3000.0,3000.0,2.0,2026-06,1,1
15986,C0793,2026-06-15 07:00:00,48.0,Female,Giza,Electronics,Laptop,1,18000,0.05,Wallet,Delivered,2026-06-17 07:00:00,5.0,17100.0,17100.0,2.0,2026-06,1,1
12783,C1802,2026-05-05 18:00:00,65.0,Male,Giza,Sports,Running Shoes,1,1800,0.0,Visa,Delivered,2026-05-06 18:00:00,5.0,1800.0,1800.0,1.0,2026-05,1,1
16988,C1390,2026-04-29 10:53:00,55.0,Male,Cairo,Home,Lamp,4,300,0.0,Wallet,Delivered,2026-05-04 10:53:00,3.0,1200.0,1200.0,5.0,2026-04,1,0
18624,C1569,2026-05-10 15:39:00,42.0,Male,Giza,Home,Bedsheet,1,700,0.15,Cash,Cancelled,,,595.0,595.0,,2026-05,0,
12620,C1465,2026-01-05 19:37:00,54.0,Female,Giza,Sports,Dumbbells,2,1400,0.2,Bank Transfer,Delivered,2026-01-07 19:37:00,3.0,2240.0,2240.0,2.0,2026-01,1,0
12459,C0423,2026-06-25 05:09:00,59.0,Male,Tanta,Fashion,Bag,1,500,0.2,Bank Transfer,Delivered,2026-06-29 05:09:00,4.0,400.0,600.0,4.0,2026-06,1,1
12283,C1691,2026-06-22 01:14:00,36.0,Female,Giza,Beauty,Perfume,1,1100,0.1,Cash,Delivered,2026-06-25 01:14:00,3.0,990.0,990.0,3.0,2026-06,1,0
12670,C0586,2026-06-20 22:15:00,65.0,Male,Alexandria,Fashion,Bag,3,750,0.15,Wallet,Delivered,2026-06-22 22:15:00,5.0,1912.5,1912.5,2.0,2026-06,1,1
11051,C1999,2026-02-01 01:42:00,48.0,Male,Cairo,Home,Chair,4,2500,0.05,Cash,Delivered,2026-02-04 01:42:00,4.0,9500.0,9500.0,3.0,2026-02,1,1
19049,C0643,2026-03-24 22:04:00,55.0,Female,Alexandria,Fashion,T-Shirt,2,500,0.05,Cash,Pending,,,950.0,950.0,,2026-03,0,
13706,C0438,2026-05-18 21:05:00,44.0,Male,Giza,Beauty,Face Cream,1,450,0.05,Visa,Delivered,2026-05-22 21:05:00,1.0,427.5,427.5,4.0,2026-05,1,0
12458,C0319,2026-01-20 10:47:00,60.0,Female,Mansoura,Home,Coffee Maker,3,1800,0.05,Bank Transfer,Pending,,,5130.0,5130.0,,2026-01,0,
15437,C0753,2026-05-26 05:11:00,55.0,Male,Alexandria,Fashion,Jeans,1,900,0.1,Mastercard,Pending,,,810.0,810.0,,2026-05,0,
18983,C0727,2026-03-19 10:54:00,44.0,Male,Cairo,Fashion,Shoes,1,1500,0.0,Mastercard,Delivered,2026-03-23 10:54:00,5.0,1500.0,1500.0,4.0,2026-03,1,1
10113,C1595,2026-02-17 08:12:00,60.0,Female,Alexandria,Fashion,Bag,2,750,0.1,Wallet,Delivered,2026-02-23 08:12:00,5.0,1350.0,1350.0,6.0,2026-02,1,1
17698,C0237,2026-06-02 07:24:00,27.0,Female,Cairo,Electronics,Smart Watch,2,2200,0.2,Bank Transfer,Delivered,2026-06-06 07:24:00,5.0,3520.0,3520.0,4.0,2026-06,1,1
16831,C0087,2026-05-05 15:34:00,50.0,Male,Alexandria,Sports,Football,1,650,0.0,Mastercard,Delivered,2026-05-07 15:34:00,5.0,650.0,650.0,2.0,2026-05,1,1
12218,C0617,2026-02-11 15:52:00,35.0,Female,Cairo,Home,Lamp,2,300,0.0,Cash,Cancelled,,,600.0,600.0,,2026-02,0,
14328,C0418,2026-03-14 06:47:00,61.0,Male,Cairo,Sports,Dumbbells,4,1400,0.0,Bank Transfer,Delivered,2026-03-17 06:47:00,4.0,5600.0,5600.0,3.0,2026-03,1,1
18119,C0082,2026-01-06 20:55:00,39.0,Female,Giza,Fashion,T-Shirt,1,500,0.1,Mastercard,Pending,,,450.0,450.0,,2026-01,0,
13886,C0553,2026-01-23 23:42:00,58.0,Female,Aswan,Electronics,Mouse,3,450,0.0,Wallet,Delivered,2026-01-25 23:42:00,4.0,1350.0,1350.0,2.0,2026-01,1,1
17166,C0118,2026-03-31 04:47:00,44.0,Male,Giza,Sports,Dumbbells,1,1400,0.1,Wallet,Delivered,2026-04-03 04:47:00,5.0,1260.0,1260.0,3.0,2026-03,1,1
17941,C1322,2026-04-10 00:00:00,23.0,Female,Alexandria,Sports,Yoga Mat,1,600,0.1,Cash,Delivered,2026-04-13 17:53:00,4.0,540.0,540.0,3.745138888888889,2026-04,1,1
15116,C0068,2026-02-21 23:03:00,30.0,Male,Mansoura,Beauty,Shampoo,1,250,0.15,Wallet,Delivered,2026-02-25 23:03:00,4.0,212.5,212.5,4.0,2026-02,1,1
17370,C0160,2026-02-19 05:54:00,31.0,Female,Alexandria,Home,Blender,3,1200,0.0,Visa,Cancelled,,,3600.0,3600.0,,2026-02,0,
14050,C1732,2026-02-06 08:29:00,18.0,Female,Cairo,Electronics,Laptop,4,18000,0.0,Visa,Delivered,2026-02-10 08:29:00,3.0,72000.0,72000.0,4.0,2026-02,1,0
14518,C1752,2026-04-17 23:01:00,68.0,Male,Cairo,Sports,Yoga Mat,2,600,0.15,Cash,Cancelled,,,1020.0,1020.0,,2026-04,0,
15105,C1190,2026-06-01 08:12:00,39.0,Male,Alexandria,Home,Coffee Maker,2,1800,0.0,Cash,Delivered,2026-06-07 08:12:00,5.0,3600.0,3600.0,6.0,2026-06,1,1
19154,C1426,2026-01-20 23:58:00,33.0,Female,Giza,Fashion,Shoes,1,1500,0.0,Visa,Delivered,2026-01-23 23:58:00,5.0,1500.0,1500.0,3.0,2026-01,1,1
14807,C1816,2026-01-30 16:15:00,59.0,Female,Cairo,Sports,Yoga Mat,2,600,0.0,Wallet,Delivered,2026-01-31 16:15:00,3.0,1200.0,1200.0,1.0,2026-01,1,0
16326,C0816,2026-06-14 12:08:00,59.0,Female,Cairo,Home,Coffee Maker,2,1800,0.05,Cash,Delivered,,4.0,3420.0,3420.0,,2026-06,1,1
19943,C0724,2026-04-20 09:06:00,56.0,Male,Giza,Sports,Tennis Racket,1,1600,0.05,Wallet,Cancelled,,,1520.0,1520.0,,2026-04,0,
11544,C1874,2026-02-18 11:34:00,44.0,Female,Giza,Fashion,Bag,1,750,0.05,Wallet,Cancelled,,,712.5,712.5,,2026-02,0,
18248,C1785,2026-05-02 07:29:00,39.0,Male,Tanta,Fashion,Jacket,1,1200,0.1,Visa,Delivered,2026-05-05 07:29:00,2.0,1080.0,1188.0,3.0,2026-05,1,0
10544,C1090,2026-03-11 08:31:00,37.0,Female,Cairo,Beauty,Perfume,1,1100,0.1,Visa,Delivered,2026-03-13 08:31:00,4.0,990.0,990.0,2.0,2026-03,1,1
19529,C0274,2026-05-14 21:05:00,32.0,Male,Alexandria,Sports,Running Shoes,1,1800,0.2,Bank Transfer,Cancelled,,,1440.0,1440.0,,2026-05,0,
15016,C1277,2026-06-10 20:09:00,59.0,Male,Alexandria,Beauty,Hair Dryer,2,1300,0.2,Wallet,Delivered,2026-06-13 20:09:00,5.0,2080.0,2080.0,3.0,2026-06,1,1
15697,C0154,2026-03-30 00:28:00,41.0,Female,Mansoura,Sports,Tennis Racket,1,1600,0.0,Bank Transfer,Delivered,2026-04-03 00:28:00,4.0,1600.0,1600.0,4.0,2026-03,1,1
13692,C0947,2026-03-26 03:26:00,55.0,Female,Cairo,Electronics,Smart Watch,1,2200,0.0,Cash,Delivered,2026-03-29 03:26:00,4.0,2200.0,2200.0,3.0,2026-03,1,1
19259,C0242,2026-01-06 06:20:00,32.0,Male,Giza,Electronics,Keyboard,2,900,0.1,Visa,Delivered,2026-01-10 06:20:00,4.0,1620.0,1620.0,4.0,2026-01,1,1
12292,C1101,2026-02-17 22:11:00,66.0,Male,Giza,Fashion,Jacket,1,1200,0.1,Bank Transfer,Delivered,2026-02-19 22:11:00,5.0,1080.0,1080.0,2.0,2026-02,1,1
15280,C0786,2026-03-09 10:39:00,50.0,Female,Cairo,Sports,Running Shoes,2,1800,0.0,Bank Transfer,Delivered,2026-03-11 10:39:00,4.0,3600.0,3600.0,2.0,2026-03,1,1
10923,C1032,2026-06-22 19:17:00,44.0,Male,Giza,Electronics,Laptop,1,18000,0.05,Visa,Pending,,,17100.0,17100.0,,2026-06,0,
14330,C1029,2026-01-13 17:54:00,34.0,Male,Cairo,Sports,Running Shoes,1,1800,0.1,Mastercard,Delivered,2026-01-17 17:54:00,4.0,1620.0,1620.0,4.0,2026-01,1,1
11696,C1007,2026-03-25 21:21:00,58.0,Male,Mansoura,Electronics,Laptop,3,18000,0.1,Cash,Delivered,2026-03-28 21:21:00,5.0,48600.0,48600.0,3.0,2026-03,1,1
11604,C0090,2026-02-09 09:50:00,52.0,Male,Giza,Fashion,Jeans,2,900,0.05,Cash,Delivered,2026-02-12 09:50:00,4.0,1710.0,1710.0,3.0,2026-02,1,1
19662,C0331,2026-05-13 01:14:00,42.0,Male,Cairo,Sports,Dumbbells,1,1400,0.1,Wallet,Delivered,2026-05-14 01:14:00,5.0,1260.0,1260.0,1.0,2026-05,1,1
16335,C0637,2026-03-31 04:08:00,22.0,Female,Cairo,Fashion,Jeans,4,900,0.0,Bank Transfer,Delivered,2026-04-02 04:08:00,4.0,3600.0,3600.0,2.0,2026-03,1,1
12355,C0665,2026-05-07 19:20:00,45.0,Male,Cairo,Home,Bedsheet,4,700,0.0,Wallet,Delivered,2026-05-12 19:20:00,5.0,2800.0,2800.0,5.0,2026-05,1,1
16393,C0695,2026-03-02 02:51:00,39.0,Female,Cairo,Electronics,Headphones,3,850,0.1,Mastercard,Delivered,2026-03-09 02:51:00,4.0,2295.0,2295.0,7.0,2026-03,1,1
11038,C1720,2026-03-24 18:53:00,43.0,Female,Cairo,Beauty,Makeup Kit,1,900,0.2,Visa,Delivered,2026-03-28 18:53:00,5.0,720.0,720.0,4.0,2026-03,1,1
10572,C0998,2026-04-29 13:32:00,45.0,Male,Tanta,Home,Coffee Maker,1,1800,0.1,Bank Transfer,Pending,,,1620.0,1620.0,,2026-04,0,
13820,C0848,2026-01-24 16:41:00,23.0,Male,Alexandria,Home,Bedsheet,2,700,0.05,Cash,Delivered,2026-01-27 16:41:00,5.0,1330.0,1330.0,3.0,2026-01,1,1
10810,C0886,2026-06-06 23:15:00,28.0,Male,Cairo,Electronics,Keyboard,1,900,0.15,Bank Transfer,Delivered,2026-06-11 23:15:00,4.0,765.0,765.0,5.0,2026-06,1,1
17148,C0682,2026-06-14 14:41:00,45.0,Female,Alexandria,Electronics,Smart Watch,3,2200,0.15,Cash,Delivered,2026-06-19 14:41:00,5.0,5610.0,5610.0,5.0,2026-06,1,1
12491,C0637,2026-01-31 12:34:00,45.0,Male,Tanta,Home,Coffee Maker,2,1800,0.0,Wallet,Delivered,2026-02-02 12:34:00,5.0,3600.0,3600.0,2.0,2026-01,1,1
12139,C1640,2026-02-13 10:37:00,68.0,Male,Cairo,Home,Bedsheet,3,700,0.0,Wallet,Delivered,2026-02-15 10:37:00,,2100.0,3026.0,2.0,2026-02,1,
19357,C1235,2026-06-11 12:16:00,51.0,Female,Mansoura,Electronics,Keyboard,1,900,0.15,Mastercard,Delivered,2026-06-12 12:16:00,5.0,765.0,765.0,1.0,2026-06,1,1
13630,C1068,2026-04-29 00:00:00,61.0,Male,Cairo,Fashion,Jacket,3,1200,0.05,Cash,Delivered,2026-05-01 20:12:00,4.0,3420.0,3420.0,2.841666666666667,2026-04,1,1
12861,C0967,2026-05-01 11:47:00,32.0,Female,Cairo,Home,Lamp,2,300,0.0,Cash,Pending,,,600.0,600.0,,2026-05,0,
19862,C1120,2026-03-22 17:56:00,49.0,Male,Cairo,Fashion,Jacket,1,1200,0.0,Visa,Delivered,2026-03-28 17:56:00,4.0,1200.0,1200.0,6.0,2026-03,1,1
18849,C0992,2026-04-10 03:59:00,47.0,Female,Giza,Home,Bedsheet,2,700,0.2,Bank Transfer,Delivered,2026-04-14 03:59:00,5.0,1120.0,1120.0,4.0,2026-04,1,1
13721,C0668,2026-05-21 19:09:00,58.0,Female,Tanta,Sports,Running Shoes,3,1800,0.2,Wallet,Delivered,2026-05-25 19:09:00,4.0,4320.0,4320.0,4.0,2026-05,1,1
18766,C1856,2026-06-16 15:56:00,35.0,Female,Aswan,Sports,Tennis Racket,4,1600,0.0,Visa,Delivered,2026-06-17 15:56:00,4.0,6400.0,6400.0,1.0,2026-06,1,1
19345,C0232,2026-06-18 19:15:00,67.0,Male,Alexandria,Sports,Running Shoes,1,1800,0.2,Mastercard,Cancelled,,,1440.0,1440.0,,2026-06,0,
12505,C1112,2026-05-23 00:28:00,32.0,Female,Giza,Electronics,Smart Watch,1,2200,0.1,Bank Transfer,Pending,,,1980.0,1980.0,,2026-05,0,
19911,C1846,2026-05-17 10:04:00,27.0,Female,Mansoura,Electronics,Keyboard,2,900,0.0,Wallet,Cancelled,,,1800.0,1800.0,,2026-05,0,
10415,C0052,2026-04-21 20:44:00,39.0,Female,Cairo,Beauty,Hair Dryer,1,1300,0.05,Cash,Delivered,2026-04-25 20:44:00,4.0,1235.0,1235.0,4.0,2026-04,1,1
11249,C1772,2026-02-06 09:30:00,42.0,Female,Cairo,Sports,Football,1,650,0.1,Mastercard,Delivered,2026-02-11 09:30:00,5.0,585.0,585.0,5.0,2026-02,1,1
17934,C1213,2026-04-11 19:59:00,48.0,Male,Mansoura,Beauty,Perfume,3,1100,0.0,Bank Transfer,Delivered,2026-04-15 19:59:00,4.0,3300.0,3300.0,4.0,2026-04,1,1
13554,C0186,2026-03-09 17:31:00,47.0,Female,Cairo,Electronics,Keyboard,1,900,0.2,Mastercard,Cancelled,,,720.0,720.0,,2026-03,0,
13350,C1237,2026-04-25 03:59:00,21.0,Male,Cairo,Beauty,Perfume,1,1100,0.05,Mastercard,Delivered,2026-04-28 03:59:00,5.0,1045.0,1045.0,3.0,2026-04,1,1
11309,C1326,2026-02-15 16:01:00,57.0,Female,Alexandria,Sports,Running Shoes,2,1800,0.0,Visa,Delivered,2026-02-18 16:01:00,4.0,3600.0,3600.0,3.0,2026-02,1,1
10603,C1760,2026-01-17 13:39:00,53.0,Male,Cairo,Sports,Dumbbells,2,1400,0.1,Cash,Delivered,2026-01-23 13:39:00,4.0,2520.0,2520.0,6.0,2026-01,1,1
13193,C0372,2026-04-30 15:50:00,47.0,Female,Alexandria,Home,Chair,4,2500,0.15,Mastercard,Delivered,2026-05-02 15:50:00,4.0,8500.0,8500.0,2.0,2026-04,1,1
14472,C1579,2026-03-23 21:23:00,50.0,Female,Alexandria,Beauty,Face Cream,2,450,0.15,Cash,Pending,,,765.0,765.0,,2026-03,0,
17572,C1286,2026-01-01 10:15:00,43.0,Female,Aswan,Electronics,Smart Watch,2,2200,0.05,Visa,Cancelled,,,4180.0,4180.0,,2026-01,0,
12061,C1126,2026-01-25 21:55:00,48.0,Female,Giza,Sports,Yoga Mat,3,600,0.0,Mastercard,Cancelled,,,1800.0,1800.0,,2026-01,0,
15420,C0174,2026-03-16 05:15:00,47.0,Female,Giza,Fashion,T-Shirt,1,500,0.0,Visa,Delivered,2026-03-18 05:15:00,4.0,500.0,500.0,2.0,2026-03,1,1
11023,C1969,2026-04-12 06:25:00,43.0,Female,Cairo,Home,Bedsheet,2,700,0.15,Wallet,Delivered,2026-04-14 06:25:00,,1190.0,1190.0,2.0,2026-04,1,
14513,C0766,2026-02-07 00:06:00,61.0,Female,Alexandria,Beauty,Hair Dryer,2,1300,0.0,Visa,Cancelled,,,2600.0,2600.0,,2026-02,0,
14173,C0064,2026-06-27 10:32:00,56.0,Male,Tanta,Beauty,Makeup Kit,4,900,0.0,Bank Transfer,Delivered,2026-07-02 10:32:00,5.0,3600.0,3600.0,5.0,2026-06,1,1
19681,C1583,2026-04-20 06:03:00,60.0,Male,Cairo,Sports,Tennis Racket,1,1600,0.15,Bank Transfer,Delivered,2026-04-26 06:03:00,4.0,1360.0,1360.0,6.0,2026-04,1,1
10315,C0140,2026-01-27 23:41:00,40.0,Female,Cairo,Beauty,Hair Dryer,1,1300,0.15,Bank Transfer,Delivered,2026-01-30 23:41:00,4.0,1105.0,1105.0,3.0,2026-01,1,1
18058,C1992,2026-03-15 01:53:00,63.0,Female,Giza,Electronics,Laptop,3,18000,0.05,Visa,Delivered,2026-03-21 01:53:00,5.0,51300.0,51300.0,6.0,2026-03,1,1
15054,C0081,2026-04-20 06:13:00,18.0,Male,Cairo,Fashion,Bag,2,750,0.15,Wallet,Delivered,2026-04-26 06:13:00,5.0,1275.0,1275.0,6.0,2026-04,1,1
13459,C1944,2026-04-21 14:00:00,70.0,Male,Alexandria,Electronics,Keyboard,3,900,0.1,Cash,Delivered,2026-04-25 14:00:00,5.0,2430.0,2430.0,4.0,2026-04,1,1
18105,C0198,2026-05-10 10:42:00,43.0,Female,Cairo,Fashion,Jacket,2,1200,0.0,Bank Transfer,Delivered,2026-05-14 10:42:00,1.0,2400.0,2400.0,4.0,2026-05,1,0
15395,C1412,2026-06-17 08:21:00,32.0,Male,Giza,Sports,Tennis Racket,2,1600,0.15,Wallet,Delivered,2026-06-21 08:21:00,5.0,2720.0,2720.0,4.0,2026-06,1,1
17482,C0240,2026-05-02 07:57:00,47.0,Female,Cairo,Sports,Dumbbells,1,1400,0.0,Visa,Delivered,2026-05-07 07:57:00,3.0,1400.0,1400.0,5.0,2026-05,1,0
17263,C0881,2026-06-04 21:43:00,53.0,Male,Mansoura,Sports,Football,1,650,0.0,Bank Transfer,Delivered,2026-06-06 21:43:00,4.0,650.0,650.0,2.0,2026-06,1,1
15219,C0364,2026-06-08 13:30:00,32.0,Male,Giza,Fashion,Bag,1,750,0.0,Visa,Delivered,2026-06-11 13:30:00,4.0,750.0,675.0,3.0,2026-06,1,1
11039,C1707,2026-03-10 16:42:00,25.0,Male,Mansoura,Home,Blender,1,1200,0.0,Cash,Delivered,2026-03-12 16:42:00,3.0,1200.0,1200.0,2.0,2026-03,1,0
10945,C1791,2026-01-09 06:47:00,20.0,Female,Cairo,Fashion,Shoes,4,1500,0.1,Mastercard,Delivered,2026-01-12 06:47:00,4.0,5400.0,5400.0,3.0,2026-01,1,1
13942,C0686,2026-04-23 21:53:00,57.0,Male,Alexandria,Sports,Yoga Mat,1,600,0.0,Bank Transfer,Delivered,2026-04-27 21:53:00,5.0,600.0,600.0,4.0,2026-04,1,1
15800,C0033,2026-05-26 08:16:00,30.0,Female,Aswan,Fashion,Jeans,3,900,0.05,Mastercard,Pending,,,2565.0,2565.0,,2026-05,0,
11446,C1164,2026-05-21 07:15:00,46.0,Female,Cairo,Home,Blender,2,1200,0.05,Mastercard,Delivered,2026-05-24 07:15:00,4.0,2280.0,2280.0,3.0,2026-05,1,1
14719,C1974,2026-06-24 12:58:00,57.0,Female,Cairo,Home,Coffee Maker,1,1800,0.1,Mastercard,Delivered,2026-06-30 12:58:00,5.0,1620.0,1620.0,6.0,2026-06,1,1
11643,C0551,2026-03-18 10:09:00,56.0,Male,Cairo,Electronics,Headphones,1,850,0.0,Wallet,Delivered,2026-03-21 10:09:00,3.0,850.0,850.0,3.0,2026-03,1,0
19586,C1825,2026-01-27 11:47:00,35.0,Female,Cairo,Sports,Tennis Racket,3,1600,0.2,Cash,Delivered,2026-01-29 11:47:00,5.0,3840.0,3840.0,2.0,2026-01,1,1
17761,C0252,2026-04-29 03:49:00,60.0,Male,Alexandria,Beauty,Shampoo,4,250,0.15,Mastercard,Delivered,2026-05-01 03:49:00,4.0,850.0,850.0,2.0,2026-04,1,1
17013,C1019,2026-04-05 00:19:00,66.0,Male,Tanta,Electronics,Laptop,1,18000,0.1,Cash,Pending,,,16200.0,16200.0,,2026-04,0,
17830,C0104,2026-02-23 21:14:00,18.0,Male,Cairo,Beauty,Hair Dryer,1,1300,0.1,Cash,Delivered,2026-02-28 21:14:00,3.0,1170.0,1170.0,5.0,2026-02,1,0
14339,C0718,2026-02-20 13:33:00,58.0,Female,Alexandria,Beauty,Hair Dryer,1,1300,0.0,Bank Transfer,Delivered,2026-02-26 13:33:00,3.0,1300.0,1300.0,6.0,2026-02,1,0
14129,C1130,2026-02-25 00:00:00,64.0,Female,Cairo,Fashion,Jacket,2,1200,0.0,Mastercard,Delivered,2026-02-27 22:53:00,5.0,2400.0,2400.0,2.953472222222222,2026-02,1,1
15793,C1423,2026-03-20 07:26:00,38.0,Male,Cairo,Home,Coffee Maker,2,1800,0.1,Visa,Delivered,2026-03-22 07:26:00,1.0,3240.0,3240.0,2.0,2026-03,1,0
18150,C1052,2026-01-12 08:05:00,21.0,Female,Alexandria,Fashion,Jeans,3,900,0.1,Wallet,Delivered,2026-01-17 08:05:00,3.0,2430.0,2430.0,5.0,2026-01,1,0
19865,C1037,2026-06-16 17:36:00,23.0,Male,Alexandria,Sports,Running Shoes,1,1800,0.1,Wallet,Delivered,2026-06-20 17:36:00,5.0,1620.0,1620.0,4.0,2026-06,1,1
18613,C1687,2026-03-06 14:57:00,58.0,Male,Cairo,Sports,Running Shoes,2,1800,0.1,Visa,Delivered,2026-03-11 14:57:00,5.0,3240.0,3240.0,5.0,2026-03,1,1
14053,C1714,2026-06-20 10:48:00,42.0,Male,Cairo,Sports,Yoga Mat,1,600,0.1,Bank Transfer,Pending,,,540.0,540.0,,2026-06,0,
17403,C0911,2026-02-15 23:49:00,43.0,Male,Giza,Electronics,Keyboard,1,900,0.15,Wallet,Cancelled,,,765.0,765.0,,2026-02,0,
15555,C1754,2026-05-07 02:14:00,44.0,Male,Giza,Home,Bedsheet,3,700,0.1,Bank Transfer,Delivered,2026-05-12 02:14:00,5.0,1890.0,1890.0,5.0,2026-05,1,1
10847,C1731,2026-05-29 05:42:00,70.0,Male,Alexandria,Fashion,Jeans,2,900,0.0,Mastercard,Delivered,2026-06-04 05:42:00,3.0,1800.0,1800.0,6.0,2026-05,1,0
19915,C1027,2026-02-08 09:36:00,40.0,Male,Mansoura,Home,Blender,1,1200,0.15,Visa,Delivered,2026-02-11 09:36:00,5.0,1020.0,1020.0,3.0,2026-02,1,1
10633,C1904,2026-05-06 15:07:00,44.0,Male,Mansoura,Beauty,Face Cream,1,450,0.1,Mastercard,Cancelled,,,405.0,405.0,,2026-05,0,
19916,C0686,2026-06-08 01:49:00,33.0,Female,Cairo,Sports,Dumbbells,2,1400,0.1,Wallet,Delivered,2026-06-15 01:49:00,5.0,2520.0,2520.0,7.0,2026-06,1,1
19703,C1591,2026-02-02 08:34:00,33.0,Female,Cairo,Sports,Tennis Racket,3,1600,0.05,Bank Transfer,Delivered,2026-02-06 08:34:00,4.0,4560.0,4560.0,4.0,2026-02,1,1
14766,C0030,2026-02-22 11:08:00,51.0,Female,Giza,Home,Chair,3,2500,0.0,Bank Transfer,Delivered,2026-02-27 11:08:00,5.0,7500.0,7500.0,5.0,2026-02,1,1
10226,C1491,2026-05-04 09:00:00,46.0,Female,Giza,Fashion,T-Shirt,3,500,0.1,Bank Transfer,Delivered,2026-05-08 09:00:00,4.0,1350.0,1350.0,4.0,2026-05,1,1
14883,C0864,2026-06-05 09:17:00,44.0,Male,Mansoura,Fashion,Jeans,1,900,0.0,Cash,Delivered,2026-06-08 09:17:00,3.0,900.0,900.0,3.0,2026-06,1,0
19589,C0969,2026-03-21 08:41:00,51.0,Female,Mansoura,Electronics,Mouse,4,450,0.15,Wallet,Delivered,2026-03-26 08:41:00,5.0,1530.0,1530.0,5.0,2026-03,1,1
10407,C0332,2026-05-30 23:05:00,53.0,Female,Cairo,Home,Chair,4,2500,0.1,Wallet,Delivered,2026-06-02 23:05:00,5.0,9000.0,9000.0,3.0,2026-05,1,1
16923,C0651,2026-03-27 00:05:00,31.0,Male,Cairo,Fashion,Shoes,4,1500,0.2,Wallet,Delivered,2026-03-31 00:05:00,4.0,4800.0,4800.0,4.0,2026-03,1,1
16623,C1778,2026-05-30 00:00:00,53.0,Male,Tanta,Beauty,Hair Dryer,2,1300,0.1,Visa,Pending,,,2340.0,2340.0,,2026-05,0,
14279,C1548,2026-05-18 06:55:00,57.0,Female,Cairo,Electronics,Headphones,2,850,0.05,Visa,Delivered,2026-05-25 06:55:00,5.0,1615.0,1615.0,7.0,2026-05,1,1
15751,C1030,2026-04-07 14:19:00,60.0,Male,Alexandria,Electronics,Keyboard,2,900,0.15,Cash,Delivered,2026-04-04 14:19:00,4.0,1530.0,1530.0,-3.0,2026-04,1,1
14740,C1244,2026-04-16 21:27:00,26.0,Male,Cairo,Home,Blender,3,1200,0.1,Bank Transfer,Delivered,2026-04-20 21:27:00,4.0,3240.0,3240.0,4.0,2026-04,1,1
19176,C0941,2026-05-16 07:43:00,31.0,Female,Giza,Sports,Running Shoes,1,1800,0.15,Wallet,Delivered,2026-05-20 07:43:00,5.0,1530.0,1530.0,4.0,2026-05,1,1
18203,C1118,2026-03-16 20:40:00,63.0,Female,Giza,Home,Bedsheet,1,700,0.0,Wallet,Delivered,2026-03-21 20:40:00,5.0,700.0,700.0,5.0,2026-03,1,1
10485,C0913,2026-01-18 09:47:00,37.0,Female,Alexandria,Beauty,Face Cream,1,450,0.15,Bank Transfer,Delivered,2026-01-24 09:47:00,5.0,382.5,382.5,6.0,2026-01,1,1
11299,C0889,2026-03-28 15:48:00,41.0,Female,Mansoura,Home,Coffee Maker,2,1800,0.05,Mastercard,Delivered,2026-03-31 15:48:00,4.0,3420.0,3420.0,3.0,2026-03,1,1
14099,C1099,2026-03-10 12:48:00,27.0,Female,Cairo,Home,Blender,2,1200,0.1,Bank Transfer,Delivered,2026-03-16 12:48:00,4.0,2160.0,2160.0,6.0,2026-03,1,1
17964,C0626,2026-05-07 14:10:00,22.0,Male,Giza,Home,Lamp,1,300,0.0,Wallet,Delivered,2026-05-11 14:10:00,3.0,300.0,300.0,4.0,2026-05,1,0
13087,C0588,2026-04-17 01:30:00,45.0,Male,Cairo,Sports,Running Shoes,2,1800,0.0,Mastercard,Pending,,,3600.0,3600.0,,2026-04,0,
15949,C1029,2026-06-26 18:58:00,43.0,Male,Cairo,Home,Coffee Maker,1,1800,0.05,Wallet,Delivered,2026-06-28 18:58:00,2.0,1710.0,1710.0,2.0,2026-06,1,0
18949,C1292,2026-02-12 18:38:00,27.0,Male,Alexandria,Beauty,Shampoo,1,250,0.05,Visa,Delivered,2026-02-13 18:38:00,3.0,237.5,237.5,1.0,2026-02,1,0
13626,C1565,2026-02-26 17:18:00,34.0,Male,Cairo,Sports,Yoga Mat,1,600,0.2,Cash,Delivered,2026-03-02 17:18:00,4.0,480.0,480.0,4.0,2026-02,1,1
13787,C1848,2026-01-18 07:29:00,59.0,Female,Cairo,Electronics,Mouse,1,450,0.05,Wallet,Delivered,2026-01-25 07:29:00,4.0,427.5,427.5,7.0,2026-01,1,1
19315,C0591,2026-01-05 13:04:00,28.0,Female,Mansoura,Fashion,Shoes,1,1500,0.0,Bank Transfer,Cancelled,,,1500.0,1500.0,,2026-01,0,
11369,C1568,2026-01-07 18:06:00,22.0,Male,Cairo,Beauty,Perfume,1,1100,0.0,Bank Transfer,Delivered,2026-01-14 18:06:00,2.0,1100.0,1100.0,7.0,2026-01,1,0
14112,C0258,2026-02-03 07:04:00,42.0,Female,Aswan,Sports,Football,1,650,0.0,Cash,Delivered,2026-02-09 07:04:00,2.0,650.0,650.0,6.0,2026-02,1,0
16909,C0328,2026-02-24 11:33:00,33.0,Female,Cairo,Fashion,Jeans,1,900,0.15,Cash,Delivered,2026-02-27 11:33:00,5.0,765.0,765.0,3.0,2026-02,1,1
15013,C1092,2026-06-15 02:42:00,29.0,Male,Mansoura,Home,Chair,1,2500,0.15,Visa,Delivered,2026-06-19 02:42:00,2.0,2125.0,2125.0,4.0,2026-06,1,0
11842,C0771,2026-05-01 12:30:00,30.0,Female,Alexandria,Home,Lamp,1,300,0.0,Wallet,Cancelled,,,300.0,300.0,,2026-05,0,
16188,C0691,2026-02-04 03:05:00,62.0,Female,Tanta,Sports,Yoga Mat,3,600,0.15,Visa,Pending,,,1530.0,1530.0,,2026-02,0,
15095,C1459,2026-06-19 06:19:00,70.0,Female,Cairo,Beauty,Hair Dryer,4,1300,0.1,Wallet,Delivered,2026-06-23 06:19:00,5.0,4680.0,4680.0,4.0,2026-06,1,1
16469,C1844,2026-05-02 16:55:00,35.0,Female,Alexandria,Electronics,Laptop,1,18000,0.05,Cash,Delivered,2026-05-07 16:55:00,4.0,17100.0,17100.0,5.0,2026-05,1,1
11002,C0855,2026-01-15 13:01:00,56.0,Female,Cairo,Fashion,Jacket,1,1200,0.0,Wallet,Delivered,2026-01-17 13:01:00,5.0,1200.0,1200.0,2.0,2026-01,1,1
19375,C0344,2026-01-05 08:22:00,51.0,Male,Cairo,Sports,Dumbbells,2,1400,0.0,Mastercard,Delivered,2026-01-08 08:22:00,5.0,2800.0,2800.0,3.0,2026-01,1,1
16982,C0259,2026-03-08 13:31:00,26.0,Male,Giza,Home,Blender,1,1200,0.05,Bank Transfer,Pending,,,1140.0,1140.0,,2026-03,0,
19050,C1862,2026-03-24 05:54:00,41.0,Female,Giza,Electronics,Smart Watch,1,2200,0.2,Mastercard,Pending,,,1760.0,1760.0,,2026-03,0,
13969,C0066,2026-03-08 13:46:00,37.0,Female,Cairo,Electronics,Smart Watch,1,2200,0.0,Visa,Delivered,2026-03-13 13:46:00,3.0,2200.0,2200.0,5.0,2026-03,1,0
19046,C0217,2026-01-28 16:39:00,39.0,Male,Giza,Beauty,Face Cream,3,450,0.1,Mastercard,Delivered,2026-02-03 16:39:00,5.0,1215.0,1215.0,6.0,2026-01,1,1
16405,C1996,2026-04-17 00:00:00,53.0,Female,Alexandria,Beauty,Perfume,1,1100,0.15,Visa,Delivered,2026-04-21 08:57:00,4.0,935.0,935.0,4.372916666666667,2026-04,1,1
12342,C1460,2026-04-07 19:58:00,47.0,Female,Alexandria,Sports,Tennis Racket,4,1600,0.0,Cash,Delivered,2026-04-10 19:58:00,4.0,6400.0,6400.0,3.0,2026-04,1,1
16294,C1351,2026-06-23 00:00:00,49.0,Male,Tanta,Fashion,Bag,1,750,0.0,Bank Transfer,Pending,,,750.0,750.0,,2026-06,0,
10397,C0388,2026-02-19 17:04:00,37.0,Female,Alexandria,Electronics,Laptop,3,18000,0.1,Bank Transfer,Pending,,,48600.0,48600.0,,2026-02,0,
13858,C0974,2026-05-03 09:21:00,61.0,Female,Cairo,Home,Coffee Maker,2,1800,0.1,Visa,Delivered,2026-05-05 09:21:00,4.0,3240.0,3240.0,2.0,2026-05,1,1
15883,C1547,2026-04-29 08:11:00,48.0,Female,Cairo,Beauty,Shampoo,4,250,0.05,Visa,Delivered,2026-05-01 08:11:00,5.0,950.0,950.0,2.0,2026-04,1,1
19166,C1907,2026-02-28 19:13:00,40.0,Female,Giza,Beauty,Perfume,2,1100,0.0,Mastercard,Delivered,2026-03-02 19:13:00,4.0,2200.0,2200.0,2.0,2026-02,1,1
12165,C0479,2026-04-19 19:38:00,29.0,Male,Tanta,Electronics,Smart Watch,3,2200,0.0,Cash,Delivered,2026-04-22 19:38:00,5.0,6600.0,6600.0,3.0,2026-04,1,1
16990,C1540,2026-02-21 09:39:00,63.0,Female,Cairo,Sports,Football,2,650,0.0,Mastercard,Delivered,2026-02-23 09:39:00,3.0,1300.0,1300.0,2.0,2026-02,1,0
18694,C1729,2026-05-27 08:11:00,56.0,Female,Mansoura,Electronics,Laptop,4,18000,0.1,Visa,Delivered,2026-05-30 08:11:00,5.0,64800.0,64800.0,3.0,2026-05,1,1
17383,C1052,2026-06-07 17:41:00,19.0,Male,Cairo,Sports,Football,1,650,0.1,Cash,Delivered,2026-06-09 17:41:00,5.0,585.0,585.0,2.0,2026-06,1,1
15525,C1784,2026-03-04 18:20:00,56.0,Male,Cairo,Fashion,Jeans,1,900,0.05,Mastercard,Cancelled,,,855.0,855.0,,2026-03,0,
19080,C0395,2026-04-14 00:57:00,29.0,Male,Cairo,Beauty,Hair Dryer,2,1300,0.1,Bank Transfer,Pending,,,2340.0,2340.0,,2026-04,0,
18186,C1761,2026-01-21 20:26:00,19.0,Male,Cairo,Beauty,Face Cream,1,450,0.15,Bank Transfer,Pending,,,382.5,382.5,,2026-01,0,
13091,C0938,2026-01-10 08:41:00,26.0,Female,Mansoura,Home,Chair,2,2500,0.15,Mastercard,Delivered,2026-01-13 08:41:00,3.0,4250.0,4250.0,3.0,2026-01,1,0
12338,C1572,2026-05-05 10:59:00,39.0,Female,Cairo,Fashion,Jacket,4,1200,0.2,Cash,Delivered,2026-05-09 10:59:00,5.0,3840.0,3840.0,4.0,2026-05,1,1
11557,C1892,2026-04-21 07:14:00,31.0,Female,Mansoura,Sports,Football,1,650,0.0,Mastercard,Delivered,2026-04-23 07:14:00,4.0,650.0,650.0,2.0,2026-04,1,1
18797,C1865,2026-01-14 13:30:00,24.0,Female,Mansoura,Home,Chair,2,2500,0.0,Mastercard,Pending,,,5000.0,5000.0,,2026-01,0,
12754,C1477,2026-06-06 17:07:00,44.0,Male,Tanta,Electronics,Mouse,1,450,0.0,Bank Transfer,Delivered,2026-06-08 17:07:00,4.0,450.0,450.0,2.0,2026-06,1,1
18462,C0966,2026-01-27 04:25:00,53.0,Female,Giza,Sports,Dumbbells,4,1400,0.05,Mastercard,Delivered,2026-01-29 04:25:00,1.0,5320.0,5320.0,2.0,2026-01,1,0
16253,C0213,2026-03-13 09:05:00,35.0,Male,Giza,Beauty,Perfume,2,1100,0.05,Wallet,Delivered,2026-03-17 09:05:00,5.0,2090.0,2090.0,4.0,2026-03,1,1
17895,C0466,2026-03-09 01:22:00,46.0,Female,Alexandria,Fashion,Shoes,2,1500,0.1,Cash,Delivered,2026-03-13 01:22:00,5.0,2700.0,2700.0,4.0,2026-03,1,1
14921,C0737,2026-05-06 10:02:00,39.0,Male,Alexandria,Sports,Dumbbells,4,1400,0.1,Wallet,Delivered,2026-05-09 10:02:00,5.0,5040.0,5040.0,3.0,2026-05,1,1
12571,C0229,2026-05-27 09:12:00,64.0,Male,Alexandria,Electronics,Smart Watch,4,2200,0.05,Cash,Delivered,2026-05-28 09:12:00,4.0,8360.0,8360.0,1.0,2026-05,1,1
18125,C0072,2026-03-26 07:27:00,51.0,Female,Giza,Home,Lamp,2,300,0.0,Visa,Delivered,2026-03-27 07:27:00,5.0,600.0,600.0,1.0,2026-03,1,1
19568,C1646,2026-05-15 10:46:00,32.0,Female,Giza,Sports,Yoga Mat,1,600,0.15,Cash,Delivered,2026-05-19 10:46:00,5.0,510.0,510.0,4.0,2026-05,1,1
16041,C1645,2026-05-09 17:22:00,51.0,Female,Alexandria,Sports,Tennis Racket,1,1600,0.15,Visa,Delivered,2026-05-10 17:22:00,3.0,1360.0,1360.0,1.0,2026-05,1,0
10078,C0346,2026-02-15 10:11:00,43.0,Female,Cairo,Beauty,Shampoo,1,250,0.0,Wallet,Delivered,2026-02-17 10:11:00,5.0,250.0,250.0,2.0,2026-02,1,1
13535,C0802,2026-05-06 00:28:00,43.0,Male,Cairo,Beauty,Face Cream,1,450,0.0,Bank Transfer,Delivered,2026-05-09 00:28:00,4.0,450.0,450.0,3.0,2026-05,1,1
17656,C1993,2026-01-20 19:25:00,42.0,Male,Giza,Fashion,Jacket,4,1200,0.1,Visa,Delivered,2026-01-22 19:25:00,5.0,4320.0,4320.0,2.0,2026-01,1,1
17892,C0147,2026-01-18 09:01:00,19.0,Female,Cairo,Beauty,Perfume,3,1100,0.0,Mastercard,Delivered,2026-01-22 09:01:00,2.0,3300.0,3300.0,4.0,2026-01,1,0
19845,C0934,2026-02-28 00:52:00,41.0,Female,Alexandria,Home,Chair,2,2500,0.0,Wallet,Cancelled,,,5000.0,5000.0,,2026-02,0,
16951,C0152,2026-01-27 04:44:00,20.0,Male,Giza,Sports,Running Shoes,1,1800,0.1,Visa,Delivered,2026-01-31 04:44:00,5.0,1620.0,1620.0,4.0,2026-01,1,1
10881,C1282,2026-02-24 07:55:00,31.0,Male,Cairo,Fashion,T-Shirt,3,500,0.05,Visa,Pending,,,1425.0,1425.0,,2026-02,0,
17282,C1966,2026-02-17 15:29:00,55.0,Female,Cairo,Fashion,Jacket,3,1200,0.15,Visa,Delivered,2026-02-22 15:29:00,4.0,3060.0,3060.0,5.0,2026-02,1,1
13825,C1841,2026-01-01 11:41:00,58.0,Female,Aswan,Beauty,Hair Dryer,2,1300,0.0,Mastercard,Delivered,2026-01-05 11:41:00,,2600.0,2600.0,4.0,2026-01,1,
13845,C1207,2026-03-22 16:19:00,45.0,Male,Cairo,Beauty,Shampoo,4,250,0.1,Mastercard,Delivered,2026-03-27 16:19:00,4.0,900.0,900.0,5.0,2026-03,1,1
19749,C1265,2026-05-11 23:48:00,58.0,Female,Giza,Sports,Yoga Mat,3,600,0.1,Mastercard,Delivered,2026-05-14 23:48:00,5.0,1620.0,1620.0,3.0,2026-05,1,1
13985,C0540,2026-02-03 20:58:00,27.0,Female,Mansoura,Electronics,Mouse,3,450,0.1,Wallet,Pending,,,1215.0,1215.0,,2026-02,0,
11945,C1208,2026-02-20 20:01:00,23.0,Female,Cairo,Fashion,T-Shirt,1,500,0.05,Mastercard,Delivered,2026-02-25 20:01:00,5.0,475.0,475.0,5.0,2026-02,1,1
10911,C0143,2026-02-05 13:55:00,65.0,Male,Tanta,Sports,Football,3,650,0.05,Cash,Delivered,2026-02-07 13:55:00,4.0,1852.5,1852.5,2.0,2026-02,1,1
18777,C0440,2026-03-25 09:19:00,42.0,Female,Cairo,Home,Bedsheet,3,700,0.1,Cash,Delivered,2026-03-29 09:19:00,3.0,1890.0,1890.0,4.0,2026-03,1,0
12040,C0475,2026-01-10 16:44:00,50.0,Female,Giza,Fashion,Shoes,4,1500,0.15,Wallet,Delivered,2026-01-15 16:44:00,4.0,5100.0,5100.0,5.0,2026-01,1,1
15398,C0460,2026-05-08 06:09:00,69.0,Female,Giza,Sports,Yoga Mat,1,600,0.1,Wallet,Delivered,2026-05-12 06:09:00,5.0,540.0,540.0,4.0,2026-05,1,1
17101,C1333,2026-03-29 12:33:00,66.0,Female,Aswan,Fashion,Jacket,1,1200,0.0,Wallet,Delivered,2026-03-31 12:33:00,4.0,1200.0,1200.0,2.0,2026-03,1,1
17067,C0601,2026-06-01 14:20:00,29.0,Male,Giza,Sports,Tennis Racket,2,1600,0.0,Mastercard,Pending,,,3200.0,3520.0,,2026-06,0,
13439,C0388,2026-06-09 04:55:00,69.0,Male,Giza,Electronics,Smart Watch,2,2200,0.15,Mastercard,Cancelled,,,3740.0,3740.0,,2026-06,0,
10741,C1830,2026-05-02 00:03:00,56.0,Male,Tanta,Electronics,Headphones,1,850,0.0,Bank Transfer,Delivered,2026-05-09 00:03:00,5.0,850.0,850.0,7.0,2026-05,1,1
16176,C0351,2026-02-11 14:18:00,57.0,Female,Giza,Beauty,Perfume,1,1100,0.15,Bank Transfer,Delivered,2026-02-13 14:18:00,2.0,935.0,935.0,2.0,2026-02,1,0
19956,C0394,2026-04-07 18:56:00,51.0,Female,Cairo,Sports,Running Shoes,1,1800,0.0,Mastercard,Pending,,,1800.0,2796.0,,2026-04,0,
18501,C0220,2026-03-03 01:59:00,21.0,Female,Alexandria,Fashion,T-Shirt,3,500,0.0,Cash,Pending,,,1500.0,1350.0,,2026-03,0,
15913,C0659,2026-06-18 12:07:00,31.0,Male,Giza,Beauty,Hair Dryer,1,1300,0.05,Wallet,Pending,,,1235.0,1235.0,,2026-06,0,
12212,C1161,2026-05-13 19:07:00,38.0,Female,Aswan,Beauty,Hair Dryer,1,1300,0.05,Bank Transfer,Delivered,2026-05-16 19:07:00,2.0,1235.0,1235.0,3.0,2026-05,1,0
16927,C1292,2026-06-12 01:00:00,49.0,Male,Cairo,Home,Coffee Maker,3,1800,0.1,Bank Transfer,Delivered,2026-06-18 01:00:00,4.0,4860.0,4860.0,6.0,2026-06,1,1
11940,C0674,2026-02-08 15:04:00,65.0,Female,Cairo,Home,Bedsheet,2,700,0.05,Mastercard,Pending,,,1330.0,1330.0,,2026-02,0,
18110,C0462,2026-05-30 23:11:00,37.0,Male,Cairo,Home,Lamp,3,300,0.0,Mastercard,Delivered,2026-06-01 23:11:00,5.0,900.0,900.0,2.0,2026-05,1,1
10824,C0730,2026-04-27 00:30:00,65.0,Female,Alexandria,Fashion,T-Shirt,4,500,0.0,Bank Transfer,Cancelled,,,2000.0,2000.0,,2026-04,0,
16019,C1299,2026-05-29 20:12:00,38.0,Male,Alexandria,Sports,Dumbbells,4,1400,0.1,Visa,Delivered,2026-06-01 20:12:00,4.0,5040.0,5040.0,3.0,2026-05,1,1
11660,C1275,2026-05-06 18:41:00,69.0,Male,Cairo,Home,Lamp,1,300,0.05,Mastercard,Delivered,2026-05-09 18:41:00,4.0,285.0,285.0,3.0,2026-05,1,1
14014,C1010,2026-05-06 17:25:00,66.0,Female,Cairo,Fashion,Jeans,1,900,0.15,Bank Transfer,Delivered,2026-05-08 17:25:00,5.0,765.0,765.0,2.0,2026-05,1,1
15489,C0843,2026-04-03 02:08:00,52.0,Female,Cairo,Fashion,Jeans,4,900,0.05,Mastercard,Pending,,,3420.0,3420.0,,2026-04,0,
10460,C0464,2026-06-21 22:40:00,28.0,Male,Giza,Beauty,Shampoo,4,250,0.1,Visa,Delivered,2026-06-24 22:40:00,5.0,900.0,900.0,3.0,2026-06,1,1
17410,C1082,2026-06-13 12:14:00,66.0,Female,Cairo,Fashion,Jacket,1,1200,0.1,Bank Transfer,Delivered,2026-06-16 12:14:00,4.0,1080.0,1080.0,3.0,2026-06,1,1
11427,C0819,2026-06-15 11:23:00,30.0,Male,Aswan,Sports,Running Shoes,4,1800,0.0,Cash,Delivered,2026-06-16 11:23:00,3.0,7200.0,7200.0,1.0,2026-06,1,0
19028,C1115,2026-02-14 19:51:00,62.0,Female,Alexandria,Beauty,Face Cream,3,450,0.1,Wallet,Delivered,2026-02-16 19:51:00,3.0,1215.0,1336.5,2.0,2026-02,1,0
14563,C1713,2026-02-24 08:56:00,39.0,Male,Cairo,Fashion,Shoes,1,1500,0.0,Wallet,Delivered,2026-03-02 08:56:00,5.0,1500.0,1500.0,6.0,2026-02,1,1
11712,C0625,2026-06-27 12:16:00,32.0,Male,Cairo,Fashion,Bag,2,750,0.0,Cash,Delivered,2026-06-30 12:16:00,5.0,1500.0,1500.0,3.0,2026-06,1,1
16621,C1453,2026-04-07 02:51:00,19.0,Female,Mansoura,Fashion,Unknown,1,900,0.05,Wallet,Pending,,,855.0,855.0,,2026-04,0,
10093,C1653,2026-04-16 21:20:00,44.0,Female,Cairo,Fashion,T-Shirt,1,500,0.1,Visa,Delivered,2026-04-20 21:20:00,5.0,450.0,450.0,4.0,2026-04,1,1
10796,C1729,2026-03-17 21:56:00,36.0,Female,Alexandria,Home,Coffee Maker,4,1800,0.15,Visa,Delivered,2026-03-19 21:56:00,4.0,6120.0,6120.0,2.0,2026-03,1,1
15888,C0720,2026-04-01 22:13:00,29.0,Female,Cairo,Beauty,Perfume,1,1100,0.1,Visa,Delivered,2026-04-03 22:13:00,3.0,990.0,990.0,2.0,2026-04,1,0
14390,C0002,2026-04-28 07:09:00,66.0,Female,Mansoura,Home,Lamp,1,300,0.1,Mastercard,Cancelled,,,270.0,270.0,,2026-04,0,
14392,C0047,2026-03-21 13:35:00,51.0,Female,Cairo,Fashion,Shoes,3,1500,0.0,Visa,Delivered,2026-03-24 13:35:00,4.0,4500.0,4500.0,3.0,2026-03,1,1
13004,C1273,2026-04-24 20:11:00,24.0,Male,Cairo,Sports,Dumbbells,1,1400,0.05,Wallet,Delivered,2026-04-30 20:11:00,4.0,1330.0,1330.0,6.0,2026-04,1,1
12215,C0680,2026-02-01 00:00:00,39.0,Male,Alexandria,Sports,Tennis Racket,4,1600,0.0,Visa,Pending,,,6400.0,6400.0,,2026-02,0,
14524,C1457,2026-03-20 15:08:00,38.0,Female,Tanta,Sports,Dumbbells,4,1400,0.0,Visa,Pending,,,5600.0,5600.0,,2026-03,0,
16157,C1919,2026-03-26 17:44:00,63.0,Female,Alexandria,Electronics,Headphones,1,850,0.05,Mastercard,Delivered,2026-03-28 17:44:00,3.0,807.5,807.5,2.0,2026-03,1,0
16606,C1432,2026-03-10 15:44:00,30.0,Female,Alexandria,Sports,Football,1,650,0.15,Mastercard,Delivered,2026-03-11 15:44:00,4.0,552.5,552.5,1.0,2026-03,1,1
11244,C1206,2026-01-03 18:31:00,22.0,Male,Alexandria,Electronics,Keyboard,2,900,0.1,Cash,Delivered,2026-01-06 18:31:00,4.0,1620.0,1620.0,3.0,2026-01,1,1
19765,C0756,2026-06-10 09:48:00,46.0,Female,Alexandria,Beauty,Makeup Kit,1,900,0.15,Mastercard,Delivered,2026-06-14 09:48:00,4.0,765.0,765.0,4.0,2026-06,1,1
12826,C0586,2026-05-15 13:57:00,18.0,Female,Cairo,Home,Blender,2,1200,0.0,Cash,Delivered,2026-05-20 13:57:00,4.0,2400.0,2400.0,5.0,2026-05,1,1
15546,C1482,2026-06-28 10:28:00,33.0,Male,Tanta,Sports,Football,4,650,0.0,Wallet,Delivered,2026-07-04 10:28:00,5.0,2600.0,2600.0,6.0,2026-06,1,1
17394,C1928,2026-04-25 01:33:00,61.0,Male,Giza,Electronics,Keyboard,1,900,0.0,Mastercard,Cancelled,,,900.0,900.0,,2026-04,0,
18048,C1711,2026-03-02 19:06:00,61.0,Male,Giza,Fashion,Bag,1,750,0.05,Cash,Delivered,2026-03-05 19:06:00,4.0,712.5,712.5,3.0,2026-03,1,1
14708,C1304,2026-06-17 18:32:00,45.0,Female,Cairo,Sports,Dumbbells,1,1400,0.15,Visa,Delivered,2026-06-18 18:32:00,4.0,1190.0,1190.0,1.0,2026-06,1,1
18716,C1482,2026-05-21 06:13:00,50.0,Male,Alexandria,Electronics,Laptop,1,18000,0.0,Wallet,Delivered,2026-05-26 06:13:00,4.0,18000.0,18000.0,5.0,2026-05,1,1
13953,C0694,2026-04-29 07:03:00,70.0,Male,Mansoura,Sports,Yoga Mat,1,600,0.0,Cash,Delivered,2026-05-05 07:03:00,4.0,600.0,600.0,6.0,2026-04,1,1
15904,C0671,2026-06-15 23:13:00,60.0,Male,Mansoura,Sports,Tennis Racket,1,1600,0.15,Cash,Cancelled,,,1360.0,1360.0,,2026-06,0,
18632,C0071,2026-05-06 05:35:00,49.0,Female,Cairo,Sports,Running Shoes,3,1800,0.0,Unknown,Pending,,,5400.0,5400.0,,2026-05,0,
13279,C0174,2026-03-15 04:30:00,41.0,Male,Tanta,Beauty,Face Cream,1,450,0.0,Visa,Delivered,2026-03-16 04:30:00,4.0,450.0,450.0,1.0,2026-03,1,1
19637,C1634,2026-02-19 18:56:00,44.0,Male,Giza,Electronics,Keyboard,1,900,0.05,Mastercard,Delivered,2026-02-23 18:56:00,5.0,855.0,855.0,4.0,2026-02,1,1
15509,C0793,2026-03-29 10:17:00,53.0,Female,Giza,Sports,Yoga Mat,4,600,0.0,Visa,Cancelled,,,2400.0,2400.0,,2026-03,0,
12039,C1444,,58.0,Female,Alexandria,Home,Blender,3,1200,0.0,Mastercard,Delivered,2026-01-05 21:21:00,5.0,3600.0,4528.0,,,1,1
12398,C1632,2026-05-01 17:13:00,60.0,Female,Cairo,Electronics,Smart Watch,4,2200,0.15,Cash,Pending,,,7480.0,7480.0,,2026-05,0,
13937,C0817,2026-03-25 08:07:00,53.0,Male,Alexandria,Sports,Running Shoes,1,1800,0.0,Cash,Pending,,,1800.0,1800.0,,2026-03,0,
17144,C0653,2026-01-06 06:25:00,61.0,Male,Cairo,Electronics,Mouse,3,450,0.1,Visa,Cancelled,,,1215.0,1215.0,,2026-01,0,
12319,C1454,2026-01-06 18:00:00,24.0,Male,Giza,Beauty,Makeup Kit,1,900,0.05,Bank Transfer,Delivered,2026-01-11 18:00:00,4.0,855.0,855.0,5.0,2026-01,1,1
10074,C1998,2026-02-22 07:39:00,68.0,Female,Cairo,Fashion,Jacket,1,1200,0.1,Mastercard,Delivered,2026-02-27 07:39:00,4.0,1080.0,1080.0,5.0,2026-02,1,1
10069,C0559,2026-01-01 13:37:00,54.0,Male,Cairo,Electronics,Smart Watch,2,2200,0.05,Visa,Delivered,2026-01-04 13:37:00,4.0,4180.0,4180.0,3.0,2026-01,1,1
16231,C0815,2026-06-21 09:02:00,27.0,Male,Cairo,Electronics,Smart Watch,2,2200,0.05,Cash,Delivered,2026-06-27 09:02:00,4.0,4180.0,4180.0,6.0,2026-06,1,1
11322,C1210,2026-01-15 08:16:00,40.0,Male,Mansoura,Electronics,Laptop,1,18000,0.0,Mastercard,Delivered,2026-01-16 08:16:00,4.0,18000.0,18000.0,1.0,2026-01,1,1
19110,C0609,2026-06-02 21:10:00,18.0,Male,Giza,Beauty,Perfume,4,1100,0.0,Visa,Delivered,2026-06-06 21:10:00,1.0,4400.0,4400.0,4.0,2026-06,1,0
16720,C0012,2026-01-16 20:42:00,69.0,Female,Tanta,Fashion,T-Shirt,2,500,0.1,Cash,Delivered,2026-01-19 20:42:00,5.0,900.0,900.0,3.0,2026-01,1,1
15966,C0075,2026-03-31 02:04:00,33.0,Female,Cairo,Sports,Running Shoes,2,1800,0.15,Cash,Delivered,2026-04-02 02:04:00,3.0,3060.0,3060.0,2.0,2026-03,1,0
17402,C1154,2026-02-15 14:35:00,61.0,Male,Giza,Electronics,Laptop,3,18000,0.1,Visa,Delivered,2026-02-21 14:35:00,5.0,48600.0,48600.0,6.0,2026-02,1,1
12679,C1511,2026-03-14 00:00:00,67.0,Male,Tanta,Sports,Tennis Racket,4,1600,0.05,Bank Transfer,Delivered,2026-03-19 13:04:00,5.0,6080.0,6080.0,5.544444444444444,2026-03,1,1
10023,C1046,2026-06-07 05:37:00,62.0,Female,Tanta,Electronics,Mouse,2,450,0.0,Wallet,Delivered,2026-06-12 05:37:00,3.0,900.0,855.0,5.0,2026-06,1,0
10480,C0169,2026-06-18 22:06:00,20.0,Male,Alexandria,Beauty,Shampoo,1,250,0.0,Visa,Delivered,2026-06-22 22:06:00,5.0,250.0,250.0,4.0,2026-06,1,1
16145,C0774,2026-04-08 20:31:00,37.0,Female,Cairo,Beauty,Hair Dryer,2,1300,0.0,Bank Transfer,Pending,,,2600.0,2600.0,,2026-04,0,
11566,C1493,2026-06-17 06:36:00,20.0,Female,Alexandria,Beauty,Face Cream,2,450,0.05,Cash,Delivered,2026-06-19 06:36:00,4.0,855.0,855.0,2.0,2026-06,1,1
11991,C1118,2026-03-13 03:28:00,30.0,Female,Cairo,Home,Chair,1,2500,0.2,Mastercard,Delivered,2026-03-14 03:28:00,4.0,2000.0,2000.0,1.0,2026-03,1,1
16820,C1495,2026-05-05 12:39:00,51.0,Female,Cairo,Fashion,Shoes,1,1500,0.1,Visa,Delivered,2026-05-11 12:39:00,3.0,1350.0,1350.0,6.0,2026-05,1,0
12413,C1796,2026-06-19 00:33:00,58.0,Male,Cairo,Beauty,Shampoo,4,250,0.1,Mastercard,Delivered,2026-06-23 00:33:00,5.0,900.0,900.0,4.0,2026-06,1,1
17259,C1358,2026-03-10 22:06:00,27.0,Male,Giza,Fashion,Jacket,3,1200,0.15,Cash,Delivered,2026-03-13 22:06:00,5.0,3060.0,3060.0,3.0,2026-03,1,1
